OccGroup,Score,Partner,n
2613 Software and Applications Programmers,65,0,792
2613 Software and Applications Programmers,65,5,564
2613 Software and Applications Programmers,65,10,1345
2613 Software and Applications Programmers,75,0,416
2613 Software and Applications Programmers,75,5,856
2613 Software and Applications Programmers,75,10,2748
2613 Software and Applications Programmers,70,0,483
2613 Software and Applications Programmers,70,5,1298
2613 Software and Applications Programmers,70,10,1572
2613 Software and Applications Programmers,80,0,178
2613 Software and Applications Programmers,80,5,935
2613 Software and Applications Programmers,80,10,2615
2613 Software and Applications Programmers,95,0,4
2613 Software and Applications Programmers,95,5,213
2613 Software and Applications Programmers,95,10,1908
2613 Software and Applications Programmers,90,0,45
2613 Software and Applications Programmers,90,5,423
2613 Software and Applications Programmers,90,10,3362
2613 Software and Applications Programmers,85,0,85
2613 Software and Applications Programmers,85,5,836
2613 Software and Applications Programmers,85,10,2708
2613 Software and Applications Programmers,55,0,220
2613 Software and Applications Programmers,55,5,85
2613 Software and Applications Programmers,55,10,114
2613 Software and Applications Programmers,60,0,281
2613 Software and Applications Programmers,60,5,327
2613 Software and Applications Programmers,60,10,286
2613 Software and Applications Programmers,50,0,97
2613 Software and Applications Programmers,50,5,38
2613 Software and Applications Programmers,50,10,25
2613 Software and Applications Programmers,110,10,13
2613 Software and Applications Programmers,100,0,3
2613 Software and Applications Programmers,100,5,20
2613 Software and Applications Programmers,100,10,806
2613 Software and Applications Programmers,105,5,4
2613 Software and Applications Programmers,105,10,104
2613 Software and Applications Programmers,40,0,9
2613 Software and Applications Programmers,40,5,2
2613 Software and Applications Programmers,45,0,26
2613 Software and Applications Programmers,45,5,13
2613 Software and Applications Programmers,45,10,9
2613 Software and Applications Programmers,30,0,2
2613 Software and Applications Programmers,30,10,5
2613 Software and Applications Programmers,25,0,1
2613 Software and Applications Programmers,25,10,1
2613 Software and Applications Programmers,120,10,2
2613 Software and Applications Programmers,115,10,1
2613 Software and Applications Programmers,125,10,1
2613 Software and Applications Programmers,35,0,2
3212 Motor Mechanics,65,0,62
3212 Motor Mechanics,65,5,148
3212 Motor Mechanics,65,10,519
3212 Motor Mechanics,75,0,16
3212 Motor Mechanics,75,5,93
3212 Motor Mechanics,75,10,476
3212 Motor Mechanics,70,0,47
3212 Motor Mechanics,70,5,127
3212 Motor Mechanics,70,10,578
3212 Motor Mechanics,80,0,5
3212 Motor Mechanics,80,5,67
3212 Motor Mechanics,80,10,288
3212 Motor Mechanics,95,5,1
3212 Motor Mechanics,95,10,20
3212 Motor Mechanics,90,5,7
3212 Motor Mechanics,90,10,54
3212 Motor Mechanics,85,0,3
3212 Motor Mechanics,85,5,17
3212 Motor Mechanics,85,10,120
3212 Motor Mechanics,55,0,61
3212 Motor Mechanics,55,5,53
3212 Motor Mechanics,55,10,42
3212 Motor Mechanics,60,0,57
3212 Motor Mechanics,60,5,75
3212 Motor Mechanics,60,10,236
3212 Motor Mechanics,50,0,37
3212 Motor Mechanics,50,5,6
3212 Motor Mechanics,50,10,7
3212 Motor Mechanics,100,10,2
3212 Motor Mechanics,40,0,2
3212 Motor Mechanics,40,5,1
3212 Motor Mechanics,45,0,13
3212 Motor Mechanics,45,5,1
3212 Motor Mechanics,45,10,1
3212 Motor Mechanics,30,0,1
3212 Motor Mechanics,125,10,1
3212 Motor Mechanics,35,0,2
2332 Civil Engineering Professionals,65,0,371
2332 Civil Engineering Professionals,65,5,344
2332 Civil Engineering Professionals,65,10,1209
2332 Civil Engineering Professionals,75,0,112
2332 Civil Engineering Professionals,75,5,413
2332 Civil Engineering Professionals,75,10,1476
2332 Civil Engineering Professionals,70,0,221
2332 Civil Engineering Professionals,70,5,557
2332 Civil Engineering Professionals,70,10,1289
2332 Civil Engineering Professionals,80,0,56
2332 Civil Engineering Professionals,80,5,268
2332 Civil Engineering Professionals,80,10,1298
2332 Civil Engineering Professionals,95,0,2
2332 Civil Engineering Professionals,95,5,18
2332 Civil Engineering Professionals,95,10,209
2332 Civil Engineering Professionals,90,0,6
2332 Civil Engineering Professionals,90,5,80
2332 Civil Engineering Professionals,90,10,587
2332 Civil Engineering Professionals,85,0,12
2332 Civil Engineering Professionals,85,5,202
2332 Civil Engineering Professionals,85,10,1051
2332 Civil Engineering Professionals,55,0,154
2332 Civil Engineering Professionals,55,5,86
2332 Civil Engineering Professionals,55,10,147
2332 Civil Engineering Professionals,60,0,144
2332 Civil Engineering Professionals,60,5,171
2332 Civil Engineering Professionals,60,10,359
2332 Civil Engineering Professionals,50,0,70
2332 Civil Engineering Professionals,50,5,23
2332 Civil Engineering Professionals,50,10,41
2332 Civil Engineering Professionals,110,10,3
2332 Civil Engineering Professionals,100,5,8
2332 Civil Engineering Professionals,100,10,42
2332 Civil Engineering Professionals,105,10,4
2332 Civil Engineering Professionals,40,0,5
2332 Civil Engineering Professionals,40,10,2
2332 Civil Engineering Professionals,45,0,25
2332 Civil Engineering Professionals,45,5,8
2332 Civil Engineering Professionals,45,10,8
2332 Civil Engineering Professionals,30,0,1
2332 Civil Engineering Professionals,25,0,1
2332 Civil Engineering Professionals,120,10,1
2332 Civil Engineering Professionals,35,0,2
2332 Civil Engineering Professionals,35,10,1
2411 Early Childhood (Pre-primary School) Teachers,65,0,517
2411 Early Childhood (Pre-primary School) Teachers,65,5,481
2411 Early Childhood (Pre-primary School) Teachers,65,10,868
2411 Early Childhood (Pre-primary School) Teachers,75,0,192
2411 Early Childhood (Pre-primary School) Teachers,75,5,464
2411 Early Childhood (Pre-primary School) Teachers,75,10,1823
2411 Early Childhood (Pre-primary School) Teachers,70,0,297
2411 Early Childhood (Pre-primary School) Teachers,70,5,587
2411 Early Childhood (Pre-primary School) Teachers,70,10,1798
2411 Early Childhood (Pre-primary School) Teachers,80,0,68
2411 Early Childhood (Pre-primary School) Teachers,80,5,473
2411 Early Childhood (Pre-primary School) Teachers,80,10,1473
2411 Early Childhood (Pre-primary School) Teachers,95,5,1
2411 Early Childhood (Pre-primary School) Teachers,95,10,10
2411 Early Childhood (Pre-primary School) Teachers,90,5,7
2411 Early Childhood (Pre-primary School) Teachers,90,10,367
2411 Early Childhood (Pre-primary School) Teachers,85,0,3
2411 Early Childhood (Pre-primary School) Teachers,85,5,166
2411 Early Childhood (Pre-primary School) Teachers,85,10,1829
2411 Early Childhood (Pre-primary School) Teachers,55,0,104
2411 Early Childhood (Pre-primary School) Teachers,55,5,78
2411 Early Childhood (Pre-primary School) Teachers,55,10,104
2411 Early Childhood (Pre-primary School) Teachers,60,0,266
2411 Early Childhood (Pre-primary School) Teachers,60,5,106
2411 Early Childhood (Pre-primary School) Teachers,60,10,432
2411 Early Childhood (Pre-primary School) Teachers,50,0,97
2411 Early Childhood (Pre-primary School) Teachers,50,5,18
2411 Early Childhood (Pre-primary School) Teachers,50,10,6
2411 Early Childhood (Pre-primary School) Teachers,40,0,2
2411 Early Childhood (Pre-primary School) Teachers,40,5,1
2411 Early Childhood (Pre-primary School) Teachers,40,10,2
2411 Early Childhood (Pre-primary School) Teachers,45,0,18
2411 Early Childhood (Pre-primary School) Teachers,45,5,1
2411 Early Childhood (Pre-primary School) Teachers,45,10,4
2411 Early Childhood (Pre-primary School) Teachers,30,0,1
2411 Early Childhood (Pre-primary School) Teachers,125,10,1
2411 Early Childhood (Pre-primary School) Teachers,35,0,1
2611 ICT Business and Systems Analysts,65,0,407
2611 ICT Business and Systems Analysts,65,5,284
2611 ICT Business and Systems Analysts,65,10,642
2611 ICT Business and Systems Analysts,75,0,236
2611 ICT Business and Systems Analysts,75,5,566
2611 ICT Business and Systems Analysts,75,10,1262
2611 ICT Business and Systems Analysts,70,0,317
2611 ICT Business and Systems Analysts,70,5,535
2611 ICT Business and Systems Analysts,70,10,803
2611 ICT Business and Systems Analysts,80,0,155
2611 ICT Business and Systems Analysts,80,5,445
2611 ICT Business and Systems Analysts,80,10,1401
2611 ICT Business and Systems Analysts,95,0,1
2611 ICT Business and Systems Analysts,95,5,143
2611 ICT Business and Systems Analysts,95,10,964
2611 ICT Business and Systems Analysts,90,0,21
2611 ICT Business and Systems Analysts,90,5,241
2611 ICT Business and Systems Analysts,90,10,1664
2611 ICT Business and Systems Analysts,85,0,97
2611 ICT Business and Systems Analysts,85,5,455
2611 ICT Business and Systems Analysts,85,10,1320
2611 ICT Business and Systems Analysts,55,0,112
2611 ICT Business and Systems Analysts,55,5,48
2611 ICT Business and Systems Analysts,55,10,36
2611 ICT Business and Systems Analysts,60,0,141
2611 ICT Business and Systems Analysts,60,5,146
2611 ICT Business and Systems Analysts,60,10,110
2611 ICT Business and Systems Analysts,50,0,28
2611 ICT Business and Systems Analysts,50,5,21
2611 ICT Business and Systems Analysts,50,10,11
2611 ICT Business and Systems Analysts,110,10,4
2611 ICT Business and Systems Analysts,100,5,12
2611 ICT Business and Systems Analysts,100,10,396
2611 ICT Business and Systems Analysts,105,10,22
2611 ICT Business and Systems Analysts,40,0,7
2611 ICT Business and Systems Analysts,40,5,1
2611 ICT Business and Systems Analysts,45,0,16
2611 ICT Business and Systems Analysts,45,5,7
2611 ICT Business and Systems Analysts,45,10,2
2611 ICT Business and Systems Analysts,30,5,1
2211 Accountants,65,0,556
2211 Accountants,65,5,425
2211 Accountants,65,10,472
2211 Accountants,75,0,209
2211 Accountants,75,5,435
2211 Accountants,75,10,1439
2211 Accountants,70,0,382
2211 Accountants,70,5,509
2211 Accountants,70,10,1170
2211 Accountants,80,0,85
2211 Accountants,80,5,390
2211 Accountants,80,10,1260
2211 Accountants,95,5,57
2211 Accountants,95,10,482
2211 Accountants,90,0,10
2211 Accountants,90,5,119
2211 Accountants,90,10,844
2211 Accountants,85,0,25
2211 Accountants,85,5,231
2211 Accountants,85,10,1249
2211 Accountants,55,0,78
2211 Accountants,55,5,45
2211 Accountants,55,10,33
2211 Accountants,60,0,221
2211 Accountants,60,5,111
2211 Accountants,60,10,76
2211 Accountants,50,0,22
2211 Accountants,50,5,9
2211 Accountants,50,10,35
2211 Accountants,110,10,2
2211 Accountants,100,5,2
2211 Accountants,100,10,174
2211 Accountants,105,10,11
2211 Accountants,40,0,2
2211 Accountants,40,5,1
2211 Accountants,45,0,8
2211 Accountants,45,5,3
2211 Accountants,45,10,2
2211 Accountants,115,10,1
2211 Accountants,35,0,3
2211 Accountants,35,10,1
2344 Geologists Geophysicists and Hydrogeologists,65,0,10
2344 Geologists Geophysicists and Hydrogeologists,65,5,8
2344 Geologists Geophysicists and Hydrogeologists,65,10,2
2344 Geologists Geophysicists and Hydrogeologists,75,5,11
2344 Geologists Geophysicists and Hydrogeologists,75,10,12
2344 Geologists Geophysicists and Hydrogeologists,70,0,3
2344 Geologists Geophysicists and Hydrogeologists,70,5,6
2344 Geologists Geophysicists and Hydrogeologists,70,10,10
2344 Geologists Geophysicists and Hydrogeologists,80,10,10
2344 Geologists Geophysicists and Hydrogeologists,90,0,1
2344 Geologists Geophysicists and Hydrogeologists,90,10,5
2344 Geologists Geophysicists and Hydrogeologists,85,10,3
2344 Geologists Geophysicists and Hydrogeologists,55,0,4
2344 Geologists Geophysicists and Hydrogeologists,55,5,3
2344 Geologists Geophysicists and Hydrogeologists,55,10,1
2344 Geologists Geophysicists and Hydrogeologists,60,0,3
2344 Geologists Geophysicists and Hydrogeologists,60,5,6
2344 Geologists Geophysicists and Hydrogeologists,60,10,3
"2621 Database and Systems Administrators, and ICT Security Specialists",65,0,102
"2621 Database and Systems Administrators, and ICT Security Specialists",65,5,64
"2621 Database and Systems Administrators, and ICT Security Specialists",65,10,181
"2621 Database and Systems Administrators, and ICT Security Specialists",75,0,68
"2621 Database and Systems Administrators, and ICT Security Specialists",75,5,120
"2621 Database and Systems Administrators, and ICT Security Specialists",75,10,332
"2621 Database and Systems Administrators, and ICT Security Specialists",70,0,81
"2621 Database and Systems Administrators, and ICT Security Specialists",70,5,144
"2621 Database and Systems Administrators, and ICT Security Specialists",70,10,194
"2621 Database and Systems Administrators, and ICT Security Specialists",80,0,46
"2621 Database and Systems Administrators, and ICT Security Specialists",80,5,98
"2621 Database and Systems Administrators, and ICT Security Specialists",80,10,367
"2621 Database and Systems Administrators, and ICT Security Specialists",95,5,29
"2621 Database and Systems Administrators, and ICT Security Specialists",95,10,182
"2621 Database and Systems Administrators, and ICT Security Specialists",90,0,6
"2621 Database and Systems Administrators, and ICT Security Specialists",90,5,34
"2621 Database and Systems Administrators, and ICT Security Specialists",90,10,362
"2621 Database and Systems Administrators, and ICT Security Specialists",85,0,14
"2621 Database and Systems Administrators, and ICT Security Specialists",85,5,132
"2621 Database and Systems Administrators, and ICT Security Specialists",85,10,346
"2621 Database and Systems Administrators, and ICT Security Specialists",55,0,25
"2621 Database and Systems Administrators, and ICT Security Specialists",55,5,18
"2621 Database and Systems Administrators, and ICT Security Specialists",55,10,15
"2621 Database and Systems Administrators, and ICT Security Specialists",60,0,41
"2621 Database and Systems Administrators, and ICT Security Specialists",60,5,30
"2621 Database and Systems Administrators, and ICT Security Specialists",60,10,22
"2621 Database and Systems Administrators, and ICT Security Specialists",50,0,10
"2621 Database and Systems Administrators, and ICT Security Specialists",50,5,7
"2621 Database and Systems Administrators, and ICT Security Specialists",50,10,2
"2621 Database and Systems Administrators, and ICT Security Specialists",110,10,1
"2621 Database and Systems Administrators, and ICT Security Specialists",100,5,2
"2621 Database and Systems Administrators, and ICT Security Specialists",100,10,70
"2621 Database and Systems Administrators, and ICT Security Specialists",105,10,5
"2621 Database and Systems Administrators, and ICT Security Specialists",40,0,1
"2621 Database and Systems Administrators, and ICT Security Specialists",45,0,5
"2212 Auditors, Company Secretaries and Corporate Treasurers",65,0,198
"2212 Auditors, Company Secretaries and Corporate Treasurers",65,5,178
"2212 Auditors, Company Secretaries and Corporate Treasurers",65,10,241
"2212 Auditors, Company Secretaries and Corporate Treasurers",75,0,54
"2212 Auditors, Company Secretaries and Corporate Treasurers",75,5,172
"2212 Auditors, Company Secretaries and Corporate Treasurers",75,10,477
"2212 Auditors, Company Secretaries and Corporate Treasurers",70,0,86
"2212 Auditors, Company Secretaries and Corporate Treasurers",70,5,201
"2212 Auditors, Company Secretaries and Corporate Treasurers",70,10,445
"2212 Auditors, Company Secretaries and Corporate Treasurers",80,0,25
"2212 Auditors, Company Secretaries and Corporate Treasurers",80,5,156
"2212 Auditors, Company Secretaries and Corporate Treasurers",80,10,472
"2212 Auditors, Company Secretaries and Corporate Treasurers",95,5,5
"2212 Auditors, Company Secretaries and Corporate Treasurers",95,10,90
"2212 Auditors, Company Secretaries and Corporate Treasurers",90,0,1
"2212 Auditors, Company Secretaries and Corporate Treasurers",90,5,21
"2212 Auditors, Company Secretaries and Corporate Treasurers",90,10,387
"2212 Auditors, Company Secretaries and Corporate Treasurers",85,0,6
"2212 Auditors, Company Secretaries and Corporate Treasurers",85,5,60
"2212 Auditors, Company Secretaries and Corporate Treasurers",85,10,573
"2212 Auditors, Company Secretaries and Corporate Treasurers",55,0,32
"2212 Auditors, Company Secretaries and Corporate Treasurers",55,5,10
"2212 Auditors, Company Secretaries and Corporate Treasurers",55,10,16
"2212 Auditors, Company Secretaries and Corporate Treasurers",60,0,56
"2212 Auditors, Company Secretaries and Corporate Treasurers",60,5,65
"2212 Auditors, Company Secretaries and Corporate Treasurers",60,10,30
"2212 Auditors, Company Secretaries and Corporate Treasurers",50,0,7
"2212 Auditors, Company Secretaries and Corporate Treasurers",50,5,6
"2212 Auditors, Company Secretaries and Corporate Treasurers",50,10,11
"2212 Auditors, Company Secretaries and Corporate Treasurers",100,10,18
"2212 Auditors, Company Secretaries and Corporate Treasurers",105,10,1
"2212 Auditors, Company Secretaries and Corporate Treasurers",40,5,1
"2212 Auditors, Company Secretaries and Corporate Treasurers",45,0,4
"2212 Auditors, Company Secretaries and Corporate Treasurers",45,5,1
2345 Life Scientists,65,0,48
2345 Life Scientists,65,5,43
2345 Life Scientists,65,10,120
2345 Life Scientists,75,0,28
2345 Life Scientists,75,5,48
2345 Life Scientists,75,10,179
2345 Life Scientists,70,0,37
2345 Life Scientists,70,5,63
2345 Life Scientists,70,10,110
2345 Life Scientists,80,0,18
2345 Life Scientists,80,5,38
2345 Life Scientists,80,10,128
2345 Life Scientists,95,0,2
2345 Life Scientists,95,5,14
2345 Life Scientists,95,10,37
2345 Life Scientists,90,0,1
2345 Life Scientists,90,5,36
2345 Life Scientists,90,10,122
2345 Life Scientists,85,0,10
2345 Life Scientists,85,5,43
2345 Life Scientists,85,10,144
2345 Life Scientists,55,0,15
2345 Life Scientists,55,5,15
2345 Life Scientists,55,10,21
2345 Life Scientists,60,0,19
2345 Life Scientists,60,5,20
2345 Life Scientists,60,10,41
2345 Life Scientists,50,0,6
2345 Life Scientists,50,5,2
2345 Life Scientists,50,10,1
2345 Life Scientists,110,10,2
2345 Life Scientists,100,5,3
2345 Life Scientists,100,10,10
2345 Life Scientists,105,10,6
2345 Life Scientists,45,0,8
2345 Life Scientists,45,5,2
2345 Life Scientists,45,10,1
"2335 Industrial, Mechanical and Production Engineers",65,0,378
"2335 Industrial, Mechanical and Production Engineers",65,5,231
"2335 Industrial, Mechanical and Production Engineers",65,10,830
"2335 Industrial, Mechanical and Production Engineers",75,0,116
"2335 Industrial, Mechanical and Production Engineers",75,5,314
"2335 Industrial, Mechanical and Production Engineers",75,10,1186
"2335 Industrial, Mechanical and Production Engineers",70,0,142
"2335 Industrial, Mechanical and Production Engineers",70,5,462
"2335 Industrial, Mechanical and Production Engineers",70,10,859
"2335 Industrial, Mechanical and Production Engineers",80,0,51
"2335 Industrial, Mechanical and Production Engineers",80,5,281
"2335 Industrial, Mechanical and Production Engineers",80,10,918
"2335 Industrial, Mechanical and Production Engineers",95,0,3
"2335 Industrial, Mechanical and Production Engineers",95,5,20
"2335 Industrial, Mechanical and Production Engineers",95,10,222
"2335 Industrial, Mechanical and Production Engineers",90,0,13
"2335 Industrial, Mechanical and Production Engineers",90,5,83
"2335 Industrial, Mechanical and Production Engineers",90,10,595
"2335 Industrial, Mechanical and Production Engineers",85,0,17
"2335 Industrial, Mechanical and Production Engineers",85,5,241
"2335 Industrial, Mechanical and Production Engineers",85,10,916
"2335 Industrial, Mechanical and Production Engineers",55,0,146
"2335 Industrial, Mechanical and Production Engineers",55,5,44
"2335 Industrial, Mechanical and Production Engineers",55,10,134
"2335 Industrial, Mechanical and Production Engineers",60,0,123
"2335 Industrial, Mechanical and Production Engineers",60,5,222
"2335 Industrial, Mechanical and Production Engineers",60,10,303
"2335 Industrial, Mechanical and Production Engineers",50,0,61
"2335 Industrial, Mechanical and Production Engineers",50,5,31
"2335 Industrial, Mechanical and Production Engineers",50,10,26
"2335 Industrial, Mechanical and Production Engineers",100,5,8
"2335 Industrial, Mechanical and Production Engineers",100,10,44
"2335 Industrial, Mechanical and Production Engineers",105,10,3
"2335 Industrial, Mechanical and Production Engineers",40,0,8
"2335 Industrial, Mechanical and Production Engineers",40,5,1
"2335 Industrial, Mechanical and Production Engineers",40,10,3
"2335 Industrial, Mechanical and Production Engineers",45,0,30
"2335 Industrial, Mechanical and Production Engineers",45,5,5
"2335 Industrial, Mechanical and Production Engineers",45,10,2
"2335 Industrial, Mechanical and Production Engineers",30,0,2
"2335 Industrial, Mechanical and Production Engineers",25,0,1
"2335 Industrial, Mechanical and Production Engineers",35,0,3
"2335 Industrial, Mechanical and Production Engineers",35,5,1
2339 Other Engineering Professionals,65,0,258
2339 Other Engineering Professionals,65,5,270
2339 Other Engineering Professionals,65,10,854
2339 Other Engineering Professionals,75,0,90
2339 Other Engineering Professionals,75,5,293
2339 Other Engineering Professionals,75,10,1014
2339 Other Engineering Professionals,70,0,142
2339 Other Engineering Professionals,70,5,424
2339 Other Engineering Professionals,70,10,884
2339 Other Engineering Professionals,80,0,38
2339 Other Engineering Professionals,80,5,239
2339 Other Engineering Professionals,80,10,978
2339 Other Engineering Professionals,95,0,1
2339 Other Engineering Professionals,95,5,34
2339 Other Engineering Professionals,95,10,228
2339 Other Engineering Professionals,90,0,5
2339 Other Engineering Professionals,90,5,43
2339 Other Engineering Professionals,90,10,592
2339 Other Engineering Professionals,85,0,18
2339 Other Engineering Professionals,85,5,171
2339 Other Engineering Professionals,85,10,967
2339 Other Engineering Professionals,55,0,133
2339 Other Engineering Professionals,55,5,71
2339 Other Engineering Professionals,55,10,160
2339 Other Engineering Professionals,60,0,111
2339 Other Engineering Professionals,60,5,178
2339 Other Engineering Professionals,60,10,314
2339 Other Engineering Professionals,50,0,64
2339 Other Engineering Professionals,50,5,20
2339 Other Engineering Professionals,50,10,37
2339 Other Engineering Professionals,100,5,5
2339 Other Engineering Professionals,100,10,79
2339 Other Engineering Professionals,105,5,1
2339 Other Engineering Professionals,105,10,13
2339 Other Engineering Professionals,40,0,6
2339 Other Engineering Professionals,40,10,1
2339 Other Engineering Professionals,45,0,37
2339 Other Engineering Professionals,45,5,6
2339 Other Engineering Professionals,45,10,3
2339 Other Engineering Professionals,30,0,3
2339 Other Engineering Professionals,30,5,1
2339 Other Engineering Professionals,35,0,2
2339 Other Engineering Professionals,35,5,1
2341 Agricultural and Forestry Scientists,65,0,67
2341 Agricultural and Forestry Scientists,65,5,67
2341 Agricultural and Forestry Scientists,65,10,216
2341 Agricultural and Forestry Scientists,75,0,28
2341 Agricultural and Forestry Scientists,75,5,35
2341 Agricultural and Forestry Scientists,75,10,134
2341 Agricultural and Forestry Scientists,70,0,48
2341 Agricultural and Forestry Scientists,70,5,57
2341 Agricultural and Forestry Scientists,70,10,143
2341 Agricultural and Forestry Scientists,80,0,11
2341 Agricultural and Forestry Scientists,80,5,33
2341 Agricultural and Forestry Scientists,80,10,100
2341 Agricultural and Forestry Scientists,95,0,2
2341 Agricultural and Forestry Scientists,95,5,3
2341 Agricultural and Forestry Scientists,95,10,10
2341 Agricultural and Forestry Scientists,90,0,1
2341 Agricultural and Forestry Scientists,90,5,8
2341 Agricultural and Forestry Scientists,90,10,14
2341 Agricultural and Forestry Scientists,85,0,4
2341 Agricultural and Forestry Scientists,85,5,13
2341 Agricultural and Forestry Scientists,85,10,33
2341 Agricultural and Forestry Scientists,55,0,19
2341 Agricultural and Forestry Scientists,55,5,6
2341 Agricultural and Forestry Scientists,55,10,19
2341 Agricultural and Forestry Scientists,60,0,27
2341 Agricultural and Forestry Scientists,60,5,31
2341 Agricultural and Forestry Scientists,60,10,35
2341 Agricultural and Forestry Scientists,50,0,10
2341 Agricultural and Forestry Scientists,50,5,9
2341 Agricultural and Forestry Scientists,50,10,5
2341 Agricultural and Forestry Scientists,100,10,4
2341 Agricultural and Forestry Scientists,40,10,1
2341 Agricultural and Forestry Scientists,45,0,6
2341 Agricultural and Forestry Scientists,45,10,1
2341 Agricultural and Forestry Scientists,30,0,1
2544 Registered Nurses,65,0,1334
2544 Registered Nurses,65,5,726
2544 Registered Nurses,65,10,1267
2544 Registered Nurses,75,0,250
2544 Registered Nurses,75,5,965
2544 Registered Nurses,75,10,2612
2544 Registered Nurses,70,0,540
2544 Registered Nurses,70,5,1219
2544 Registered Nurses,70,10,2093
2544 Registered Nurses,80,0,78
2544 Registered Nurses,80,5,256
2544 Registered Nurses,80,10,885
2544 Registered Nurses,95,5,1
2544 Registered Nurses,95,10,4
2544 Registered Nurses,90,5,2
2544 Registered Nurses,90,10,51
2544 Registered Nurses,85,0,1
2544 Registered Nurses,85,5,62
2544 Registered Nurses,85,10,250
2544 Registered Nurses,55,0,330
2544 Registered Nurses,55,5,97
2544 Registered Nurses,55,10,111
2544 Registered Nurses,60,0,443
2544 Registered Nurses,60,5,272
2544 Registered Nurses,60,10,327
2544 Registered Nurses,50,0,125
2544 Registered Nurses,50,5,40
2544 Registered Nurses,50,10,21
2544 Registered Nurses,110,10,1
2544 Registered Nurses,100,10,2
2544 Registered Nurses,105,5,1
2544 Registered Nurses,40,0,23
2544 Registered Nurses,40,5,2
2544 Registered Nurses,40,10,1
2544 Registered Nurses,45,0,44
2544 Registered Nurses,45,5,10
2544 Registered Nurses,45,10,7
2544 Registered Nurses,30,0,1
2544 Registered Nurses,120,10,1
2544 Registered Nurses,35,0,8
2544 Registered Nurses,35,5,3
3513 Chefs,65,0,446
3513 Chefs,65,5,397
3513 Chefs,65,10,1600
3513 Chefs,75,0,174
3513 Chefs,75,5,353
3513 Chefs,75,10,1495
3513 Chefs,70,0,409
3513 Chefs,70,5,465
3513 Chefs,70,10,1565
3513 Chefs,80,0,69
3513 Chefs,80,5,170
3513 Chefs,80,10,893
3513 Chefs,95,5,6
3513 Chefs,95,10,66
3513 Chefs,90,0,1
3513 Chefs,90,5,48
3513 Chefs,90,10,217
3513 Chefs,85,0,18
3513 Chefs,85,5,119
3513 Chefs,85,10,405
3513 Chefs,55,0,322
3513 Chefs,55,5,84
3513 Chefs,55,10,144
3513 Chefs,60,0,358
3513 Chefs,60,5,257
3513 Chefs,60,10,629
3513 Chefs,50,0,177
3513 Chefs,50,5,14
3513 Chefs,50,10,21
3513 Chefs,100,10,8
3513 Chefs,105,10,3
3513 Chefs,40,0,5
3513 Chefs,40,10,3
3513 Chefs,45,0,35
3513 Chefs,45,5,8
3513 Chefs,45,10,9
3513 Chefs,30,10,1
3513 Chefs,35,0,3
2334 Electronics Engineers,65,0,96
2334 Electronics Engineers,65,5,85
2334 Electronics Engineers,65,10,274
2334 Electronics Engineers,75,0,27
2334 Electronics Engineers,75,5,101
2334 Electronics Engineers,75,10,296
2334 Electronics Engineers,70,0,64
2334 Electronics Engineers,70,5,121
2334 Electronics Engineers,70,10,229
2334 Electronics Engineers,80,0,16
2334 Electronics Engineers,80,5,92
2334 Electronics Engineers,80,10,233
2334 Electronics Engineers,95,0,1
2334 Electronics Engineers,95,5,14
2334 Electronics Engineers,95,10,287
2334 Electronics Engineers,90,0,1
2334 Electronics Engineers,90,5,12
2334 Electronics Engineers,90,10,142
2334 Electronics Engineers,85,0,3
2334 Electronics Engineers,85,5,62
2334 Electronics Engineers,85,10,230
2334 Electronics Engineers,55,0,69
2334 Electronics Engineers,55,5,20
2334 Electronics Engineers,55,10,38
2334 Electronics Engineers,60,0,48
2334 Electronics Engineers,60,5,57
2334 Electronics Engineers,60,10,101
2334 Electronics Engineers,50,0,23
2334 Electronics Engineers,50,5,6
2334 Electronics Engineers,50,10,12
2334 Electronics Engineers,100,10,5
2334 Electronics Engineers,40,0,4
2334 Electronics Engineers,40,10,2
2334 Electronics Engineers,45,0,5
2334 Electronics Engineers,45,5,5
2334 Electronics Engineers,25,10,1
2334 Electronics Engineers,35,10,1
3232 Metal Fitters and Machinists,65,0,16
3232 Metal Fitters and Machinists,65,5,22
3232 Metal Fitters and Machinists,65,10,34
3232 Metal Fitters and Machinists,75,0,4
3232 Metal Fitters and Machinists,75,5,6
3232 Metal Fitters and Machinists,75,10,32
3232 Metal Fitters and Machinists,70,0,10
3232 Metal Fitters and Machinists,70,5,16
3232 Metal Fitters and Machinists,70,10,44
3232 Metal Fitters and Machinists,80,0,2
3232 Metal Fitters and Machinists,80,5,6
3232 Metal Fitters and Machinists,80,10,7
3232 Metal Fitters and Machinists,85,0,1
3232 Metal Fitters and Machinists,85,10,3
3232 Metal Fitters and Machinists,55,0,8
3232 Metal Fitters and Machinists,55,5,16
3232 Metal Fitters and Machinists,55,10,13
3232 Metal Fitters and Machinists,60,0,17
3232 Metal Fitters and Machinists,60,5,25
3232 Metal Fitters and Machinists,60,10,40
3232 Metal Fitters and Machinists,50,0,35
3232 Metal Fitters and Machinists,50,5,6
3232 Metal Fitters and Machinists,50,10,8
3232 Metal Fitters and Machinists,40,0,4
3232 Metal Fitters and Machinists,40,10,2
3232 Metal Fitters and Machinists,45,0,10
3232 Metal Fitters and Machinists,45,5,1
3232 Metal Fitters and Machinists,30,0,1
3232 Metal Fitters and Machinists,35,0,2
2631 Computer Network Professionals,65,0,140
2631 Computer Network Professionals,65,5,77
2631 Computer Network Professionals,65,10,196
2631 Computer Network Professionals,75,0,63
2631 Computer Network Professionals,75,5,127
2631 Computer Network Professionals,75,10,450
2631 Computer Network Professionals,70,0,84
2631 Computer Network Professionals,70,5,186
2631 Computer Network Professionals,70,10,217
2631 Computer Network Professionals,80,0,45
2631 Computer Network Professionals,80,5,135
2631 Computer Network Professionals,80,10,368
2631 Computer Network Professionals,95,5,36
2631 Computer Network Professionals,95,10,210
2631 Computer Network Professionals,90,0,12
2631 Computer Network Professionals,90,5,95
2631 Computer Network Professionals,90,10,382
2631 Computer Network Professionals,85,0,17
2631 Computer Network Professionals,85,5,131
2631 Computer Network Professionals,85,10,365
2631 Computer Network Professionals,55,0,47
2631 Computer Network Professionals,55,5,12
2631 Computer Network Professionals,55,10,23
2631 Computer Network Professionals,60,0,55
2631 Computer Network Professionals,60,5,44
2631 Computer Network Professionals,60,10,42
2631 Computer Network Professionals,50,0,20
2631 Computer Network Professionals,50,5,5
2631 Computer Network Professionals,50,10,1
2631 Computer Network Professionals,100,5,3
2631 Computer Network Professionals,100,10,126
2631 Computer Network Professionals,105,5,1
2631 Computer Network Professionals,105,10,5
2631 Computer Network Professionals,40,0,2
2631 Computer Network Professionals,40,5,1
2631 Computer Network Professionals,40,10,1
2631 Computer Network Professionals,45,0,12
2631 Computer Network Professionals,45,10,1
2631 Computer Network Professionals,30,0,2
2631 Computer Network Professionals,35,0,2
"2342 Chemists, and Food and Wine Scientists",65,0,89
"2342 Chemists, and Food and Wine Scientists",65,5,36
"2342 Chemists, and Food and Wine Scientists",65,10,156
"2342 Chemists, and Food and Wine Scientists",75,0,34
"2342 Chemists, and Food and Wine Scientists",75,5,60
"2342 Chemists, and Food and Wine Scientists",75,10,181
"2342 Chemists, and Food and Wine Scientists",70,0,29
"2342 Chemists, and Food and Wine Scientists",70,5,77
"2342 Chemists, and Food and Wine Scientists",70,10,119
"2342 Chemists, and Food and Wine Scientists",80,0,12
"2342 Chemists, and Food and Wine Scientists",80,5,55
"2342 Chemists, and Food and Wine Scientists",80,10,144
"2342 Chemists, and Food and Wine Scientists",95,0,1
"2342 Chemists, and Food and Wine Scientists",95,5,2
"2342 Chemists, and Food and Wine Scientists",95,10,12
"2342 Chemists, and Food and Wine Scientists",90,5,3
"2342 Chemists, and Food and Wine Scientists",90,10,44
"2342 Chemists, and Food and Wine Scientists",85,0,8
"2342 Chemists, and Food and Wine Scientists",85,5,26
"2342 Chemists, and Food and Wine Scientists",85,10,119
"2342 Chemists, and Food and Wine Scientists",55,0,14
"2342 Chemists, and Food and Wine Scientists",55,5,11
"2342 Chemists, and Food and Wine Scientists",55,10,21
"2342 Chemists, and Food and Wine Scientists",60,0,17
"2342 Chemists, and Food and Wine Scientists",60,5,26
"2342 Chemists, and Food and Wine Scientists",60,10,37
"2342 Chemists, and Food and Wine Scientists",50,0,8
"2342 Chemists, and Food and Wine Scientists",50,5,4
"2342 Chemists, and Food and Wine Scientists",50,10,5
"2342 Chemists, and Food and Wine Scientists",100,5,1
"2342 Chemists, and Food and Wine Scientists",100,10,1
"2342 Chemists, and Food and Wine Scientists",40,0,1
"2342 Chemists, and Food and Wine Scientists",40,10,2
"2342 Chemists, and Food and Wine Scientists",45,0,4
"2342 Chemists, and Food and Wine Scientists",25,5,1
2713 Solicitors,65,0,23
2713 Solicitors,65,5,24
2713 Solicitors,65,10,70
2713 Solicitors,75,0,9
2713 Solicitors,75,5,22
2713 Solicitors,75,10,143
2713 Solicitors,70,0,9
2713 Solicitors,70,5,33
2713 Solicitors,70,10,78
2713 Solicitors,80,0,4
2713 Solicitors,80,5,11
2713 Solicitors,80,10,102
2713 Solicitors,95,10,3
2713 Solicitors,90,10,26
2713 Solicitors,85,0,2
2713 Solicitors,85,5,13
2713 Solicitors,85,10,62
2713 Solicitors,55,0,2
2713 Solicitors,55,5,3
2713 Solicitors,55,10,7
2713 Solicitors,60,0,3
2713 Solicitors,60,5,10
2713 Solicitors,60,10,16
2713 Solicitors,50,5,2
2713 Solicitors,100,10,1
2713 Solicitors,45,0,2
2331 Chemical and Materials Engineers,65,0,57
2331 Chemical and Materials Engineers,65,5,35
2331 Chemical and Materials Engineers,65,10,181
2331 Chemical and Materials Engineers,75,0,27
2331 Chemical and Materials Engineers,75,5,57
2331 Chemical and Materials Engineers,75,10,244
2331 Chemical and Materials Engineers,70,0,26
2331 Chemical and Materials Engineers,70,5,108
2331 Chemical and Materials Engineers,70,10,183
2331 Chemical and Materials Engineers,80,0,14
2331 Chemical and Materials Engineers,80,5,47
2331 Chemical and Materials Engineers,80,10,279
2331 Chemical and Materials Engineers,95,5,2
2331 Chemical and Materials Engineers,95,10,34
2331 Chemical and Materials Engineers,90,0,2
2331 Chemical and Materials Engineers,90,5,12
2331 Chemical and Materials Engineers,90,10,105
2331 Chemical and Materials Engineers,85,0,3
2331 Chemical and Materials Engineers,85,5,30
2331 Chemical and Materials Engineers,85,10,174
2331 Chemical and Materials Engineers,55,0,27
2331 Chemical and Materials Engineers,55,5,7
2331 Chemical and Materials Engineers,55,10,22
2331 Chemical and Materials Engineers,60,0,23
2331 Chemical and Materials Engineers,60,5,30
2331 Chemical and Materials Engineers,60,10,39
2331 Chemical and Materials Engineers,50,0,10
2331 Chemical and Materials Engineers,50,5,6
2331 Chemical and Materials Engineers,50,10,6
2331 Chemical and Materials Engineers,100,5,1
2331 Chemical and Materials Engineers,100,10,7
2331 Chemical and Materials Engineers,105,10,1
2331 Chemical and Materials Engineers,40,10,1
2331 Chemical and Materials Engineers,45,0,8
2331 Chemical and Materials Engineers,45,5,1
2331 Chemical and Materials Engineers,30,0,1
3123 Electrical Engineering Draftspersons and Technicians,65,0,19
3123 Electrical Engineering Draftspersons and Technicians,65,5,19
3123 Electrical Engineering Draftspersons and Technicians,65,10,56
3123 Electrical Engineering Draftspersons and Technicians,75,0,9
3123 Electrical Engineering Draftspersons and Technicians,75,5,7
3123 Electrical Engineering Draftspersons and Technicians,75,10,51
3123 Electrical Engineering Draftspersons and Technicians,70,0,7
3123 Electrical Engineering Draftspersons and Technicians,70,5,25
3123 Electrical Engineering Draftspersons and Technicians,70,10,63
3123 Electrical Engineering Draftspersons and Technicians,80,0,5
3123 Electrical Engineering Draftspersons and Technicians,80,5,5
3123 Electrical Engineering Draftspersons and Technicians,80,10,15
3123 Electrical Engineering Draftspersons and Technicians,90,10,24
3123 Electrical Engineering Draftspersons and Technicians,85,0,1
3123 Electrical Engineering Draftspersons and Technicians,85,5,3
3123 Electrical Engineering Draftspersons and Technicians,85,10,33
3123 Electrical Engineering Draftspersons and Technicians,55,0,12
3123 Electrical Engineering Draftspersons and Technicians,55,5,7
3123 Electrical Engineering Draftspersons and Technicians,55,10,8
3123 Electrical Engineering Draftspersons and Technicians,60,0,7
3123 Electrical Engineering Draftspersons and Technicians,60,5,15
3123 Electrical Engineering Draftspersons and Technicians,60,10,17
3123 Electrical Engineering Draftspersons and Technicians,50,0,4
3123 Electrical Engineering Draftspersons and Technicians,50,5,5
3123 Electrical Engineering Draftspersons and Technicians,50,10,2
3123 Electrical Engineering Draftspersons and Technicians,40,0,1
3123 Electrical Engineering Draftspersons and Technicians,45,5,1
2333 Electrical Engineers,65,0,158
2333 Electrical Engineers,65,5,113
2333 Electrical Engineers,65,10,453
2333 Electrical Engineers,75,0,66
2333 Electrical Engineers,75,5,143
2333 Electrical Engineers,75,10,538
2333 Electrical Engineers,70,0,79
2333 Electrical Engineers,70,5,213
2333 Electrical Engineers,70,10,457
2333 Electrical Engineers,80,0,22
2333 Electrical Engineers,80,5,151
2333 Electrical Engineers,80,10,463
2333 Electrical Engineers,95,0,2
2333 Electrical Engineers,95,5,14
2333 Electrical Engineers,95,10,87
2333 Electrical Engineers,90,0,4
2333 Electrical Engineers,90,5,33
2333 Electrical Engineers,90,10,261
2333 Electrical Engineers,85,0,7
2333 Electrical Engineers,85,5,79
2333 Electrical Engineers,85,10,373
2333 Electrical Engineers,55,0,118
2333 Electrical Engineers,55,5,27
2333 Electrical Engineers,55,10,69
2333 Electrical Engineers,60,0,78
2333 Electrical Engineers,60,5,91
2333 Electrical Engineers,60,10,145
2333 Electrical Engineers,50,0,35
2333 Electrical Engineers,50,5,23
2333 Electrical Engineers,50,10,16
2333 Electrical Engineers,100,0,1
2333 Electrical Engineers,100,5,3
2333 Electrical Engineers,100,10,20
2333 Electrical Engineers,105,10,3
2333 Electrical Engineers,40,0,5
2333 Electrical Engineers,40,10,2
2333 Electrical Engineers,45,0,11
2333 Electrical Engineers,45,5,7
2333 Electrical Engineers,45,10,2
2333 Electrical Engineers,120,10,1
2333 Electrical Engineers,35,5,1
2321 Architects and Landscape Architects,65,0,15
2321 Architects and Landscape Architects,65,5,35
2321 Architects and Landscape Architects,65,10,153
2321 Architects and Landscape Architects,75,0,8
2321 Architects and Landscape Architects,75,5,38
2321 Architects and Landscape Architects,75,10,265
2321 Architects and Landscape Architects,70,0,14
2321 Architects and Landscape Architects,70,5,46
2321 Architects and Landscape Architects,70,10,222
2321 Architects and Landscape Architects,80,0,6
2321 Architects and Landscape Architects,80,5,35
2321 Architects and Landscape Architects,80,10,219
2321 Architects and Landscape Architects,95,10,3
2321 Architects and Landscape Architects,90,5,4
2321 Architects and Landscape Architects,90,10,29
2321 Architects and Landscape Architects,85,0,1
2321 Architects and Landscape Architects,85,5,13
2321 Architects and Landscape Architects,85,10,157
2321 Architects and Landscape Architects,55,0,5
2321 Architects and Landscape Architects,55,5,7
2321 Architects and Landscape Architects,55,10,14
2321 Architects and Landscape Architects,60,0,12
2321 Architects and Landscape Architects,60,5,17
2321 Architects and Landscape Architects,60,10,56
2321 Architects and Landscape Architects,50,0,2
2321 Architects and Landscape Architects,50,10,2
2321 Architects and Landscape Architects,45,0,1
2321 Architects and Landscape Architects,45,5,1
2321 Architects and Landscape Architects,45,10,1
2531 General Practitioners and Resident Medical officers,65,0,24
2531 General Practitioners and Resident Medical officers,65,5,29
2531 General Practitioners and Resident Medical officers,65,10,40
2531 General Practitioners and Resident Medical officers,75,0,9
2531 General Practitioners and Resident Medical officers,75,5,60
2531 General Practitioners and Resident Medical officers,75,10,151
2531 General Practitioners and Resident Medical officers,70,0,20
2531 General Practitioners and Resident Medical officers,70,5,55
2531 General Practitioners and Resident Medical officers,70,10,98
2531 General Practitioners and Resident Medical officers,80,0,3
2531 General Practitioners and Resident Medical officers,80,5,39
2531 General Practitioners and Resident Medical officers,80,10,86
2531 General Practitioners and Resident Medical officers,95,10,2
2531 General Practitioners and Resident Medical officers,90,10,18
2531 General Practitioners and Resident Medical officers,85,5,6
2531 General Practitioners and Resident Medical officers,85,10,52
2531 General Practitioners and Resident Medical officers,55,0,4
2531 General Practitioners and Resident Medical officers,55,5,4
2531 General Practitioners and Resident Medical officers,55,10,6
2531 General Practitioners and Resident Medical officers,60,0,6
2531 General Practitioners and Resident Medical officers,60,5,19
2531 General Practitioners and Resident Medical officers,60,10,21
2531 General Practitioners and Resident Medical officers,50,0,3
2531 General Practitioners and Resident Medical officers,50,5,1
2531 General Practitioners and Resident Medical officers,40,5,1
2531 General Practitioners and Resident Medical officers,45,5,1
2531 General Practitioners and Resident Medical officers,125,5,1
2247 Management and Organisation Analysts,65,0,10
2247 Management and Organisation Analysts,65,5,36
2247 Management and Organisation Analysts,65,10,44
2247 Management and Organisation Analysts,75,0,9
2247 Management and Organisation Analysts,75,5,35
2247 Management and Organisation Analysts,75,10,92
2247 Management and Organisation Analysts,70,0,8
2247 Management and Organisation Analysts,70,5,45
2247 Management and Organisation Analysts,70,10,42
2247 Management and Organisation Analysts,80,0,7
2247 Management and Organisation Analysts,80,5,25
2247 Management and Organisation Analysts,80,10,68
2247 Management and Organisation Analysts,95,10,10
2247 Management and Organisation Analysts,90,5,1
2247 Management and Organisation Analysts,90,10,35
2247 Management and Organisation Analysts,85,5,12
2247 Management and Organisation Analysts,85,10,52
2247 Management and Organisation Analysts,55,0,5
2247 Management and Organisation Analysts,55,5,4
2247 Management and Organisation Analysts,55,10,4
2247 Management and Organisation Analysts,60,0,5
2247 Management and Organisation Analysts,60,5,7
2247 Management and Organisation Analysts,60,10,13
2247 Management and Organisation Analysts,50,5,2
2247 Management and Organisation Analysts,50,10,1
2247 Management and Organisation Analysts,105,10,1
2247 Management and Organisation Analysts,45,0,2
2247 Management and Organisation Analysts,45,10,1
2347 Veterinarians,65,0,5
2347 Veterinarians,65,5,4
2347 Veterinarians,65,10,13
2347 Veterinarians,75,0,1
2347 Veterinarians,75,5,9
2347 Veterinarians,75,10,45
2347 Veterinarians,70,0,1
2347 Veterinarians,70,5,5
2347 Veterinarians,70,10,24
2347 Veterinarians,80,5,3
2347 Veterinarians,80,10,27
2347 Veterinarians,95,10,1
2347 Veterinarians,90,10,13
2347 Veterinarians,85,5,3
2347 Veterinarians,85,10,29
2347 Veterinarians,55,5,5
2347 Veterinarians,55,10,2
2347 Veterinarians,60,5,2
2347 Veterinarians,60,10,6
2414 Secondary School Teachers,65,0,235
2414 Secondary School Teachers,65,5,129
2414 Secondary School Teachers,65,10,253
2414 Secondary School Teachers,75,0,59
2414 Secondary School Teachers,75,5,144
2414 Secondary School Teachers,75,10,457
2414 Secondary School Teachers,70,0,77
2414 Secondary School Teachers,70,5,230
2414 Secondary School Teachers,70,10,360
2414 Secondary School Teachers,80,0,26
2414 Secondary School Teachers,80,5,65
2414 Secondary School Teachers,80,10,167
2414 Secondary School Teachers,95,10,3
2414 Secondary School Teachers,90,5,3
2414 Secondary School Teachers,90,10,20
2414 Secondary School Teachers,85,5,8
2414 Secondary School Teachers,85,10,62
2414 Secondary School Teachers,55,0,44
2414 Secondary School Teachers,55,5,29
2414 Secondary School Teachers,55,10,18
2414 Secondary School Teachers,60,0,66
2414 Secondary School Teachers,60,5,69
2414 Secondary School Teachers,60,10,83
2414 Secondary School Teachers,50,0,20
2414 Secondary School Teachers,50,5,5
2414 Secondary School Teachers,50,10,8
2414 Secondary School Teachers,100,10,1
2414 Secondary School Teachers,40,0,2
2414 Secondary School Teachers,40,10,1
2414 Secondary School Teachers,45,0,7
2414 Secondary School Teachers,45,5,2
1341 Child Care Centre Managers,65,0,3
1341 Child Care Centre Managers,65,5,1
1341 Child Care Centre Managers,65,10,7
1341 Child Care Centre Managers,75,5,3
1341 Child Care Centre Managers,75,10,3
1341 Child Care Centre Managers,70,0,1
1341 Child Care Centre Managers,70,5,2
1341 Child Care Centre Managers,70,10,6
1341 Child Care Centre Managers,95,10,1
1341 Child Care Centre Managers,85,10,1
1341 Child Care Centre Managers,55,0,2
1341 Child Care Centre Managers,60,0,3
1341 Child Care Centre Managers,60,5,1
1341 Child Care Centre Managers,60,10,3
1341 Child Care Centre Managers,50,0,2
1341 Child Care Centre Managers,50,5,6
"2241 Actuaries, Mathematicians and Statisticians",65,0,16
"2241 Actuaries, Mathematicians and Statisticians",65,5,19
"2241 Actuaries, Mathematicians and Statisticians",65,10,48
"2241 Actuaries, Mathematicians and Statisticians",75,0,11
"2241 Actuaries, Mathematicians and Statisticians",75,5,27
"2241 Actuaries, Mathematicians and Statisticians",75,10,124
"2241 Actuaries, Mathematicians and Statisticians",70,0,13
"2241 Actuaries, Mathematicians and Statisticians",70,5,36
"2241 Actuaries, Mathematicians and Statisticians",70,10,54
"2241 Actuaries, Mathematicians and Statisticians",80,0,4
"2241 Actuaries, Mathematicians and Statisticians",80,5,27
"2241 Actuaries, Mathematicians and Statisticians",80,10,136
"2241 Actuaries, Mathematicians and Statisticians",95,5,1
"2241 Actuaries, Mathematicians and Statisticians",95,10,30
"2241 Actuaries, Mathematicians and Statisticians",90,5,10
"2241 Actuaries, Mathematicians and Statisticians",90,10,105
"2241 Actuaries, Mathematicians and Statisticians",85,0,2
"2241 Actuaries, Mathematicians and Statisticians",85,5,33
"2241 Actuaries, Mathematicians and Statisticians",85,10,135
"2241 Actuaries, Mathematicians and Statisticians",55,0,5
"2241 Actuaries, Mathematicians and Statisticians",55,5,2
"2241 Actuaries, Mathematicians and Statisticians",55,10,4
"2241 Actuaries, Mathematicians and Statisticians",60,0,4
"2241 Actuaries, Mathematicians and Statisticians",60,5,11
"2241 Actuaries, Mathematicians and Statisticians",60,10,19
"2241 Actuaries, Mathematicians and Statisticians",50,5,1
"2241 Actuaries, Mathematicians and Statisticians",100,10,5
"2241 Actuaries, Mathematicians and Statisticians",105,10,3
"2241 Actuaries, Mathematicians and Statisticians",45,0,2
"2241 Actuaries, Mathematicians and Statisticians",45,10,1
3331 Glaziers,65,10,5
3331 Glaziers,75,5,6
3331 Glaziers,75,10,2
3331 Glaziers,70,5,1
3331 Glaziers,80,5,1
3331 Glaziers,55,5,1
3331 Glaziers,60,10,1
2421 University Lecturers and Tutors,65,0,106
2421 University Lecturers and Tutors,65,5,184
2421 University Lecturers and Tutors,65,10,141
2421 University Lecturers and Tutors,75,0,61
2421 University Lecturers and Tutors,75,5,175
2421 University Lecturers and Tutors,75,10,146
2421 University Lecturers and Tutors,70,0,119
2421 University Lecturers and Tutors,70,5,124
2421 University Lecturers and Tutors,70,10,193
2421 University Lecturers and Tutors,80,0,32
2421 University Lecturers and Tutors,80,5,95
2421 University Lecturers and Tutors,80,10,160
2421 University Lecturers and Tutors,95,0,5
2421 University Lecturers and Tutors,95,5,20
2421 University Lecturers and Tutors,95,10,75
2421 University Lecturers and Tutors,90,0,10
2421 University Lecturers and Tutors,90,5,53
2421 University Lecturers and Tutors,90,10,149
2421 University Lecturers and Tutors,85,0,23
2421 University Lecturers and Tutors,85,5,83
2421 University Lecturers and Tutors,85,10,147
2421 University Lecturers and Tutors,55,0,45
2421 University Lecturers and Tutors,55,5,17
2421 University Lecturers and Tutors,55,10,12
2421 University Lecturers and Tutors,60,0,83
2421 University Lecturers and Tutors,60,5,27
2421 University Lecturers and Tutors,60,10,66
2421 University Lecturers and Tutors,50,0,28
2421 University Lecturers and Tutors,50,5,7
2421 University Lecturers and Tutors,50,10,2
2421 University Lecturers and Tutors,110,10,1
2421 University Lecturers and Tutors,100,5,8
2421 University Lecturers and Tutors,100,10,43
2421 University Lecturers and Tutors,105,5,1
2421 University Lecturers and Tutors,105,10,11
2421 University Lecturers and Tutors,40,0,2
2421 University Lecturers and Tutors,45,0,6
2633 Telecommunications Engineering Professionals,65,0,70
2633 Telecommunications Engineering Professionals,65,5,52
2633 Telecommunications Engineering Professionals,65,10,96
2633 Telecommunications Engineering Professionals,75,0,20
2633 Telecommunications Engineering Professionals,75,5,42
2633 Telecommunications Engineering Professionals,75,10,229
2633 Telecommunications Engineering Professionals,70,0,17
2633 Telecommunications Engineering Professionals,70,5,82
2633 Telecommunications Engineering Professionals,70,10,105
2633 Telecommunications Engineering Professionals,80,0,3
2633 Telecommunications Engineering Professionals,80,5,58
2633 Telecommunications Engineering Professionals,80,10,155
2633 Telecommunications Engineering Professionals,95,5,5
2633 Telecommunications Engineering Professionals,95,10,24
2633 Telecommunications Engineering Professionals,90,0,1
2633 Telecommunications Engineering Professionals,90,5,17
2633 Telecommunications Engineering Professionals,90,10,91
2633 Telecommunications Engineering Professionals,85,0,4
2633 Telecommunications Engineering Professionals,85,5,37
2633 Telecommunications Engineering Professionals,85,10,140
2633 Telecommunications Engineering Professionals,55,0,40
2633 Telecommunications Engineering Professionals,55,5,9
2633 Telecommunications Engineering Professionals,55,10,21
2633 Telecommunications Engineering Professionals,60,0,21
2633 Telecommunications Engineering Professionals,60,5,42
2633 Telecommunications Engineering Professionals,60,10,55
2633 Telecommunications Engineering Professionals,50,0,7
2633 Telecommunications Engineering Professionals,50,5,12
2633 Telecommunications Engineering Professionals,50,10,5
2633 Telecommunications Engineering Professionals,100,10,5
2633 Telecommunications Engineering Professionals,40,0,5
2633 Telecommunications Engineering Professionals,45,0,6
2633 Telecommunications Engineering Professionals,45,5,1
2633 Telecommunications Engineering Professionals,45,10,1
2633 Telecommunications Engineering Professionals,35,0,1
1332 Engineering Managers,65,0,26
1332 Engineering Managers,65,5,12
1332 Engineering Managers,65,10,37
1332 Engineering Managers,75,0,3
1332 Engineering Managers,75,5,13
1332 Engineering Managers,75,10,40
1332 Engineering Managers,70,0,4
1332 Engineering Managers,70,5,43
1332 Engineering Managers,70,10,22
1332 Engineering Managers,80,0,1
1332 Engineering Managers,80,5,13
1332 Engineering Managers,80,10,7
1332 Engineering Managers,90,10,1
1332 Engineering Managers,85,5,3
1332 Engineering Managers,85,10,3
1332 Engineering Managers,55,0,16
1332 Engineering Managers,55,5,4
1332 Engineering Managers,55,10,10
1332 Engineering Managers,60,0,2
1332 Engineering Managers,60,5,18
1332 Engineering Managers,60,10,6
1332 Engineering Managers,50,0,2
1332 Engineering Managers,40,0,1
1332 Engineering Managers,40,5,1
1332 Engineering Managers,45,0,4
3122 Civil Engineering Draftspersons and Technicians,65,0,296
3122 Civil Engineering Draftspersons and Technicians,65,5,290
3122 Civil Engineering Draftspersons and Technicians,65,10,1003
3122 Civil Engineering Draftspersons and Technicians,75,0,93
3122 Civil Engineering Draftspersons and Technicians,75,5,303
3122 Civil Engineering Draftspersons and Technicians,75,10,1016
3122 Civil Engineering Draftspersons and Technicians,70,0,157
3122 Civil Engineering Draftspersons and Technicians,70,5,471
3122 Civil Engineering Draftspersons and Technicians,70,10,1103
3122 Civil Engineering Draftspersons and Technicians,80,0,30
3122 Civil Engineering Draftspersons and Technicians,80,5,203
3122 Civil Engineering Draftspersons and Technicians,80,10,661
3122 Civil Engineering Draftspersons and Technicians,95,0,1
3122 Civil Engineering Draftspersons and Technicians,95,5,1
3122 Civil Engineering Draftspersons and Technicians,95,10,24
3122 Civil Engineering Draftspersons and Technicians,90,5,6
3122 Civil Engineering Draftspersons and Technicians,90,10,164
3122 Civil Engineering Draftspersons and Technicians,85,0,3
3122 Civil Engineering Draftspersons and Technicians,85,5,98
3122 Civil Engineering Draftspersons and Technicians,85,10,534
3122 Civil Engineering Draftspersons and Technicians,55,0,110
3122 Civil Engineering Draftspersons and Technicians,55,5,77
3122 Civil Engineering Draftspersons and Technicians,55,10,205
3122 Civil Engineering Draftspersons and Technicians,60,0,139
3122 Civil Engineering Draftspersons and Technicians,60,5,208
3122 Civil Engineering Draftspersons and Technicians,60,10,364
3122 Civil Engineering Draftspersons and Technicians,50,0,71
3122 Civil Engineering Draftspersons and Technicians,50,5,30
3122 Civil Engineering Draftspersons and Technicians,50,10,69
3122 Civil Engineering Draftspersons and Technicians,100,10,2
3122 Civil Engineering Draftspersons and Technicians,105,10,1
3122 Civil Engineering Draftspersons and Technicians,40,0,26
3122 Civil Engineering Draftspersons and Technicians,40,5,1
3122 Civil Engineering Draftspersons and Technicians,40,10,1
3122 Civil Engineering Draftspersons and Technicians,45,0,26
3122 Civil Engineering Draftspersons and Technicians,45,5,12
3122 Civil Engineering Draftspersons and Technicians,45,10,6
3122 Civil Engineering Draftspersons and Technicians,25,0,1
3122 Civil Engineering Draftspersons and Technicians,35,0,3
3122 Civil Engineering Draftspersons and Technicians,35,5,2
1399 Other Specialist Managers,65,0,10
1399 Other Specialist Managers,65,5,7
1399 Other Specialist Managers,65,10,18
1399 Other Specialist Managers,75,0,2
1399 Other Specialist Managers,75,5,10
1399 Other Specialist Managers,75,10,36
1399 Other Specialist Managers,70,0,7
1399 Other Specialist Managers,70,5,14
1399 Other Specialist Managers,70,10,21
1399 Other Specialist Managers,80,0,1
1399 Other Specialist Managers,80,5,6
1399 Other Specialist Managers,80,10,10
1399 Other Specialist Managers,90,5,1
1399 Other Specialist Managers,90,10,2
1399 Other Specialist Managers,85,5,2
1399 Other Specialist Managers,85,10,8
1399 Other Specialist Managers,55,0,14
1399 Other Specialist Managers,55,10,5
1399 Other Specialist Managers,60,0,4
1399 Other Specialist Managers,60,5,8
1399 Other Specialist Managers,60,10,13
1399 Other Specialist Managers,50,0,4
1399 Other Specialist Managers,40,0,1
1399 Other Specialist Managers,45,0,1
2322 Cartographers and Surveyors,65,0,27
2322 Cartographers and Surveyors,65,5,9
2322 Cartographers and Surveyors,65,10,41
2322 Cartographers and Surveyors,75,0,4
2322 Cartographers and Surveyors,75,5,14
2322 Cartographers and Surveyors,75,10,33
2322 Cartographers and Surveyors,70,0,12
2322 Cartographers and Surveyors,70,5,22
2322 Cartographers and Surveyors,70,10,35
2322 Cartographers and Surveyors,80,0,2
2322 Cartographers and Surveyors,80,5,5
2322 Cartographers and Surveyors,80,10,16
2322 Cartographers and Surveyors,90,5,1
2322 Cartographers and Surveyors,90,10,4
2322 Cartographers and Surveyors,85,0,1
2322 Cartographers and Surveyors,85,5,4
2322 Cartographers and Surveyors,85,10,20
2322 Cartographers and Surveyors,55,0,10
2322 Cartographers and Surveyors,55,5,7
2322 Cartographers and Surveyors,55,10,3
2322 Cartographers and Surveyors,60,0,8
2322 Cartographers and Surveyors,60,5,22
2322 Cartographers and Surveyors,60,10,14
2322 Cartographers and Surveyors,50,0,1
2322 Cartographers and Surveyors,50,5,2
2322 Cartographers and Surveyors,50,10,1
2322 Cartographers and Surveyors,40,0,1
3233 Precision Metal Trades Workers,65,0,1
3233 Precision Metal Trades Workers,65,10,2
3233 Precision Metal Trades Workers,75,10,2
3233 Precision Metal Trades Workers,70,10,3
3233 Precision Metal Trades Workers,55,0,1
3233 Precision Metal Trades Workers,55,10,1
3233 Precision Metal Trades Workers,60,10,1
3233 Precision Metal Trades Workers,45,0,1
2245 Land Economists and Valuers,65,0,2
2245 Land Economists and Valuers,65,5,1
2245 Land Economists and Valuers,65,10,17
2245 Land Economists and Valuers,75,0,1
2245 Land Economists and Valuers,75,5,3
2245 Land Economists and Valuers,75,10,31
2245 Land Economists and Valuers,70,0,4
2245 Land Economists and Valuers,70,5,3
2245 Land Economists and Valuers,70,10,8
2245 Land Economists and Valuers,80,0,1
2245 Land Economists and Valuers,80,5,3
2245 Land Economists and Valuers,80,10,12
2245 Land Economists and Valuers,90,10,1
2245 Land Economists and Valuers,85,0,1
2245 Land Economists and Valuers,85,5,1
2245 Land Economists and Valuers,85,10,3
2245 Land Economists and Valuers,55,5,2
2245 Land Economists and Valuers,60,5,1
2245 Land Economists and Valuers,60,10,3
2245 Land Economists and Valuers,50,10,1
2245 Land Economists and Valuers,40,0,1
2245 Land Economists and Valuers,45,0,1
2245 Land Economists and Valuers,30,10,1
2336 Mining Engineers,65,0,31
2336 Mining Engineers,65,5,38
2336 Mining Engineers,65,10,124
2336 Mining Engineers,75,0,9
2336 Mining Engineers,75,5,37
2336 Mining Engineers,75,10,105
2336 Mining Engineers,70,0,10
2336 Mining Engineers,70,5,55
2336 Mining Engineers,70,10,93
2336 Mining Engineers,80,0,5
2336 Mining Engineers,80,5,28
2336 Mining Engineers,80,10,63
2336 Mining Engineers,95,10,4
2336 Mining Engineers,90,0,1
2336 Mining Engineers,90,10,13
2336 Mining Engineers,85,5,5
2336 Mining Engineers,85,10,34
2336 Mining Engineers,55,0,17
2336 Mining Engineers,55,5,7
2336 Mining Engineers,55,10,10
2336 Mining Engineers,60,0,14
2336 Mining Engineers,60,5,19
2336 Mining Engineers,60,10,21
2336 Mining Engineers,50,0,10
2336 Mining Engineers,50,5,3
2336 Mining Engineers,50,10,6
2336 Mining Engineers,40,0,1
2336 Mining Engineers,45,0,5
2336 Mining Engineers,45,10,1
2612 Multimedia Specialists and Web Developers,65,0,13
2612 Multimedia Specialists and Web Developers,65,5,10
2612 Multimedia Specialists and Web Developers,65,10,22
2612 Multimedia Specialists and Web Developers,75,0,2
2612 Multimedia Specialists and Web Developers,75,5,12
2612 Multimedia Specialists and Web Developers,75,10,46
2612 Multimedia Specialists and Web Developers,70,0,7
2612 Multimedia Specialists and Web Developers,70,5,14
2612 Multimedia Specialists and Web Developers,70,10,47
2612 Multimedia Specialists and Web Developers,80,0,2
2612 Multimedia Specialists and Web Developers,80,5,6
2612 Multimedia Specialists and Web Developers,80,10,44
2612 Multimedia Specialists and Web Developers,95,5,3
2612 Multimedia Specialists and Web Developers,95,10,41
2612 Multimedia Specialists and Web Developers,90,0,3
2612 Multimedia Specialists and Web Developers,90,5,9
2612 Multimedia Specialists and Web Developers,90,10,104
2612 Multimedia Specialists and Web Developers,85,0,1
2612 Multimedia Specialists and Web Developers,85,5,15
2612 Multimedia Specialists and Web Developers,85,10,59
2612 Multimedia Specialists and Web Developers,55,0,3
2612 Multimedia Specialists and Web Developers,55,5,1
2612 Multimedia Specialists and Web Developers,55,10,2
2612 Multimedia Specialists and Web Developers,60,0,2
2612 Multimedia Specialists and Web Developers,60,5,5
2612 Multimedia Specialists and Web Developers,60,10,3
2612 Multimedia Specialists and Web Developers,50,0,2
2612 Multimedia Specialists and Web Developers,50,5,9
2612 Multimedia Specialists and Web Developers,50,10,1
2612 Multimedia Specialists and Web Developers,100,10,8
2612 Multimedia Specialists and Web Developers,40,10,1
3223 Structural Steel and Welding Trades Workers,65,0,22
3223 Structural Steel and Welding Trades Workers,65,5,41
3223 Structural Steel and Welding Trades Workers,65,10,146
3223 Structural Steel and Welding Trades Workers,75,0,9
3223 Structural Steel and Welding Trades Workers,75,5,27
3223 Structural Steel and Welding Trades Workers,75,10,96
3223 Structural Steel and Welding Trades Workers,70,0,20
3223 Structural Steel and Welding Trades Workers,70,5,36
3223 Structural Steel and Welding Trades Workers,70,10,109
3223 Structural Steel and Welding Trades Workers,80,0,2
3223 Structural Steel and Welding Trades Workers,80,5,7
3223 Structural Steel and Welding Trades Workers,80,10,65
3223 Structural Steel and Welding Trades Workers,90,5,1
3223 Structural Steel and Welding Trades Workers,90,10,6
3223 Structural Steel and Welding Trades Workers,85,5,1
3223 Structural Steel and Welding Trades Workers,85,10,9
3223 Structural Steel and Welding Trades Workers,55,0,10
3223 Structural Steel and Welding Trades Workers,55,5,10
3223 Structural Steel and Welding Trades Workers,55,10,22
3223 Structural Steel and Welding Trades Workers,60,0,22
3223 Structural Steel and Welding Trades Workers,60,5,23
3223 Structural Steel and Welding Trades Workers,60,10,42
3223 Structural Steel and Welding Trades Workers,50,0,12
3223 Structural Steel and Welding Trades Workers,50,5,1
3223 Structural Steel and Welding Trades Workers,50,10,4
3223 Structural Steel and Welding Trades Workers,40,0,3
3223 Structural Steel and Welding Trades Workers,45,0,8
3223 Structural Steel and Welding Trades Workers,45,5,2
3223 Structural Steel and Welding Trades Workers,30,0,2
2349 Other Natural and Physical Science Professionals,65,0,18
2349 Other Natural and Physical Science Professionals,65,5,12
2349 Other Natural and Physical Science Professionals,65,10,33
2349 Other Natural and Physical Science Professionals,75,0,3
2349 Other Natural and Physical Science Professionals,75,5,13
2349 Other Natural and Physical Science Professionals,75,10,36
2349 Other Natural and Physical Science Professionals,70,0,5
2349 Other Natural and Physical Science Professionals,70,5,21
2349 Other Natural and Physical Science Professionals,70,10,23
2349 Other Natural and Physical Science Professionals,80,0,2
2349 Other Natural and Physical Science Professionals,80,5,4
2349 Other Natural and Physical Science Professionals,80,10,12
2349 Other Natural and Physical Science Professionals,95,10,3
2349 Other Natural and Physical Science Professionals,90,5,2
2349 Other Natural and Physical Science Professionals,90,10,1
2349 Other Natural and Physical Science Professionals,85,0,1
2349 Other Natural and Physical Science Professionals,85,5,3
2349 Other Natural and Physical Science Professionals,85,10,16
2349 Other Natural and Physical Science Professionals,55,0,1
2349 Other Natural and Physical Science Professionals,55,5,1
2349 Other Natural and Physical Science Professionals,55,10,4
2349 Other Natural and Physical Science Professionals,60,0,4
2349 Other Natural and Physical Science Professionals,60,5,5
2349 Other Natural and Physical Science Professionals,60,10,2
2349 Other Natural and Physical Science Professionals,50,0,1
2349 Other Natural and Physical Science Professionals,50,5,2
2349 Other Natural and Physical Science Professionals,50,10,3
2349 Other Natural and Physical Science Professionals,100,10,3
2349 Other Natural and Physical Science Professionals,105,10,2
2349 Other Natural and Physical Science Professionals,40,5,1
1331 Construction Managers,65,0,156
1331 Construction Managers,65,5,87
1331 Construction Managers,65,10,266
1331 Construction Managers,75,0,45
1331 Construction Managers,75,5,145
1331 Construction Managers,75,10,342
1331 Construction Managers,70,0,71
1331 Construction Managers,70,5,223
1331 Construction Managers,70,10,242
1331 Construction Managers,80,0,15
1331 Construction Managers,80,5,74
1331 Construction Managers,80,10,187
1331 Construction Managers,95,5,1
1331 Construction Managers,95,10,12
1331 Construction Managers,90,10,32
1331 Construction Managers,85,0,2
1331 Construction Managers,85,5,19
1331 Construction Managers,85,10,69
1331 Construction Managers,55,0,52
1331 Construction Managers,55,5,17
1331 Construction Managers,55,10,27
1331 Construction Managers,60,0,30
1331 Construction Managers,60,5,65
1331 Construction Managers,60,10,58
1331 Construction Managers,50,0,9
1331 Construction Managers,50,5,9
1331 Construction Managers,50,10,3
1331 Construction Managers,100,10,1
1331 Construction Managers,40,0,5
1331 Construction Managers,40,5,2
1331 Construction Managers,40,10,1
1331 Construction Managers,45,0,8
1331 Construction Managers,45,5,2
1331 Construction Managers,45,10,2
1331 Construction Managers,35,0,2
2343 Environmental Scientists,65,0,16
2343 Environmental Scientists,65,5,16
2343 Environmental Scientists,65,10,78
2343 Environmental Scientists,75,0,12
2343 Environmental Scientists,75,5,31
2343 Environmental Scientists,75,10,74
2343 Environmental Scientists,70,0,19
2343 Environmental Scientists,70,5,45
2343 Environmental Scientists,70,10,63
2343 Environmental Scientists,80,0,6
2343 Environmental Scientists,80,5,22
2343 Environmental Scientists,80,10,48
2343 Environmental Scientists,95,5,1
2343 Environmental Scientists,95,10,3
2343 Environmental Scientists,90,5,1
2343 Environmental Scientists,90,10,25
2343 Environmental Scientists,85,0,3
2343 Environmental Scientists,85,5,12
2343 Environmental Scientists,85,10,52
2343 Environmental Scientists,55,0,5
2343 Environmental Scientists,55,5,2
2343 Environmental Scientists,55,10,5
2343 Environmental Scientists,60,0,11
2343 Environmental Scientists,60,5,11
2343 Environmental Scientists,60,10,17
2343 Environmental Scientists,50,0,3
2343 Environmental Scientists,100,10,2
2343 Environmental Scientists,40,0,1
2343 Environmental Scientists,40,5,1
2343 Environmental Scientists,45,0,1
2343 Environmental Scientists,45,10,1
2711 Barristers,65,5,1
2711 Barristers,75,10,1
2711 Barristers,70,5,1
2711 Barristers,80,10,4
2711 Barristers,85,10,1
2711 Barristers,55,10,1
3132 Telecommunications Technical Specialists,65,0,35
3132 Telecommunications Technical Specialists,65,5,36
3132 Telecommunications Technical Specialists,65,10,98
3132 Telecommunications Technical Specialists,75,0,11
3132 Telecommunications Technical Specialists,75,5,20
3132 Telecommunications Technical Specialists,75,10,106
3132 Telecommunications Technical Specialists,70,0,14
3132 Telecommunications Technical Specialists,70,5,25
3132 Telecommunications Technical Specialists,70,10,123
3132 Telecommunications Technical Specialists,80,0,1
3132 Telecommunications Technical Specialists,80,5,17
3132 Telecommunications Technical Specialists,80,10,65
3132 Telecommunications Technical Specialists,90,10,32
3132 Telecommunications Technical Specialists,85,5,1
3132 Telecommunications Technical Specialists,85,10,46
3132 Telecommunications Technical Specialists,55,0,20
3132 Telecommunications Technical Specialists,55,5,6
3132 Telecommunications Technical Specialists,55,10,29
3132 Telecommunications Technical Specialists,60,0,19
3132 Telecommunications Technical Specialists,60,5,21
3132 Telecommunications Technical Specialists,60,10,55
3132 Telecommunications Technical Specialists,50,0,12
3132 Telecommunications Technical Specialists,50,5,9
3132 Telecommunications Technical Specialists,50,10,12
3132 Telecommunications Technical Specialists,40,0,3
3132 Telecommunications Technical Specialists,40,5,1
3132 Telecommunications Technical Specialists,45,0,6
3132 Telecommunications Technical Specialists,45,10,2
3132 Telecommunications Technical Specialists,35,0,1
3312 Carpenters and Joiners,65,0,43
3312 Carpenters and Joiners,65,5,100
3312 Carpenters and Joiners,65,10,372
3312 Carpenters and Joiners,75,0,3
3312 Carpenters and Joiners,75,5,20
3312 Carpenters and Joiners,75,10,60
3312 Carpenters and Joiners,70,0,15
3312 Carpenters and Joiners,70,5,58
3312 Carpenters and Joiners,70,10,149
3312 Carpenters and Joiners,80,0,2
3312 Carpenters and Joiners,80,5,4
3312 Carpenters and Joiners,80,10,20
3312 Carpenters and Joiners,90,10,4
3312 Carpenters and Joiners,85,10,6
3312 Carpenters and Joiners,55,0,22
3312 Carpenters and Joiners,55,5,35
3312 Carpenters and Joiners,55,10,64
3312 Carpenters and Joiners,60,0,18
3312 Carpenters and Joiners,60,5,56
3312 Carpenters and Joiners,60,10,168
3312 Carpenters and Joiners,50,0,12
3312 Carpenters and Joiners,50,5,10
3312 Carpenters and Joiners,50,10,8
3312 Carpenters and Joiners,100,5,1
3312 Carpenters and Joiners,40,0,1
3312 Carpenters and Joiners,40,10,2
3312 Carpenters and Joiners,45,0,8
3312 Carpenters and Joiners,45,5,1
3312 Carpenters and Joiners,45,10,2
3312 Carpenters and Joiners,30,0,1
2725 Social Workers,65,0,43
2725 Social Workers,65,5,84
2725 Social Workers,65,10,123
2725 Social Workers,75,0,29
2725 Social Workers,75,5,77
2725 Social Workers,75,10,310
2725 Social Workers,70,0,31
2725 Social Workers,70,5,130
2725 Social Workers,70,10,277
2725 Social Workers,80,0,3
2725 Social Workers,80,5,36
2725 Social Workers,80,10,119
2725 Social Workers,90,10,7
2725 Social Workers,85,5,10
2725 Social Workers,85,10,46
2725 Social Workers,55,0,11
2725 Social Workers,55,5,5
2725 Social Workers,55,10,11
2725 Social Workers,60,0,21
2725 Social Workers,60,5,9
2725 Social Workers,60,10,16
2725 Social Workers,50,0,3
2725 Social Workers,50,5,1
2725 Social Workers,50,10,3
2725 Social Workers,40,0,1
2725 Social Workers,45,0,2
2725 Social Workers,45,5,1
3322 Painting Trades Workers,65,0,53
3322 Painting Trades Workers,65,5,95
3322 Painting Trades Workers,65,10,277
3322 Painting Trades Workers,75,0,13
3322 Painting Trades Workers,75,5,34
3322 Painting Trades Workers,75,10,139
3322 Painting Trades Workers,70,0,44
3322 Painting Trades Workers,70,5,75
3322 Painting Trades Workers,70,10,225
3322 Painting Trades Workers,80,0,4
3322 Painting Trades Workers,80,5,8
3322 Painting Trades Workers,80,10,78
3322 Painting Trades Workers,90,5,1
3322 Painting Trades Workers,90,10,4
3322 Painting Trades Workers,85,10,22
3322 Painting Trades Workers,55,0,32
3322 Painting Trades Workers,55,5,12
3322 Painting Trades Workers,55,10,27
3322 Painting Trades Workers,60,0,20
3322 Painting Trades Workers,60,5,34
3322 Painting Trades Workers,60,10,119
3322 Painting Trades Workers,50,0,17
3322 Painting Trades Workers,50,5,3
3322 Painting Trades Workers,50,10,5
3322 Painting Trades Workers,40,0,5
3322 Painting Trades Workers,45,0,5
3322 Painting Trades Workers,45,5,1
3322 Painting Trades Workers,35,0,1
3423 Electronics Trades Workers,65,0,31
3423 Electronics Trades Workers,65,5,18
3423 Electronics Trades Workers,65,10,61
3423 Electronics Trades Workers,75,0,6
3423 Electronics Trades Workers,75,5,18
3423 Electronics Trades Workers,75,10,39
3423 Electronics Trades Workers,70,0,14
3423 Electronics Trades Workers,70,5,19
3423 Electronics Trades Workers,70,10,52
3423 Electronics Trades Workers,80,0,1
3423 Electronics Trades Workers,80,5,4
3423 Electronics Trades Workers,80,10,15
3423 Electronics Trades Workers,90,5,1
3423 Electronics Trades Workers,85,10,4
3423 Electronics Trades Workers,55,0,25
3423 Electronics Trades Workers,55,5,13
3423 Electronics Trades Workers,55,10,9
3423 Electronics Trades Workers,60,0,17
3423 Electronics Trades Workers,60,5,13
3423 Electronics Trades Workers,60,10,12
3423 Electronics Trades Workers,50,0,4
3423 Electronics Trades Workers,50,5,2
3423 Electronics Trades Workers,45,0,2
3423 Electronics Trades Workers,45,5,2
3423 Electronics Trades Workers,45,10,1
2521 Chiropractors and Osteopaths,65,0,1
2521 Chiropractors and Osteopaths,65,5,2
2521 Chiropractors and Osteopaths,65,10,8
2521 Chiropractors and Osteopaths,75,5,62
2521 Chiropractors and Osteopaths,75,10,18
2521 Chiropractors and Osteopaths,70,0,1
2521 Chiropractors and Osteopaths,70,5,2
2521 Chiropractors and Osteopaths,70,10,20
2521 Chiropractors and Osteopaths,80,5,5
2521 Chiropractors and Osteopaths,80,10,9
2521 Chiropractors and Osteopaths,85,10,5
2521 Chiropractors and Osteopaths,55,10,1
2521 Chiropractors and Osteopaths,60,0,1
2521 Chiropractors and Osteopaths,60,5,1
2521 Chiropractors and Osteopaths,60,10,3
2521 Chiropractors and Osteopaths,50,0,1
2521 Chiropractors and Osteopaths,50,10,1
3941 Cabinetmakers,65,0,4
3941 Cabinetmakers,65,5,8
3941 Cabinetmakers,65,10,32
3941 Cabinetmakers,75,0,3
3941 Cabinetmakers,75,5,6
3941 Cabinetmakers,75,10,14
3941 Cabinetmakers,70,0,1
3941 Cabinetmakers,70,5,12
3941 Cabinetmakers,70,10,33
3941 Cabinetmakers,80,5,1
3941 Cabinetmakers,80,10,6
3941 Cabinetmakers,85,5,1
3941 Cabinetmakers,85,10,4
3941 Cabinetmakers,55,5,2
3941 Cabinetmakers,55,10,3
3941 Cabinetmakers,60,0,3
3941 Cabinetmakers,60,5,1
3941 Cabinetmakers,60,10,9
3941 Cabinetmakers,50,0,3
3941 Cabinetmakers,50,5,2
3941 Cabinetmakers,50,10,3
3941 Cabinetmakers,45,0,1
3941 Cabinetmakers,45,5,1
2243 Economists,65,0,10
2243 Economists,65,5,8
2243 Economists,65,10,22
2243 Economists,75,0,3
2243 Economists,75,5,9
2243 Economists,75,10,19
2243 Economists,70,0,3
2243 Economists,70,5,9
2243 Economists,70,10,20
2243 Economists,80,0,5
2243 Economists,80,5,12
2243 Economists,80,10,23
2243 Economists,90,10,9
2243 Economists,85,5,3
2243 Economists,85,10,15
2243 Economists,55,0,3
2243 Economists,55,5,1
2243 Economists,55,10,2
2243 Economists,60,0,3
2243 Economists,60,5,5
2243 Economists,60,10,5
2243 Economists,100,10,1
2243 Economists,105,10,1
2243 Economists,45,0,1
3311 Bricklayers and Stonemasons,65,0,3
3311 Bricklayers and Stonemasons,65,5,14
3311 Bricklayers and Stonemasons,65,10,59
3311 Bricklayers and Stonemasons,75,5,4
3311 Bricklayers and Stonemasons,75,10,14
3311 Bricklayers and Stonemasons,70,0,9
3311 Bricklayers and Stonemasons,70,5,4
3311 Bricklayers and Stonemasons,70,10,18
3311 Bricklayers and Stonemasons,80,5,2
3311 Bricklayers and Stonemasons,80,10,1
3311 Bricklayers and Stonemasons,85,10,1
3311 Bricklayers and Stonemasons,55,5,9
3311 Bricklayers and Stonemasons,55,10,16
3311 Bricklayers and Stonemasons,60,0,9
3311 Bricklayers and Stonemasons,60,5,9
3311 Bricklayers and Stonemasons,60,10,19
3311 Bricklayers and Stonemasons,50,0,3
3311 Bricklayers and Stonemasons,50,5,3
3311 Bricklayers and Stonemasons,50,10,10
3311 Bricklayers and Stonemasons,40,10,1
3311 Bricklayers and Stonemasons,45,0,2
3311 Bricklayers and Stonemasons,45,10,1
1342 Health and Welfare Services Managers,65,0,3
1342 Health and Welfare Services Managers,65,5,10
1342 Health and Welfare Services Managers,65,10,13
1342 Health and Welfare Services Managers,75,0,2
1342 Health and Welfare Services Managers,75,10,8
1342 Health and Welfare Services Managers,70,0,3
1342 Health and Welfare Services Managers,70,5,8
1342 Health and Welfare Services Managers,70,10,8
1342 Health and Welfare Services Managers,80,10,9
1342 Health and Welfare Services Managers,55,0,1
1342 Health and Welfare Services Managers,55,5,2
1342 Health and Welfare Services Managers,55,10,3
1342 Health and Welfare Services Managers,60,0,6
1342 Health and Welfare Services Managers,60,5,4
1342 Health and Welfare Services Managers,60,10,4
1342 Health and Welfare Services Managers,50,0,4
1342 Health and Welfare Services Managers,50,5,3
1342 Health and Welfare Services Managers,50,10,1
2539 Other Medical Practitioners,65,0,14
2539 Other Medical Practitioners,65,5,36
2539 Other Medical Practitioners,65,10,51
2539 Other Medical Practitioners,75,0,8
2539 Other Medical Practitioners,75,5,59
2539 Other Medical Practitioners,75,10,112
2539 Other Medical Practitioners,70,0,15
2539 Other Medical Practitioners,70,5,36
2539 Other Medical Practitioners,70,10,90
2539 Other Medical Practitioners,80,0,6
2539 Other Medical Practitioners,80,5,17
2539 Other Medical Practitioners,80,10,85
2539 Other Medical Practitioners,90,5,2
2539 Other Medical Practitioners,90,10,21
2539 Other Medical Practitioners,85,5,8
2539 Other Medical Practitioners,85,10,54
2539 Other Medical Practitioners,55,0,2
2539 Other Medical Practitioners,55,5,6
2539 Other Medical Practitioners,55,10,3
2539 Other Medical Practitioners,60,0,5
2539 Other Medical Practitioners,60,5,10
2539 Other Medical Practitioners,60,10,11
2539 Other Medical Practitioners,50,0,1
2539 Other Medical Practitioners,50,5,2
2539 Other Medical Practitioners,50,10,3
3411 Electricians,65,0,9
3411 Electricians,65,5,42
3411 Electricians,65,10,54
3411 Electricians,75,0,1
3411 Electricians,75,5,6
3411 Electricians,75,10,9
3411 Electricians,70,0,2
3411 Electricians,70,5,5
3411 Electricians,70,10,31
3411 Electricians,80,5,1
3411 Electricians,80,10,5
3411 Electricians,85,0,1
3411 Electricians,55,0,8
3411 Electricians,55,5,16
3411 Electricians,55,10,13
3411 Electricians,60,0,14
3411 Electricians,60,5,23
3411 Electricians,60,10,27
3411 Electricians,50,0,20
3411 Electricians,50,5,6
3411 Electricians,50,10,15
3411 Electricians,40,0,1
3411 Electricians,45,0,2
3411 Electricians,45,5,2
3411 Electricians,45,10,3
3411 Electricians,35,0,1
3411 Electricians,35,10,1
3411 Electricians,20,0,1
2525 Physiotherapists,65,0,19
2525 Physiotherapists,65,5,27
2525 Physiotherapists,65,10,67
2525 Physiotherapists,75,0,8
2525 Physiotherapists,75,5,21
2525 Physiotherapists,75,10,154
2525 Physiotherapists,70,0,11
2525 Physiotherapists,70,5,50
2525 Physiotherapists,70,10,107
2525 Physiotherapists,80,0,3
2525 Physiotherapists,80,5,14
2525 Physiotherapists,80,10,60
2525 Physiotherapists,95,10,2
2525 Physiotherapists,90,10,6
2525 Physiotherapists,85,0,1
2525 Physiotherapists,85,5,4
2525 Physiotherapists,85,10,28
2525 Physiotherapists,55,0,6
2525 Physiotherapists,55,5,12
2525 Physiotherapists,55,10,8
2525 Physiotherapists,60,0,4
2525 Physiotherapists,60,5,6
2525 Physiotherapists,60,10,11
2525 Physiotherapists,50,0,1
2525 Physiotherapists,50,5,1
2525 Physiotherapists,50,10,5
2525 Physiotherapists,40,0,1
2525 Physiotherapists,40,10,1
2525 Physiotherapists,45,5,1
2525 Physiotherapists,45,10,1
2512 Medical Imaging Professionals,65,0,14
2512 Medical Imaging Professionals,65,5,7
2512 Medical Imaging Professionals,65,10,13
2512 Medical Imaging Professionals,75,0,1
2512 Medical Imaging Professionals,75,5,15
2512 Medical Imaging Professionals,75,10,63
2512 Medical Imaging Professionals,70,0,3
2512 Medical Imaging Professionals,70,5,24
2512 Medical Imaging Professionals,70,10,30
2512 Medical Imaging Professionals,80,5,1
2512 Medical Imaging Professionals,80,10,14
2512 Medical Imaging Professionals,90,10,2
2512 Medical Imaging Professionals,85,10,4
2512 Medical Imaging Professionals,55,0,2
2512 Medical Imaging Professionals,55,5,2
2512 Medical Imaging Professionals,55,10,1
2512 Medical Imaging Professionals,60,5,5
"4523 Sports Coaches, Instructors and Officials",65,0,1
"4523 Sports Coaches, Instructors and Officials",65,10,2
"4523 Sports Coaches, Instructors and Officials",75,0,1
"4523 Sports Coaches, Instructors and Officials",75,10,4
"4523 Sports Coaches, Instructors and Officials",70,10,3
"4523 Sports Coaches, Instructors and Officials",80,10,2
"4523 Sports Coaches, Instructors and Officials",85,10,2
"4523 Sports Coaches, Instructors and Officials",55,10,1
"4523 Sports Coaches, Instructors and Officials",60,10,2
3222 Sheetmetal Trades Workers,65,0,1
3222 Sheetmetal Trades Workers,65,5,1
3222 Sheetmetal Trades Workers,65,10,2
3222 Sheetmetal Trades Workers,75,5,1
3222 Sheetmetal Trades Workers,75,10,2
3222 Sheetmetal Trades Workers,70,10,2
3222 Sheetmetal Trades Workers,80,5,1
3222 Sheetmetal Trades Workers,80,10,1
3222 Sheetmetal Trades Workers,85,10,1
3222 Sheetmetal Trades Workers,60,5,1
2527 Speech Professionals and Audiologists,65,0,9
2527 Speech Professionals and Audiologists,65,5,11
2527 Speech Professionals and Audiologists,65,10,41
2527 Speech Professionals and Audiologists,75,0,4
2527 Speech Professionals and Audiologists,75,5,12
2527 Speech Professionals and Audiologists,75,10,53
2527 Speech Professionals and Audiologists,70,0,3
2527 Speech Professionals and Audiologists,70,5,11
2527 Speech Professionals and Audiologists,70,10,51
2527 Speech Professionals and Audiologists,80,5,7
2527 Speech Professionals and Audiologists,80,10,25
2527 Speech Professionals and Audiologists,90,10,2
2527 Speech Professionals and Audiologists,85,10,16
2527 Speech Professionals and Audiologists,55,0,6
2527 Speech Professionals and Audiologists,55,5,3
2527 Speech Professionals and Audiologists,55,10,2
2527 Speech Professionals and Audiologists,60,0,4
2527 Speech Professionals and Audiologists,60,5,6
2527 Speech Professionals and Audiologists,60,10,8
2527 Speech Professionals and Audiologists,50,0,1
2527 Speech Professionals and Audiologists,50,5,3
2527 Speech Professionals and Audiologists,100,10,1
2527 Speech Professionals and Audiologists,45,0,1
2524 Occupational Therapists,65,0,23
2524 Occupational Therapists,65,5,18
2524 Occupational Therapists,65,10,41
2524 Occupational Therapists,75,0,3
2524 Occupational Therapists,75,5,29
2524 Occupational Therapists,75,10,142
2524 Occupational Therapists,70,0,20
2524 Occupational Therapists,70,5,35
2524 Occupational Therapists,70,10,98
2524 Occupational Therapists,80,5,5
2524 Occupational Therapists,80,10,40
2524 Occupational Therapists,95,10,1
2524 Occupational Therapists,90,10,2
2524 Occupational Therapists,85,10,15
2524 Occupational Therapists,55,0,10
2524 Occupational Therapists,55,5,2
2524 Occupational Therapists,55,10,1
2524 Occupational Therapists,60,0,5
2524 Occupational Therapists,60,5,6
2524 Occupational Therapists,60,10,9
2524 Occupational Therapists,50,0,2
2524 Occupational Therapists,50,5,2
2524 Occupational Therapists,50,10,1
2524 Occupational Therapists,40,0,1
2524 Occupational Therapists,45,5,1
2524 Occupational Therapists,45,10,1
2524 Occupational Therapists,115,10,3
2519 Other Health Diagnostic and Promotion Professionals,65,5,2
2519 Other Health Diagnostic and Promotion Professionals,65,10,1
2519 Other Health Diagnostic and Promotion Professionals,75,5,1
2519 Other Health Diagnostic and Promotion Professionals,75,10,4
2519 Other Health Diagnostic and Promotion Professionals,70,5,1
2519 Other Health Diagnostic and Promotion Professionals,70,10,3
2519 Other Health Diagnostic and Promotion Professionals,80,10,1
2519 Other Health Diagnostic and Promotion Professionals,55,10,1
3421 Airconditioning and Refrigeration Mechanics,65,0,3
3421 Airconditioning and Refrigeration Mechanics,65,5,5
3421 Airconditioning and Refrigeration Mechanics,65,10,10
3421 Airconditioning and Refrigeration Mechanics,75,5,1
3421 Airconditioning and Refrigeration Mechanics,75,10,4
3421 Airconditioning and Refrigeration Mechanics,70,0,1
3421 Airconditioning and Refrigeration Mechanics,70,5,3
3421 Airconditioning and Refrigeration Mechanics,70,10,7
3421 Airconditioning and Refrigeration Mechanics,80,10,1
3421 Airconditioning and Refrigeration Mechanics,55,0,3
3421 Airconditioning and Refrigeration Mechanics,55,5,2
3421 Airconditioning and Refrigeration Mechanics,55,10,1
3421 Airconditioning and Refrigeration Mechanics,60,0,1
3421 Airconditioning and Refrigeration Mechanics,60,10,5
3421 Airconditioning and Refrigeration Mechanics,50,0,1
3421 Airconditioning and Refrigeration Mechanics,50,10,2
3421 Airconditioning and Refrigeration Mechanics,45,0,1
3421 Airconditioning and Refrigeration Mechanics,35,0,1
2346 Medical Laboratory Scientists,65,0,44
2346 Medical Laboratory Scientists,65,5,19
2346 Medical Laboratory Scientists,65,10,36
2346 Medical Laboratory Scientists,75,0,14
2346 Medical Laboratory Scientists,75,5,35
2346 Medical Laboratory Scientists,75,10,151
2346 Medical Laboratory Scientists,70,0,18
2346 Medical Laboratory Scientists,70,5,54
2346 Medical Laboratory Scientists,70,10,68
2346 Medical Laboratory Scientists,80,0,3
2346 Medical Laboratory Scientists,80,5,24
2346 Medical Laboratory Scientists,80,10,66
2346 Medical Laboratory Scientists,95,10,1
2346 Medical Laboratory Scientists,90,0,1
2346 Medical Laboratory Scientists,90,10,10
2346 Medical Laboratory Scientists,85,5,4
2346 Medical Laboratory Scientists,85,10,27
2346 Medical Laboratory Scientists,55,0,4
2346 Medical Laboratory Scientists,55,5,2
2346 Medical Laboratory Scientists,55,10,1
2346 Medical Laboratory Scientists,60,0,9
2346 Medical Laboratory Scientists,60,5,5
2346 Medical Laboratory Scientists,60,10,6
2346 Medical Laboratory Scientists,50,0,1
2346 Medical Laboratory Scientists,100,10,1
2346 Medical Laboratory Scientists,45,0,3
2415 Special Education Teachers,65,0,3
2415 Special Education Teachers,65,5,5
2415 Special Education Teachers,65,10,21
2415 Special Education Teachers,75,5,3
2415 Special Education Teachers,75,10,20
2415 Special Education Teachers,70,0,1
2415 Special Education Teachers,70,5,7
2415 Special Education Teachers,70,10,12
2415 Special Education Teachers,80,0,1
2415 Special Education Teachers,80,5,2
2415 Special Education Teachers,80,10,4
2415 Special Education Teachers,55,5,1
2415 Special Education Teachers,55,10,2
2415 Special Education Teachers,60,0,2
2415 Special Education Teachers,60,5,6
2415 Special Education Teachers,60,10,1
2415 Special Education Teachers,30,0,1
2723 Psychologists,65,0,12
2723 Psychologists,65,5,12
2723 Psychologists,65,10,19
2723 Psychologists,75,0,3
2723 Psychologists,75,5,14
2723 Psychologists,75,10,30
2723 Psychologists,70,0,10
2723 Psychologists,70,5,7
2723 Psychologists,70,10,35
2723 Psychologists,80,0,1
2723 Psychologists,80,5,7
2723 Psychologists,80,10,15
2723 Psychologists,95,10,1
2723 Psychologists,90,5,2
2723 Psychologists,90,10,1
2723 Psychologists,85,5,1
2723 Psychologists,85,10,11
2723 Psychologists,55,0,4
2723 Psychologists,55,10,2
2723 Psychologists,60,0,5
2723 Psychologists,60,10,9
2723 Psychologists,50,0,1
2723 Psychologists,50,5,3
2723 Psychologists,50,10,2
2723 Psychologists,105,10,1
2541 Midwives,65,0,1
2541 Midwives,65,5,15
2541 Midwives,65,10,7
2541 Midwives,75,0,3
2541 Midwives,75,5,11
2541 Midwives,75,10,15
2541 Midwives,70,0,2
2541 Midwives,70,5,12
2541 Midwives,70,10,18
2541 Midwives,80,0,1
2541 Midwives,80,5,2
2541 Midwives,80,10,10
2541 Midwives,90,10,1
2541 Midwives,85,10,1
2541 Midwives,60,5,2
2541 Midwives,60,10,5
2541 Midwives,50,5,1
2541 Midwives,40,10,1
2541 Midwives,45,0,1
3341 Plumbers,65,0,5
3341 Plumbers,65,5,9
3341 Plumbers,65,10,17
3341 Plumbers,75,10,5
3341 Plumbers,70,0,3
3341 Plumbers,70,5,4
3341 Plumbers,70,10,4
3341 Plumbers,80,10,6
3341 Plumbers,95,10,1
3341 Plumbers,85,10,1
3341 Plumbers,55,0,2
3341 Plumbers,55,5,5
3341 Plumbers,55,10,2
3341 Plumbers,60,0,2
3341 Plumbers,60,5,8
3341 Plumbers,60,10,8
3341 Plumbers,50,0,1
3341 Plumbers,50,5,1
3341 Plumbers,50,10,1
3341 Plumbers,40,0,1
3341 Plumbers,40,5,1
3341 Plumbers,45,0,1
3341 Plumbers,45,5,4
3241 Panelbeaters,65,5,5
3241 Panelbeaters,65,10,4
3241 Panelbeaters,70,10,3
3241 Panelbeaters,80,10,1
3241 Panelbeaters,85,10,1
3241 Panelbeaters,55,5,1
3241 Panelbeaters,55,10,1
3241 Panelbeaters,60,5,1
3241 Panelbeaters,45,0,1
3991 Boat Builders and Shipwrights,65,10,8
3991 Boat Builders and Shipwrights,75,5,5
3991 Boat Builders and Shipwrights,75,10,1
3991 Boat Builders and Shipwrights,70,5,1
3991 Boat Builders and Shipwrights,70,10,5
3991 Boat Builders and Shipwrights,80,10,1
3991 Boat Builders and Shipwrights,55,0,1
3991 Boat Builders and Shipwrights,60,0,1
3991 Boat Builders and Shipwrights,60,5,1
2533 Internal Medicine Specialists,65,0,4
2533 Internal Medicine Specialists,65,5,6
2533 Internal Medicine Specialists,65,10,8
2533 Internal Medicine Specialists,75,0,3
2533 Internal Medicine Specialists,75,5,3
2533 Internal Medicine Specialists,75,10,4
2533 Internal Medicine Specialists,70,0,1
2533 Internal Medicine Specialists,70,5,7
2533 Internal Medicine Specialists,70,10,6
2533 Internal Medicine Specialists,80,5,5
2533 Internal Medicine Specialists,80,10,2
2533 Internal Medicine Specialists,95,10,2
2533 Internal Medicine Specialists,90,10,1
2533 Internal Medicine Specialists,85,5,1
2533 Internal Medicine Specialists,85,10,5
2533 Internal Medicine Specialists,55,0,3
2533 Internal Medicine Specialists,55,5,3
2533 Internal Medicine Specialists,60,0,1
2533 Internal Medicine Specialists,60,5,6
2533 Internal Medicine Specialists,60,10,4
2533 Internal Medicine Specialists,50,0,1
2533 Internal Medicine Specialists,50,5,1
2533 Internal Medicine Specialists,50,10,1
2533 Internal Medicine Specialists,40,0,1
3332 Plasterers,65,0,1
3332 Plasterers,65,5,14
3332 Plasterers,65,10,11
3332 Plasterers,75,5,3
3332 Plasterers,75,10,6
3332 Plasterers,70,0,1
3332 Plasterers,70,5,2
3332 Plasterers,70,10,11
3332 Plasterers,80,10,1
3332 Plasterers,55,5,3
3332 Plasterers,55,10,2
3332 Plasterers,60,5,4
3332 Plasterers,60,10,6
3332 Plasterers,50,5,1
3332 Plasterers,45,10,2
3611 Animal Attendants and Trainers,65,10,2
3611 Animal Attendants and Trainers,80,10,1
3334 Wall and Floor Tilers,65,0,3
3334 Wall and Floor Tilers,65,5,11
3334 Wall and Floor Tilers,65,10,62
3334 Wall and Floor Tilers,75,10,13
3334 Wall and Floor Tilers,70,0,4
3334 Wall and Floor Tilers,70,5,5
3334 Wall and Floor Tilers,70,10,26
3334 Wall and Floor Tilers,80,0,1
3334 Wall and Floor Tilers,80,10,2
3334 Wall and Floor Tilers,85,10,3
3334 Wall and Floor Tilers,55,0,3
3334 Wall and Floor Tilers,55,5,1
3334 Wall and Floor Tilers,55,10,11
3334 Wall and Floor Tilers,60,0,6
3334 Wall and Floor Tilers,60,5,9
3334 Wall and Floor Tilers,60,10,25
3334 Wall and Floor Tilers,50,0,2
3334 Wall and Floor Tilers,50,5,1
2112 Music Professionals,65,5,1
2112 Music Professionals,65,10,4
2112 Music Professionals,75,10,1
2112 Music Professionals,70,5,2
2112 Music Professionals,70,10,1
2112 Music Professionals,85,5,1
2112 Music Professionals,85,10,1
2112 Music Professionals,55,5,1
2112 Music Professionals,60,0,1
2112 Music Professionals,50,0,1
2112 Music Professionals,45,5,1
3211 Automotive Electricians,65,0,5
3211 Automotive Electricians,65,5,7
3211 Automotive Electricians,65,10,16
3211 Automotive Electricians,75,5,2
3211 Automotive Electricians,75,10,5
3211 Automotive Electricians,70,0,5
3211 Automotive Electricians,70,5,3
3211 Automotive Electricians,70,10,10
3211 Automotive Electricians,80,10,6
3211 Automotive Electricians,95,10,1
3211 Automotive Electricians,55,0,1
3211 Automotive Electricians,55,5,2
3211 Automotive Electricians,55,10,2
3211 Automotive Electricians,60,0,3
3211 Automotive Electricians,60,5,2
3211 Automotive Electricians,60,10,8
3211 Automotive Electricians,50,0,11
3211 Automotive Electricians,50,5,4
3211 Automotive Electricians,40,0,3
3211 Automotive Electricians,45,0,1
3211 Automotive Electricians,45,5,3
2534 Psychiatrists,65,0,1
2534 Psychiatrists,65,10,2
2534 Psychiatrists,75,0,1
2534 Psychiatrists,75,5,3
2534 Psychiatrists,75,10,1
2534 Psychiatrists,70,5,3
2534 Psychiatrists,70,10,4
2534 Psychiatrists,80,5,1
2534 Psychiatrists,80,10,1
2534 Psychiatrists,85,5,1
2534 Psychiatrists,85,10,1
2534 Psychiatrists,55,5,1
2534 Psychiatrists,60,5,1
2534 Psychiatrists,60,10,2
2514 Optometrists and Orthoptists,65,10,3
2514 Optometrists and Orthoptists,75,5,2
2514 Optometrists and Orthoptists,75,10,12
2514 Optometrists and Orthoptists,70,5,3
2514 Optometrists and Orthoptists,70,10,6
2514 Optometrists and Orthoptists,80,10,6
2514 Optometrists and Orthoptists,95,10,1
2514 Optometrists and Orthoptists,85,5,2
2514 Optometrists and Orthoptists,85,10,3
2514 Optometrists and Orthoptists,60,10,1
2514 Optometrists and Orthoptists,50,10,1
2535 Surgeons,65,5,3
2535 Surgeons,65,10,4
2535 Surgeons,75,0,1
2535 Surgeons,75,5,1
2535 Surgeons,75,10,2
2535 Surgeons,70,5,2
2535 Surgeons,80,5,1
2535 Surgeons,80,10,1
2535 Surgeons,95,10,1
2535 Surgeons,85,5,1
2535 Surgeons,85,10,1
2535 Surgeons,55,0,1
2535 Surgeons,55,10,1
2535 Surgeons,60,5,1
2535 Surgeons,50,5,1
2535 Surgeons,100,10,1
3422 Electrical Distribution Trades Workers,70,5,1
3422 Electrical Distribution Trades Workers,60,5,1
2526 Podiatrists,65,0,1
2526 Podiatrists,65,5,1
2526 Podiatrists,65,10,4
2526 Podiatrists,75,10,16
2526 Podiatrists,70,5,1
2526 Podiatrists,70,10,7
2526 Podiatrists,80,5,1
2526 Podiatrists,80,10,4
2526 Podiatrists,55,5,1
2526 Podiatrists,60,10,4
"2111 Actors, Dancers and Other Entertainers",65,5,1
"2111 Actors, Dancers and Other Entertainers",65,10,2
"2111 Actors, Dancers and Other Entertainers",75,5,1
"2111 Actors, Dancers and Other Entertainers",75,10,3
"2111 Actors, Dancers and Other Entertainers",70,10,1
"2111 Actors, Dancers and Other Entertainers",80,5,1
"2111 Actors, Dancers and Other Entertainers",80,10,2
"2111 Actors, Dancers and Other Entertainers",85,10,1
4524 Sportspersons,70,10,1
4524 Sportspersons,80,10,1
4524 Sportspersons,55,10,1
