OccGroup,Score,Eng,n
2613 Software and Applications Programmers,65,0,1119
2613 Software and Applications Programmers,65,20,89
2613 Software and Applications Programmers,65,10,1491
2613 Software and Applications Programmers,75,0,207
2613 Software and Applications Programmers,75,20,874
2613 Software and Applications Programmers,75,10,2940
2613 Software and Applications Programmers,70,0,561
2613 Software and Applications Programmers,70,20,327
2613 Software and Applications Programmers,70,10,2464
2613 Software and Applications Programmers,80,0,46
2613 Software and Applications Programmers,80,20,1688
2613 Software and Applications Programmers,80,10,1992
2613 Software and Applications Programmers,95,20,2065
2613 Software and Applications Programmers,95,10,60
2613 Software and Applications Programmers,90,20,3452
2613 Software and Applications Programmers,90,10,375
2613 Software and Applications Programmers,85,0,17
2613 Software and Applications Programmers,85,20,2646
2613 Software and Applications Programmers,85,10,965
2613 Software and Applications Programmers,55,0,319
2613 Software and Applications Programmers,55,20,4
2613 Software and Applications Programmers,55,10,96
2613 Software and Applications Programmers,60,0,497
2613 Software and Applications Programmers,60,20,31
2613 Software and Applications Programmers,60,10,366
2613 Software and Applications Programmers,50,0,113
2613 Software and Applications Programmers,50,10,47
2613 Software and Applications Programmers,110,20,11
2613 Software and Applications Programmers,110,10,2
2613 Software and Applications Programmers,100,0,1
2613 Software and Applications Programmers,100,20,810
2613 Software and Applications Programmers,100,10,15
2613 Software and Applications Programmers,105,20,107
2613 Software and Applications Programmers,105,10,1
2613 Software and Applications Programmers,40,0,11
2613 Software and Applications Programmers,45,0,36
2613 Software and Applications Programmers,45,10,12
2613 Software and Applications Programmers,30,0,2
2613 Software and Applications Programmers,30,20,5
2613 Software and Applications Programmers,25,0,1
2613 Software and Applications Programmers,25,10,1
2613 Software and Applications Programmers,120,20,2
2613 Software and Applications Programmers,115,20,1
2613 Software and Applications Programmers,125,20,1
2613 Software and Applications Programmers,35,0,2
3212 Motor Mechanics,65,0,557
3212 Motor Mechanics,65,20,8
3212 Motor Mechanics,65,10,165
3212 Motor Mechanics,75,0,28
3212 Motor Mechanics,75,20,35
3212 Motor Mechanics,75,10,522
3212 Motor Mechanics,70,0,291
3212 Motor Mechanics,70,20,8
3212 Motor Mechanics,70,10,454
3212 Motor Mechanics,80,0,4
3212 Motor Mechanics,80,20,54
3212 Motor Mechanics,80,10,306
3212 Motor Mechanics,95,20,21
3212 Motor Mechanics,90,20,56
3212 Motor Mechanics,90,10,5
3212 Motor Mechanics,85,20,85
3212 Motor Mechanics,85,10,55
3212 Motor Mechanics,55,0,139
3212 Motor Mechanics,55,10,17
3212 Motor Mechanics,60,0,332
3212 Motor Mechanics,60,10,36
3212 Motor Mechanics,50,0,47
3212 Motor Mechanics,50,10,3
3212 Motor Mechanics,100,20,2
3212 Motor Mechanics,40,0,3
3212 Motor Mechanics,45,0,14
3212 Motor Mechanics,45,10,1
3212 Motor Mechanics,30,0,1
3212 Motor Mechanics,125,20,1
3212 Motor Mechanics,35,0,2
2332 Civil Engineering Professionals,65,0,772
2332 Civil Engineering Professionals,65,20,42
2332 Civil Engineering Professionals,65,10,1109
2332 Civil Engineering Professionals,75,0,117
2332 Civil Engineering Professionals,75,20,327
2332 Civil Engineering Professionals,75,10,1555
2332 Civil Engineering Professionals,70,0,361
2332 Civil Engineering Professionals,70,20,152
2332 Civil Engineering Professionals,70,10,1553
2332 Civil Engineering Professionals,80,0,34
2332 Civil Engineering Professionals,80,20,705
2332 Civil Engineering Professionals,80,10,881
2332 Civil Engineering Professionals,95,0,1
2332 Civil Engineering Professionals,95,20,209
2332 Civil Engineering Professionals,95,10,18
2332 Civil Engineering Professionals,90,0,2
2332 Civil Engineering Professionals,90,20,554
2332 Civil Engineering Professionals,90,10,117
2332 Civil Engineering Professionals,85,0,7
2332 Civil Engineering Professionals,85,20,956
2332 Civil Engineering Professionals,85,10,300
2332 Civil Engineering Professionals,55,0,315
2332 Civil Engineering Professionals,55,20,1
2332 Civil Engineering Professionals,55,10,71
2332 Civil Engineering Professionals,60,0,447
2332 Civil Engineering Professionals,60,20,5
2332 Civil Engineering Professionals,60,10,221
2332 Civil Engineering Professionals,50,0,125
2332 Civil Engineering Professionals,50,10,9
2332 Civil Engineering Professionals,110,20,3
2332 Civil Engineering Professionals,100,20,49
2332 Civil Engineering Professionals,100,10,1
2332 Civil Engineering Professionals,105,20,4
2332 Civil Engineering Professionals,40,0,7
2332 Civil Engineering Professionals,45,0,40
2332 Civil Engineering Professionals,45,10,1
2332 Civil Engineering Professionals,30,0,1
2332 Civil Engineering Professionals,25,0,1
2332 Civil Engineering Professionals,120,20,1
2332 Civil Engineering Professionals,35,0,3
2411 Early Childhood (Pre-primary School) Teachers,65,0,437
2411 Early Childhood (Pre-primary School) Teachers,65,20,81
2411 Early Childhood (Pre-primary School) Teachers,65,10,1349
2411 Early Childhood (Pre-primary School) Teachers,75,0,16
2411 Early Childhood (Pre-primary School) Teachers,75,20,639
2411 Early Childhood (Pre-primary School) Teachers,75,10,1814
2411 Early Childhood (Pre-primary School) Teachers,70,0,82
2411 Early Childhood (Pre-primary School) Teachers,70,20,285
2411 Early Childhood (Pre-primary School) Teachers,70,10,2313
2411 Early Childhood (Pre-primary School) Teachers,80,0,3
2411 Early Childhood (Pre-primary School) Teachers,80,20,1516
2411 Early Childhood (Pre-primary School) Teachers,80,10,489
2411 Early Childhood (Pre-primary School) Teachers,95,20,10
2411 Early Childhood (Pre-primary School) Teachers,95,10,1
2411 Early Childhood (Pre-primary School) Teachers,90,20,373
2411 Early Childhood (Pre-primary School) Teachers,90,10,1
2411 Early Childhood (Pre-primary School) Teachers,85,0,1
2411 Early Childhood (Pre-primary School) Teachers,85,20,1976
2411 Early Childhood (Pre-primary School) Teachers,85,10,25
2411 Early Childhood (Pre-primary School) Teachers,55,0,227
2411 Early Childhood (Pre-primary School) Teachers,55,20,1
2411 Early Childhood (Pre-primary School) Teachers,55,10,58
2411 Early Childhood (Pre-primary School) Teachers,60,0,466
2411 Early Childhood (Pre-primary School) Teachers,60,20,14
2411 Early Childhood (Pre-primary School) Teachers,60,10,324
2411 Early Childhood (Pre-primary School) Teachers,50,0,108
2411 Early Childhood (Pre-primary School) Teachers,50,10,13
2411 Early Childhood (Pre-primary School) Teachers,40,0,4
2411 Early Childhood (Pre-primary School) Teachers,40,10,1
2411 Early Childhood (Pre-primary School) Teachers,45,0,22
2411 Early Childhood (Pre-primary School) Teachers,45,10,1
2411 Early Childhood (Pre-primary School) Teachers,30,0,1
2411 Early Childhood (Pre-primary School) Teachers,125,20,1
2411 Early Childhood (Pre-primary School) Teachers,35,0,1
2611 ICT Business and Systems Analysts,65,0,627
2611 ICT Business and Systems Analysts,65,20,63
2611 ICT Business and Systems Analysts,65,10,643
2611 ICT Business and Systems Analysts,75,0,108
2611 ICT Business and Systems Analysts,75,20,361
2611 ICT Business and Systems Analysts,75,10,1594
2611 ICT Business and Systems Analysts,70,0,416
2611 ICT Business and Systems Analysts,70,20,175
2611 ICT Business and Systems Analysts,70,10,1064
2611 ICT Business and Systems Analysts,80,0,34
2611 ICT Business and Systems Analysts,80,20,681
2611 ICT Business and Systems Analysts,80,10,1289
2611 ICT Business and Systems Analysts,95,20,1077
2611 ICT Business and Systems Analysts,95,10,31
2611 ICT Business and Systems Analysts,90,0,1
2611 ICT Business and Systems Analysts,90,20,1723
2611 ICT Business and Systems Analysts,90,10,201
2611 ICT Business and Systems Analysts,85,0,7
2611 ICT Business and Systems Analysts,85,20,1244
2611 ICT Business and Systems Analysts,85,10,621
2611 ICT Business and Systems Analysts,55,0,128
2611 ICT Business and Systems Analysts,55,10,68
2611 ICT Business and Systems Analysts,60,0,228
2611 ICT Business and Systems Analysts,60,20,23
2611 ICT Business and Systems Analysts,60,10,145
2611 ICT Business and Systems Analysts,50,0,47
2611 ICT Business and Systems Analysts,50,10,13
2611 ICT Business and Systems Analysts,110,20,4
2611 ICT Business and Systems Analysts,100,20,406
2611 ICT Business and Systems Analysts,100,10,2
2611 ICT Business and Systems Analysts,105,20,22
2611 ICT Business and Systems Analysts,40,0,5
2611 ICT Business and Systems Analysts,40,10,3
2611 ICT Business and Systems Analysts,45,0,22
2611 ICT Business and Systems Analysts,45,10,3
2611 ICT Business and Systems Analysts,30,0,1
2211 Accountants,65,0,116
2211 Accountants,65,20,97
2211 Accountants,65,10,1240
2211 Accountants,75,0,54
2211 Accountants,75,20,386
2211 Accountants,75,10,1641
2211 Accountants,70,0,99
2211 Accountants,70,20,213
2211 Accountants,70,10,1744
2211 Accountants,80,0,18
2211 Accountants,80,20,816
2211 Accountants,80,10,902
2211 Accountants,95,20,515
2211 Accountants,95,10,23
2211 Accountants,90,0,3
2211 Accountants,90,20,875
2211 Accountants,90,10,95
2211 Accountants,85,0,5
2211 Accountants,85,20,1054
2211 Accountants,85,10,445
2211 Accountants,55,0,47
2211 Accountants,55,20,3
2211 Accountants,55,10,106
2211 Accountants,60,0,52
2211 Accountants,60,20,9
2211 Accountants,60,10,346
2211 Accountants,50,0,43
2211 Accountants,50,20,2
2211 Accountants,50,10,21
2211 Accountants,110,20,2
2211 Accountants,100,20,173
2211 Accountants,100,10,3
2211 Accountants,105,20,10
2211 Accountants,105,10,1
2211 Accountants,40,0,1
2211 Accountants,40,10,2
2211 Accountants,45,0,6
2211 Accountants,45,20,1
2211 Accountants,45,10,6
2211 Accountants,115,20,1
2211 Accountants,35,0,2
2211 Accountants,35,10,2
2344 Geologists Geophysicists and Hydrogeologists,65,0,3
2344 Geologists Geophysicists and Hydrogeologists,65,20,2
2344 Geologists Geophysicists and Hydrogeologists,65,10,15
2344 Geologists Geophysicists and Hydrogeologists,75,20,4
2344 Geologists Geophysicists and Hydrogeologists,75,10,19
2344 Geologists Geophysicists and Hydrogeologists,70,0,1
2344 Geologists Geophysicists and Hydrogeologists,70,20,3
2344 Geologists Geophysicists and Hydrogeologists,70,10,15
2344 Geologists Geophysicists and Hydrogeologists,80,20,2
2344 Geologists Geophysicists and Hydrogeologists,80,10,8
2344 Geologists Geophysicists and Hydrogeologists,90,20,4
2344 Geologists Geophysicists and Hydrogeologists,90,10,2
2344 Geologists Geophysicists and Hydrogeologists,85,20,2
2344 Geologists Geophysicists and Hydrogeologists,85,10,1
2344 Geologists Geophysicists and Hydrogeologists,55,0,7
2344 Geologists Geophysicists and Hydrogeologists,55,10,1
2344 Geologists Geophysicists and Hydrogeologists,60,0,7
2344 Geologists Geophysicists and Hydrogeologists,60,10,5
"2621 Database and Systems Administrators, and ICT Security Specialists",65,0,164
"2621 Database and Systems Administrators, and ICT Security Specialists",65,20,8
"2621 Database and Systems Administrators, and ICT Security Specialists",65,10,174
"2621 Database and Systems Administrators, and ICT Security Specialists",75,0,29
"2621 Database and Systems Administrators, and ICT Security Specialists",75,20,70
"2621 Database and Systems Administrators, and ICT Security Specialists",75,10,420
"2621 Database and Systems Administrators, and ICT Security Specialists",70,0,120
"2621 Database and Systems Administrators, and ICT Security Specialists",70,20,23
"2621 Database and Systems Administrators, and ICT Security Specialists",70,10,276
"2621 Database and Systems Administrators, and ICT Security Specialists",80,0,17
"2621 Database and Systems Administrators, and ICT Security Specialists",80,20,155
"2621 Database and Systems Administrators, and ICT Security Specialists",80,10,339
"2621 Database and Systems Administrators, and ICT Security Specialists",95,20,197
"2621 Database and Systems Administrators, and ICT Security Specialists",95,10,14
"2621 Database and Systems Administrators, and ICT Security Specialists",90,20,352
"2621 Database and Systems Administrators, and ICT Security Specialists",90,10,50
"2621 Database and Systems Administrators, and ICT Security Specialists",85,0,2
"2621 Database and Systems Administrators, and ICT Security Specialists",85,20,333
"2621 Database and Systems Administrators, and ICT Security Specialists",85,10,157
"2621 Database and Systems Administrators, and ICT Security Specialists",55,0,39
"2621 Database and Systems Administrators, and ICT Security Specialists",55,10,19
"2621 Database and Systems Administrators, and ICT Security Specialists",60,0,53
"2621 Database and Systems Administrators, and ICT Security Specialists",60,10,40
"2621 Database and Systems Administrators, and ICT Security Specialists",50,0,12
"2621 Database and Systems Administrators, and ICT Security Specialists",50,10,7
"2621 Database and Systems Administrators, and ICT Security Specialists",110,20,1
"2621 Database and Systems Administrators, and ICT Security Specialists",100,20,70
"2621 Database and Systems Administrators, and ICT Security Specialists",100,10,2
"2621 Database and Systems Administrators, and ICT Security Specialists",105,20,5
"2621 Database and Systems Administrators, and ICT Security Specialists",40,10,1
"2621 Database and Systems Administrators, and ICT Security Specialists",45,0,5
"2212 Auditors, Company Secretaries and Corporate Treasurers",65,0,62
"2212 Auditors, Company Secretaries and Corporate Treasurers",65,20,60
"2212 Auditors, Company Secretaries and Corporate Treasurers",65,10,494
"2212 Auditors, Company Secretaries and Corporate Treasurers",75,0,7
"2212 Auditors, Company Secretaries and Corporate Treasurers",75,20,194
"2212 Auditors, Company Secretaries and Corporate Treasurers",75,10,502
"2212 Auditors, Company Secretaries and Corporate Treasurers",70,0,23
"2212 Auditors, Company Secretaries and Corporate Treasurers",70,20,92
"2212 Auditors, Company Secretaries and Corporate Treasurers",70,10,614
"2212 Auditors, Company Secretaries and Corporate Treasurers",80,0,2
"2212 Auditors, Company Secretaries and Corporate Treasurers",80,20,429
"2212 Auditors, Company Secretaries and Corporate Treasurers",80,10,222
"2212 Auditors, Company Secretaries and Corporate Treasurers",95,20,95
"2212 Auditors, Company Secretaries and Corporate Treasurers",90,20,392
"2212 Auditors, Company Secretaries and Corporate Treasurers",90,10,17
"2212 Auditors, Company Secretaries and Corporate Treasurers",85,20,550
"2212 Auditors, Company Secretaries and Corporate Treasurers",85,10,89
"2212 Auditors, Company Secretaries and Corporate Treasurers",55,0,19
"2212 Auditors, Company Secretaries and Corporate Treasurers",55,20,1
"2212 Auditors, Company Secretaries and Corporate Treasurers",55,10,38
"2212 Auditors, Company Secretaries and Corporate Treasurers",60,0,24
"2212 Auditors, Company Secretaries and Corporate Treasurers",60,20,7
"2212 Auditors, Company Secretaries and Corporate Treasurers",60,10,119
"2212 Auditors, Company Secretaries and Corporate Treasurers",50,0,18
"2212 Auditors, Company Secretaries and Corporate Treasurers",50,10,6
"2212 Auditors, Company Secretaries and Corporate Treasurers",100,20,18
"2212 Auditors, Company Secretaries and Corporate Treasurers",105,20,1
"2212 Auditors, Company Secretaries and Corporate Treasurers",40,0,1
"2212 Auditors, Company Secretaries and Corporate Treasurers",45,0,3
"2212 Auditors, Company Secretaries and Corporate Treasurers",45,10,2
2345 Life Scientists,65,0,68
2345 Life Scientists,65,20,11
2345 Life Scientists,65,10,132
2345 Life Scientists,75,0,21
2345 Life Scientists,75,20,65
2345 Life Scientists,75,10,169
2345 Life Scientists,70,0,36
2345 Life Scientists,70,20,39
2345 Life Scientists,70,10,135
2345 Life Scientists,80,0,22
2345 Life Scientists,80,20,76
2345 Life Scientists,80,10,86
2345 Life Scientists,95,20,34
2345 Life Scientists,95,10,19
2345 Life Scientists,90,0,1
2345 Life Scientists,90,20,109
2345 Life Scientists,90,10,49
2345 Life Scientists,85,0,5
2345 Life Scientists,85,20,124
2345 Life Scientists,85,10,68
2345 Life Scientists,55,0,43
2345 Life Scientists,55,10,8
2345 Life Scientists,60,0,44
2345 Life Scientists,60,20,1
2345 Life Scientists,60,10,35
2345 Life Scientists,50,0,8
2345 Life Scientists,50,10,1
2345 Life Scientists,110,20,2
2345 Life Scientists,100,20,12
2345 Life Scientists,100,10,1
2345 Life Scientists,105,20,5
2345 Life Scientists,105,10,1
2345 Life Scientists,45,0,11
"2335 Industrial, Mechanical and Production Engineers",65,0,552
"2335 Industrial, Mechanical and Production Engineers",65,20,71
"2335 Industrial, Mechanical and Production Engineers",65,10,816
"2335 Industrial, Mechanical and Production Engineers",75,0,87
"2335 Industrial, Mechanical and Production Engineers",75,20,408
"2335 Industrial, Mechanical and Production Engineers",75,10,1121
"2335 Industrial, Mechanical and Production Engineers",70,0,240
"2335 Industrial, Mechanical and Production Engineers",70,20,146
"2335 Industrial, Mechanical and Production Engineers",70,10,1077
"2335 Industrial, Mechanical and Production Engineers",80,0,28
"2335 Industrial, Mechanical and Production Engineers",80,20,655
"2335 Industrial, Mechanical and Production Engineers",80,10,568
"2335 Industrial, Mechanical and Production Engineers",95,20,232
"2335 Industrial, Mechanical and Production Engineers",95,10,13
"2335 Industrial, Mechanical and Production Engineers",90,0,1
"2335 Industrial, Mechanical and Production Engineers",90,20,591
"2335 Industrial, Mechanical and Production Engineers",90,10,99
"2335 Industrial, Mechanical and Production Engineers",85,0,8
"2335 Industrial, Mechanical and Production Engineers",85,20,889
"2335 Industrial, Mechanical and Production Engineers",85,10,278
"2335 Industrial, Mechanical and Production Engineers",55,0,265
"2335 Industrial, Mechanical and Production Engineers",55,20,3
"2335 Industrial, Mechanical and Production Engineers",55,10,56
"2335 Industrial, Mechanical and Production Engineers",60,0,431
"2335 Industrial, Mechanical and Production Engineers",60,20,7
"2335 Industrial, Mechanical and Production Engineers",60,10,210
"2335 Industrial, Mechanical and Production Engineers",50,0,108
"2335 Industrial, Mechanical and Production Engineers",50,10,10
"2335 Industrial, Mechanical and Production Engineers",100,20,48
"2335 Industrial, Mechanical and Production Engineers",100,10,4
"2335 Industrial, Mechanical and Production Engineers",105,20,3
"2335 Industrial, Mechanical and Production Engineers",40,0,12
"2335 Industrial, Mechanical and Production Engineers",45,0,36
"2335 Industrial, Mechanical and Production Engineers",45,10,1
"2335 Industrial, Mechanical and Production Engineers",30,0,2
"2335 Industrial, Mechanical and Production Engineers",25,0,1
"2335 Industrial, Mechanical and Production Engineers",35,0,3
"2335 Industrial, Mechanical and Production Engineers",35,10,1
2339 Other Engineering Professionals,65,0,506
2339 Other Engineering Professionals,65,20,62
2339 Other Engineering Professionals,65,10,812
2339 Other Engineering Professionals,75,0,79
2339 Other Engineering Professionals,75,20,374
2339 Other Engineering Professionals,75,10,946
2339 Other Engineering Professionals,70,0,188
2339 Other Engineering Professionals,70,20,178
2339 Other Engineering Professionals,70,10,1087
2339 Other Engineering Professionals,80,0,39
2339 Other Engineering Professionals,80,20,697
2339 Other Engineering Professionals,80,10,519
2339 Other Engineering Professionals,95,20,248
2339 Other Engineering Professionals,95,10,15
2339 Other Engineering Professionals,90,0,1
2339 Other Engineering Professionals,90,20,520
2339 Other Engineering Professionals,90,10,118
2339 Other Engineering Professionals,85,0,4
2339 Other Engineering Professionals,85,20,932
2339 Other Engineering Professionals,85,10,224
2339 Other Engineering Professionals,55,0,295
2339 Other Engineering Professionals,55,20,2
2339 Other Engineering Professionals,55,10,67
2339 Other Engineering Professionals,60,0,402
2339 Other Engineering Professionals,60,20,9
2339 Other Engineering Professionals,60,10,192
2339 Other Engineering Professionals,50,0,103
2339 Other Engineering Professionals,50,20,1
2339 Other Engineering Professionals,50,10,17
2339 Other Engineering Professionals,100,20,84
2339 Other Engineering Professionals,105,20,14
2339 Other Engineering Professionals,40,0,7
2339 Other Engineering Professionals,45,0,41
2339 Other Engineering Professionals,45,10,5
2339 Other Engineering Professionals,30,0,4
2339 Other Engineering Professionals,35,0,3
2341 Agricultural and Forestry Scientists,65,0,132
2341 Agricultural and Forestry Scientists,65,20,16
2341 Agricultural and Forestry Scientists,65,10,202
2341 Agricultural and Forestry Scientists,75,0,24
2341 Agricultural and Forestry Scientists,75,20,45
2341 Agricultural and Forestry Scientists,75,10,128
2341 Agricultural and Forestry Scientists,70,0,51
2341 Agricultural and Forestry Scientists,70,20,35
2341 Agricultural and Forestry Scientists,70,10,162
2341 Agricultural and Forestry Scientists,80,0,9
2341 Agricultural and Forestry Scientists,80,20,41
2341 Agricultural and Forestry Scientists,80,10,94
2341 Agricultural and Forestry Scientists,95,20,11
2341 Agricultural and Forestry Scientists,95,10,4
2341 Agricultural and Forestry Scientists,90,0,1
2341 Agricultural and Forestry Scientists,90,20,15
2341 Agricultural and Forestry Scientists,90,10,7
2341 Agricultural and Forestry Scientists,85,0,1
2341 Agricultural and Forestry Scientists,85,20,26
2341 Agricultural and Forestry Scientists,85,10,23
2341 Agricultural and Forestry Scientists,55,0,35
2341 Agricultural and Forestry Scientists,55,20,1
2341 Agricultural and Forestry Scientists,55,10,8
2341 Agricultural and Forestry Scientists,60,0,61
2341 Agricultural and Forestry Scientists,60,10,32
2341 Agricultural and Forestry Scientists,50,0,21
2341 Agricultural and Forestry Scientists,50,10,3
2341 Agricultural and Forestry Scientists,100,20,4
2341 Agricultural and Forestry Scientists,40,0,1
2341 Agricultural and Forestry Scientists,45,0,7
2341 Agricultural and Forestry Scientists,30,0,1
2544 Registered Nurses,65,0,435
2544 Registered Nurses,65,20,88
2544 Registered Nurses,65,10,2801
2544 Registered Nurses,75,0,24
2544 Registered Nurses,75,20,740
2544 Registered Nurses,75,10,3060
2544 Registered Nurses,70,0,159
2544 Registered Nurses,70,20,212
2544 Registered Nurses,70,10,3482
2544 Registered Nurses,80,0,2
2544 Registered Nurses,80,20,633
2544 Registered Nurses,80,10,585
2544 Registered Nurses,95,20,5
2544 Registered Nurses,90,20,53
2544 Registered Nurses,85,20,274
2544 Registered Nurses,85,10,39
2544 Registered Nurses,55,0,253
2544 Registered Nurses,55,20,7
2544 Registered Nurses,55,10,278
2544 Registered Nurses,60,0,353
2544 Registered Nurses,60,20,18
2544 Registered Nurses,60,10,669
2544 Registered Nurses,50,0,116
2544 Registered Nurses,50,20,1
2544 Registered Nurses,50,10,69
2544 Registered Nurses,110,20,1
2544 Registered Nurses,100,20,2
2544 Registered Nurses,105,20,1
2544 Registered Nurses,40,0,20
2544 Registered Nurses,40,10,6
2544 Registered Nurses,45,0,51
2544 Registered Nurses,45,10,10
2544 Registered Nurses,30,0,1
2544 Registered Nurses,120,20,1
2544 Registered Nurses,35,0,9
2544 Registered Nurses,35,10,2
3513 Chefs,65,0,1779
3513 Chefs,65,20,32
3513 Chefs,65,10,637
3513 Chefs,75,0,190
3513 Chefs,75,20,127
3513 Chefs,75,10,1703
3513 Chefs,70,0,1029
3513 Chefs,70,20,50
3513 Chefs,70,10,1360
3513 Chefs,80,0,13
3513 Chefs,80,20,225
3513 Chefs,80,10,899
3513 Chefs,95,20,69
3513 Chefs,95,10,3
3513 Chefs,90,20,238
3513 Chefs,90,10,28
3513 Chefs,85,20,315
3513 Chefs,85,10,228
3513 Chefs,55,0,508
3513 Chefs,55,20,1
3513 Chefs,55,10,40
3513 Chefs,60,0,1108
3513 Chefs,60,20,1
3513 Chefs,60,10,135
3513 Chefs,50,0,204
3513 Chefs,50,10,8
3513 Chefs,100,20,8
3513 Chefs,105,20,3
3513 Chefs,40,0,8
3513 Chefs,45,0,50
3513 Chefs,45,10,2
3513 Chefs,30,0,1
3513 Chefs,35,0,3
2334 Electronics Engineers,65,0,132
2334 Electronics Engineers,65,20,22
2334 Electronics Engineers,65,10,300
2334 Electronics Engineers,75,0,23
2334 Electronics Engineers,75,20,131
2334 Electronics Engineers,75,10,270
2334 Electronics Engineers,70,0,41
2334 Electronics Engineers,70,20,57
2334 Electronics Engineers,70,10,316
2334 Electronics Engineers,80,0,10
2334 Electronics Engineers,80,20,200
2334 Electronics Engineers,80,10,131
2334 Electronics Engineers,95,20,300
2334 Electronics Engineers,95,10,2
2334 Electronics Engineers,90,0,1
2334 Electronics Engineers,90,20,126
2334 Electronics Engineers,90,10,28
2334 Electronics Engineers,85,0,4
2334 Electronics Engineers,85,20,234
2334 Electronics Engineers,85,10,56
2334 Electronics Engineers,55,0,84
2334 Electronics Engineers,55,10,43
2334 Electronics Engineers,60,0,114
2334 Electronics Engineers,60,20,4
2334 Electronics Engineers,60,10,88
2334 Electronics Engineers,50,0,30
2334 Electronics Engineers,50,20,1
2334 Electronics Engineers,50,10,10
2334 Electronics Engineers,100,20,5
2334 Electronics Engineers,40,0,6
2334 Electronics Engineers,45,0,8
2334 Electronics Engineers,45,10,2
2334 Electronics Engineers,25,0,1
2334 Electronics Engineers,35,0,1
3232 Metal Fitters and Machinists,65,0,34
3232 Metal Fitters and Machinists,65,20,5
3232 Metal Fitters and Machinists,65,10,33
3232 Metal Fitters and Machinists,75,0,1
3232 Metal Fitters and Machinists,75,20,19
3232 Metal Fitters and Machinists,75,10,22
3232 Metal Fitters and Machinists,70,0,19
3232 Metal Fitters and Machinists,70,20,9
3232 Metal Fitters and Machinists,70,10,42
3232 Metal Fitters and Machinists,80,0,2
3232 Metal Fitters and Machinists,80,20,8
3232 Metal Fitters and Machinists,80,10,5
3232 Metal Fitters and Machinists,85,20,3
3232 Metal Fitters and Machinists,85,10,1
3232 Metal Fitters and Machinists,55,0,32
3232 Metal Fitters and Machinists,55,10,5
3232 Metal Fitters and Machinists,60,0,59
3232 Metal Fitters and Machinists,60,10,22
3232 Metal Fitters and Machinists,50,0,45
3232 Metal Fitters and Machinists,50,10,4
3232 Metal Fitters and Machinists,40,0,6
3232 Metal Fitters and Machinists,45,0,11
3232 Metal Fitters and Machinists,30,0,1
3232 Metal Fitters and Machinists,35,0,2
2631 Computer Network Professionals,65,0,210
2631 Computer Network Professionals,65,20,15
2631 Computer Network Professionals,65,10,188
2631 Computer Network Professionals,75,0,55
2631 Computer Network Professionals,75,20,147
2631 Computer Network Professionals,75,10,437
2631 Computer Network Professionals,70,0,122
2631 Computer Network Professionals,70,20,28
2631 Computer Network Professionals,70,10,337
2631 Computer Network Professionals,80,0,23
2631 Computer Network Professionals,80,20,156
2631 Computer Network Professionals,80,10,369
2631 Computer Network Professionals,95,20,228
2631 Computer Network Professionals,95,10,18
2631 Computer Network Professionals,90,20,381
2631 Computer Network Professionals,90,10,108
2631 Computer Network Professionals,85,0,5
2631 Computer Network Professionals,85,20,245
2631 Computer Network Professionals,85,10,262
2631 Computer Network Professionals,55,0,69
2631 Computer Network Professionals,55,20,2
2631 Computer Network Professionals,55,10,11
2631 Computer Network Professionals,60,0,76
2631 Computer Network Professionals,60,20,5
2631 Computer Network Professionals,60,10,60
2631 Computer Network Professionals,50,0,20
2631 Computer Network Professionals,50,10,6
2631 Computer Network Professionals,100,20,129
2631 Computer Network Professionals,105,20,6
2631 Computer Network Professionals,40,0,3
2631 Computer Network Professionals,40,10,1
2631 Computer Network Professionals,45,0,13
2631 Computer Network Professionals,30,0,2
2631 Computer Network Professionals,35,0,2
"2342 Chemists, and Food and Wine Scientists",65,0,116
"2342 Chemists, and Food and Wine Scientists",65,20,2
"2342 Chemists, and Food and Wine Scientists",65,10,163
"2342 Chemists, and Food and Wine Scientists",75,0,18
"2342 Chemists, and Food and Wine Scientists",75,20,59
"2342 Chemists, and Food and Wine Scientists",75,10,198
"2342 Chemists, and Food and Wine Scientists",70,0,51
"2342 Chemists, and Food and Wine Scientists",70,20,12
"2342 Chemists, and Food and Wine Scientists",70,10,162
"2342 Chemists, and Food and Wine Scientists",80,0,10
"2342 Chemists, and Food and Wine Scientists",80,20,88
"2342 Chemists, and Food and Wine Scientists",80,10,113
"2342 Chemists, and Food and Wine Scientists",95,20,11
"2342 Chemists, and Food and Wine Scientists",95,10,4
"2342 Chemists, and Food and Wine Scientists",90,20,41
"2342 Chemists, and Food and Wine Scientists",90,10,6
"2342 Chemists, and Food and Wine Scientists",85,20,99
"2342 Chemists, and Food and Wine Scientists",85,10,54
"2342 Chemists, and Food and Wine Scientists",55,0,35
"2342 Chemists, and Food and Wine Scientists",55,10,11
"2342 Chemists, and Food and Wine Scientists",60,0,50
"2342 Chemists, and Food and Wine Scientists",60,20,1
"2342 Chemists, and Food and Wine Scientists",60,10,29
"2342 Chemists, and Food and Wine Scientists",50,0,15
"2342 Chemists, and Food and Wine Scientists",50,10,2
"2342 Chemists, and Food and Wine Scientists",100,20,2
"2342 Chemists, and Food and Wine Scientists",40,0,3
"2342 Chemists, and Food and Wine Scientists",45,0,4
"2342 Chemists, and Food and Wine Scientists",25,0,1
2713 Solicitors,65,0,43
2713 Solicitors,65,20,7
2713 Solicitors,65,10,67
2713 Solicitors,75,0,6
2713 Solicitors,75,20,41
2713 Solicitors,75,10,127
2713 Solicitors,70,0,18
2713 Solicitors,70,20,17
2713 Solicitors,70,10,85
2713 Solicitors,80,20,61
2713 Solicitors,80,10,56
2713 Solicitors,95,20,3
2713 Solicitors,90,20,26
2713 Solicitors,85,20,68
2713 Solicitors,85,10,9
2713 Solicitors,55,0,12
2713 Solicitors,60,0,24
2713 Solicitors,60,10,5
2713 Solicitors,50,0,2
2713 Solicitors,100,20,1
2713 Solicitors,45,0,1
2713 Solicitors,45,10,1
2331 Chemical and Materials Engineers,65,0,110
2331 Chemical and Materials Engineers,65,20,17
2331 Chemical and Materials Engineers,65,10,146
2331 Chemical and Materials Engineers,75,0,26
2331 Chemical and Materials Engineers,75,20,105
2331 Chemical and Materials Engineers,75,10,197
2331 Chemical and Materials Engineers,70,0,39
2331 Chemical and Materials Engineers,70,20,32
2331 Chemical and Materials Engineers,70,10,246
2331 Chemical and Materials Engineers,80,0,12
2331 Chemical and Materials Engineers,80,20,207
2331 Chemical and Materials Engineers,80,10,121
2331 Chemical and Materials Engineers,95,20,32
2331 Chemical and Materials Engineers,95,10,4
2331 Chemical and Materials Engineers,90,0,2
2331 Chemical and Materials Engineers,90,20,98
2331 Chemical and Materials Engineers,90,10,19
2331 Chemical and Materials Engineers,85,0,6
2331 Chemical and Materials Engineers,85,20,154
2331 Chemical and Materials Engineers,85,10,47
2331 Chemical and Materials Engineers,55,0,37
2331 Chemical and Materials Engineers,55,20,2
2331 Chemical and Materials Engineers,55,10,17
2331 Chemical and Materials Engineers,60,0,54
2331 Chemical and Materials Engineers,60,20,3
2331 Chemical and Materials Engineers,60,10,35
2331 Chemical and Materials Engineers,50,0,21
2331 Chemical and Materials Engineers,50,10,1
2331 Chemical and Materials Engineers,100,20,8
2331 Chemical and Materials Engineers,105,20,1
2331 Chemical and Materials Engineers,40,0,1
2331 Chemical and Materials Engineers,45,0,8
2331 Chemical and Materials Engineers,45,10,1
2331 Chemical and Materials Engineers,30,0,1
3123 Electrical Engineering Draftspersons and Technicians,65,0,48
3123 Electrical Engineering Draftspersons and Technicians,65,20,2
3123 Electrical Engineering Draftspersons and Technicians,65,10,44
3123 Electrical Engineering Draftspersons and Technicians,75,0,3
3123 Electrical Engineering Draftspersons and Technicians,75,20,19
3123 Electrical Engineering Draftspersons and Technicians,75,10,45
3123 Electrical Engineering Draftspersons and Technicians,70,0,15
3123 Electrical Engineering Draftspersons and Technicians,70,20,8
3123 Electrical Engineering Draftspersons and Technicians,70,10,72
3123 Electrical Engineering Draftspersons and Technicians,80,0,2
3123 Electrical Engineering Draftspersons and Technicians,80,20,15
3123 Electrical Engineering Draftspersons and Technicians,80,10,8
3123 Electrical Engineering Draftspersons and Technicians,90,20,2
3123 Electrical Engineering Draftspersons and Technicians,90,10,22
3123 Electrical Engineering Draftspersons and Technicians,85,20,11
3123 Electrical Engineering Draftspersons and Technicians,85,10,26
3123 Electrical Engineering Draftspersons and Technicians,55,0,22
3123 Electrical Engineering Draftspersons and Technicians,55,10,5
3123 Electrical Engineering Draftspersons and Technicians,60,0,24
3123 Electrical Engineering Draftspersons and Technicians,60,10,15
3123 Electrical Engineering Draftspersons and Technicians,50,0,11
3123 Electrical Engineering Draftspersons and Technicians,40,0,1
3123 Electrical Engineering Draftspersons and Technicians,45,0,1
2333 Electrical Engineers,65,0,303
2333 Electrical Engineers,65,20,14
2333 Electrical Engineers,65,10,406
2333 Electrical Engineers,75,0,37
2333 Electrical Engineers,75,20,164
2333 Electrical Engineers,75,10,546
2333 Electrical Engineers,70,0,121
2333 Electrical Engineers,70,20,54
2333 Electrical Engineers,70,10,573
2333 Electrical Engineers,80,0,20
2333 Electrical Engineers,80,20,306
2333 Electrical Engineers,80,10,308
2333 Electrical Engineers,95,20,95
2333 Electrical Engineers,95,10,7
2333 Electrical Engineers,90,20,257
2333 Electrical Engineers,90,10,40
2333 Electrical Engineers,85,0,2
2333 Electrical Engineers,85,20,354
2333 Electrical Engineers,85,10,103
2333 Electrical Engineers,55,0,167
2333 Electrical Engineers,55,20,1
2333 Electrical Engineers,55,10,46
2333 Electrical Engineers,60,0,211
2333 Electrical Engineers,60,20,5
2333 Electrical Engineers,60,10,98
2333 Electrical Engineers,50,0,72
2333 Electrical Engineers,50,10,2
2333 Electrical Engineers,100,20,24
2333 Electrical Engineers,105,20,3
2333 Electrical Engineers,40,0,7
2333 Electrical Engineers,45,0,19
2333 Electrical Engineers,45,10,1
2333 Electrical Engineers,120,20,1
2333 Electrical Engineers,35,0,1
2321 Architects and Landscape Architects,65,0,130
2321 Architects and Landscape Architects,65,20,1
2321 Architects and Landscape Architects,65,10,72
2321 Architects and Landscape Architects,75,0,14
2321 Architects and Landscape Architects,75,20,33
2321 Architects and Landscape Architects,75,10,264
2321 Architects and Landscape Architects,70,0,60
2321 Architects and Landscape Architects,70,20,9
2321 Architects and Landscape Architects,70,10,213
2321 Architects and Landscape Architects,80,20,123
2321 Architects and Landscape Architects,80,10,137
2321 Architects and Landscape Architects,95,20,2
2321 Architects and Landscape Architects,95,10,1
2321 Architects and Landscape Architects,90,20,30
2321 Architects and Landscape Architects,90,10,3
2321 Architects and Landscape Architects,85,20,139
2321 Architects and Landscape Architects,85,10,31
2321 Architects and Landscape Architects,55,0,25
2321 Architects and Landscape Architects,55,10,1
2321 Architects and Landscape Architects,60,0,68
2321 Architects and Landscape Architects,60,20,1
2321 Architects and Landscape Architects,60,10,16
2321 Architects and Landscape Architects,50,0,4
2321 Architects and Landscape Architects,45,0,2
2321 Architects and Landscape Architects,45,10,1
2531 General Practitioners and Resident Medical officers,65,0,24
2531 General Practitioners and Resident Medical officers,65,20,9
2531 General Practitioners and Resident Medical officers,65,10,60
2531 General Practitioners and Resident Medical officers,75,0,6
2531 General Practitioners and Resident Medical officers,75,20,56
2531 General Practitioners and Resident Medical officers,75,10,158
2531 General Practitioners and Resident Medical officers,70,0,16
2531 General Practitioners and Resident Medical officers,70,20,18
2531 General Practitioners and Resident Medical officers,70,10,139
2531 General Practitioners and Resident Medical officers,80,0,1
2531 General Practitioners and Resident Medical officers,80,20,96
2531 General Practitioners and Resident Medical officers,80,10,31
2531 General Practitioners and Resident Medical officers,95,20,1
2531 General Practitioners and Resident Medical officers,95,10,1
2531 General Practitioners and Resident Medical officers,90,20,17
2531 General Practitioners and Resident Medical officers,90,10,1
2531 General Practitioners and Resident Medical officers,85,0,1
2531 General Practitioners and Resident Medical officers,85,20,53
2531 General Practitioners and Resident Medical officers,85,10,4
2531 General Practitioners and Resident Medical officers,55,0,11
2531 General Practitioners and Resident Medical officers,55,20,1
2531 General Practitioners and Resident Medical officers,55,10,2
2531 General Practitioners and Resident Medical officers,60,0,31
2531 General Practitioners and Resident Medical officers,60,10,15
2531 General Practitioners and Resident Medical officers,50,0,2
2531 General Practitioners and Resident Medical officers,50,10,2
2531 General Practitioners and Resident Medical officers,40,0,1
2531 General Practitioners and Resident Medical officers,45,0,1
2531 General Practitioners and Resident Medical officers,125,20,1
2247 Management and Organisation Analysts,65,0,17
2247 Management and Organisation Analysts,65,20,8
2247 Management and Organisation Analysts,65,10,65
2247 Management and Organisation Analysts,75,0,4
2247 Management and Organisation Analysts,75,20,64
2247 Management and Organisation Analysts,75,10,68
2247 Management and Organisation Analysts,70,0,7
2247 Management and Organisation Analysts,70,20,29
2247 Management and Organisation Analysts,70,10,59
2247 Management and Organisation Analysts,80,0,1
2247 Management and Organisation Analysts,80,20,77
2247 Management and Organisation Analysts,80,10,22
2247 Management and Organisation Analysts,95,20,10
2247 Management and Organisation Analysts,90,20,35
2247 Management and Organisation Analysts,90,10,1
2247 Management and Organisation Analysts,85,20,57
2247 Management and Organisation Analysts,85,10,7
2247 Management and Organisation Analysts,55,0,8
2247 Management and Organisation Analysts,55,10,5
2247 Management and Organisation Analysts,60,0,10
2247 Management and Organisation Analysts,60,20,2
2247 Management and Organisation Analysts,60,10,13
2247 Management and Organisation Analysts,50,0,3
2247 Management and Organisation Analysts,105,20,1
2247 Management and Organisation Analysts,45,0,3
2347 Veterinarians,65,0,11
2347 Veterinarians,65,20,1
2347 Veterinarians,65,10,10
2347 Veterinarians,75,0,3
2347 Veterinarians,75,20,18
2347 Veterinarians,75,10,34
2347 Veterinarians,70,0,12
2347 Veterinarians,70,20,4
2347 Veterinarians,70,10,14
2347 Veterinarians,80,20,15
2347 Veterinarians,80,10,15
2347 Veterinarians,95,20,1
2347 Veterinarians,90,20,13
2347 Veterinarians,85,20,25
2347 Veterinarians,85,10,7
2347 Veterinarians,55,0,4
2347 Veterinarians,55,10,3
2347 Veterinarians,60,0,5
2347 Veterinarians,60,10,3
2414 Secondary School Teachers,65,0,86
2414 Secondary School Teachers,65,20,50
2414 Secondary School Teachers,65,10,481
2414 Secondary School Teachers,75,0,5
2414 Secondary School Teachers,75,20,250
2414 Secondary School Teachers,75,10,404
2414 Secondary School Teachers,70,0,29
2414 Secondary School Teachers,70,20,127
2414 Secondary School Teachers,70,10,510
2414 Secondary School Teachers,80,20,186
2414 Secondary School Teachers,80,10,71
2414 Secondary School Teachers,95,20,3
2414 Secondary School Teachers,90,20,23
2414 Secondary School Teachers,85,20,64
2414 Secondary School Teachers,85,10,6
2414 Secondary School Teachers,55,0,46
2414 Secondary School Teachers,55,20,10
2414 Secondary School Teachers,55,10,35
2414 Secondary School Teachers,60,0,75
2414 Secondary School Teachers,60,20,14
2414 Secondary School Teachers,60,10,129
2414 Secondary School Teachers,50,0,12
2414 Secondary School Teachers,50,10,21
2414 Secondary School Teachers,100,20,1
2414 Secondary School Teachers,40,0,1
2414 Secondary School Teachers,40,10,2
2414 Secondary School Teachers,45,0,6
2414 Secondary School Teachers,45,10,3
1341 Child Care Centre Managers,65,0,7
1341 Child Care Centre Managers,65,10,4
1341 Child Care Centre Managers,75,0,2
1341 Child Care Centre Managers,75,10,4
1341 Child Care Centre Managers,70,0,5
1341 Child Care Centre Managers,70,10,4
1341 Child Care Centre Managers,95,10,1
1341 Child Care Centre Managers,85,10,1
1341 Child Care Centre Managers,55,0,2
1341 Child Care Centre Managers,60,0,5
1341 Child Care Centre Managers,60,10,2
1341 Child Care Centre Managers,50,0,7
1341 Child Care Centre Managers,50,10,1
"2241 Actuaries, Mathematicians and Statisticians",65,0,32
"2241 Actuaries, Mathematicians and Statisticians",65,20,4
"2241 Actuaries, Mathematicians and Statisticians",65,10,47
"2241 Actuaries, Mathematicians and Statisticians",75,0,10
"2241 Actuaries, Mathematicians and Statisticians",75,20,33
"2241 Actuaries, Mathematicians and Statisticians",75,10,119
"2241 Actuaries, Mathematicians and Statisticians",70,0,16
"2241 Actuaries, Mathematicians and Statisticians",70,20,25
"2241 Actuaries, Mathematicians and Statisticians",70,10,62
"2241 Actuaries, Mathematicians and Statisticians",80,0,2
"2241 Actuaries, Mathematicians and Statisticians",80,20,83
"2241 Actuaries, Mathematicians and Statisticians",80,10,82
"2241 Actuaries, Mathematicians and Statisticians",95,20,30
"2241 Actuaries, Mathematicians and Statisticians",95,10,1
"2241 Actuaries, Mathematicians and Statisticians",90,20,109
"2241 Actuaries, Mathematicians and Statisticians",90,10,6
"2241 Actuaries, Mathematicians and Statisticians",85,0,1
"2241 Actuaries, Mathematicians and Statisticians",85,20,142
"2241 Actuaries, Mathematicians and Statisticians",85,10,27
"2241 Actuaries, Mathematicians and Statisticians",55,0,7
"2241 Actuaries, Mathematicians and Statisticians",55,10,4
"2241 Actuaries, Mathematicians and Statisticians",60,0,24
"2241 Actuaries, Mathematicians and Statisticians",60,10,10
"2241 Actuaries, Mathematicians and Statisticians",50,0,1
"2241 Actuaries, Mathematicians and Statisticians",100,20,5
"2241 Actuaries, Mathematicians and Statisticians",105,20,3
"2241 Actuaries, Mathematicians and Statisticians",45,0,2
"2241 Actuaries, Mathematicians and Statisticians",45,10,1
3331 Glaziers,65,0,3
3331 Glaziers,65,10,2
3331 Glaziers,75,20,6
3331 Glaziers,75,10,2
3331 Glaziers,70,20,1
3331 Glaziers,80,20,1
3331 Glaziers,55,0,1
3331 Glaziers,60,10,1
2421 University Lecturers and Tutors,65,0,129
2421 University Lecturers and Tutors,65,20,25
2421 University Lecturers and Tutors,65,10,277
2421 University Lecturers and Tutors,75,0,51
2421 University Lecturers and Tutors,75,20,113
2421 University Lecturers and Tutors,75,10,218
2421 University Lecturers and Tutors,70,0,89
2421 University Lecturers and Tutors,70,20,77
2421 University Lecturers and Tutors,70,10,270
2421 University Lecturers and Tutors,80,0,42
2421 University Lecturers and Tutors,80,20,132
2421 University Lecturers and Tutors,80,10,113
2421 University Lecturers and Tutors,95,20,65
2421 University Lecturers and Tutors,95,10,35
2421 University Lecturers and Tutors,90,0,3
2421 University Lecturers and Tutors,90,20,125
2421 University Lecturers and Tutors,90,10,84
2421 University Lecturers and Tutors,85,0,26
2421 University Lecturers and Tutors,85,20,114
2421 University Lecturers and Tutors,85,10,113
2421 University Lecturers and Tutors,55,0,39
2421 University Lecturers and Tutors,55,20,1
2421 University Lecturers and Tutors,55,10,34
2421 University Lecturers and Tutors,60,0,66
2421 University Lecturers and Tutors,60,20,1
2421 University Lecturers and Tutors,60,10,109
2421 University Lecturers and Tutors,50,0,27
2421 University Lecturers and Tutors,50,10,10
2421 University Lecturers and Tutors,110,20,1
2421 University Lecturers and Tutors,100,20,44
2421 University Lecturers and Tutors,100,10,7
2421 University Lecturers and Tutors,105,20,11
2421 University Lecturers and Tutors,105,10,1
2421 University Lecturers and Tutors,40,0,2
2421 University Lecturers and Tutors,45,0,5
2421 University Lecturers and Tutors,45,10,1
2633 Telecommunications Engineering Professionals,65,0,69
2633 Telecommunications Engineering Professionals,65,20,17
2633 Telecommunications Engineering Professionals,65,10,132
2633 Telecommunications Engineering Professionals,75,0,12
2633 Telecommunications Engineering Professionals,75,20,131
2633 Telecommunications Engineering Professionals,75,10,147
2633 Telecommunications Engineering Professionals,70,0,22
2633 Telecommunications Engineering Professionals,70,20,17
2633 Telecommunications Engineering Professionals,70,10,165
2633 Telecommunications Engineering Professionals,80,0,7
2633 Telecommunications Engineering Professionals,80,20,126
2633 Telecommunications Engineering Professionals,80,10,82
2633 Telecommunications Engineering Professionals,95,20,28
2633 Telecommunications Engineering Professionals,95,10,1
2633 Telecommunications Engineering Professionals,90,20,94
2633 Telecommunications Engineering Professionals,90,10,15
2633 Telecommunications Engineering Professionals,85,20,136
2633 Telecommunications Engineering Professionals,85,10,46
2633 Telecommunications Engineering Professionals,55,0,52
2633 Telecommunications Engineering Professionals,55,10,18
2633 Telecommunications Engineering Professionals,60,0,64
2633 Telecommunications Engineering Professionals,60,10,54
2633 Telecommunications Engineering Professionals,50,0,13
2633 Telecommunications Engineering Professionals,50,10,11
2633 Telecommunications Engineering Professionals,100,20,4
2633 Telecommunications Engineering Professionals,100,10,1
2633 Telecommunications Engineering Professionals,40,0,4
2633 Telecommunications Engineering Professionals,40,10,1
2633 Telecommunications Engineering Professionals,45,0,8
2633 Telecommunications Engineering Professionals,35,0,1
1332 Engineering Managers,65,0,14
1332 Engineering Managers,65,20,7
1332 Engineering Managers,65,10,54
1332 Engineering Managers,75,0,1
1332 Engineering Managers,75,20,14
1332 Engineering Managers,75,10,41
1332 Engineering Managers,70,0,4
1332 Engineering Managers,70,20,11
1332 Engineering Managers,70,10,54
1332 Engineering Managers,80,20,17
1332 Engineering Managers,80,10,4
1332 Engineering Managers,90,20,1
1332 Engineering Managers,85,20,5
1332 Engineering Managers,85,10,1
1332 Engineering Managers,55,0,12
1332 Engineering Managers,55,10,18
1332 Engineering Managers,60,0,9
1332 Engineering Managers,60,20,1
1332 Engineering Managers,60,10,16
1332 Engineering Managers,50,0,1
1332 Engineering Managers,50,10,1
1332 Engineering Managers,40,0,2
1332 Engineering Managers,45,0,4
3122 Civil Engineering Draftspersons and Technicians,65,0,557
3122 Civil Engineering Draftspersons and Technicians,65,20,59
3122 Civil Engineering Draftspersons and Technicians,65,10,970
3122 Civil Engineering Draftspersons and Technicians,75,0,18
3122 Civil Engineering Draftspersons and Technicians,75,20,414
3122 Civil Engineering Draftspersons and Technicians,75,10,982
3122 Civil Engineering Draftspersons and Technicians,70,0,141
3122 Civil Engineering Draftspersons and Technicians,70,20,209
3122 Civil Engineering Draftspersons and Technicians,70,10,1382
3122 Civil Engineering Draftspersons and Technicians,80,0,6
3122 Civil Engineering Draftspersons and Technicians,80,20,615
3122 Civil Engineering Draftspersons and Technicians,80,10,276
3122 Civil Engineering Draftspersons and Technicians,95,20,25
3122 Civil Engineering Draftspersons and Technicians,95,10,1
3122 Civil Engineering Draftspersons and Technicians,90,0,2
3122 Civil Engineering Draftspersons and Technicians,90,20,149
3122 Civil Engineering Draftspersons and Technicians,90,10,19
3122 Civil Engineering Draftspersons and Technicians,85,0,1
3122 Civil Engineering Draftspersons and Technicians,85,20,550
3122 Civil Engineering Draftspersons and Technicians,85,10,90
3122 Civil Engineering Draftspersons and Technicians,55,0,315
3122 Civil Engineering Draftspersons and Technicians,55,20,3
3122 Civil Engineering Draftspersons and Technicians,55,10,74
3122 Civil Engineering Draftspersons and Technicians,60,0,410
3122 Civil Engineering Draftspersons and Technicians,60,20,4
3122 Civil Engineering Draftspersons and Technicians,60,10,295
3122 Civil Engineering Draftspersons and Technicians,50,0,154
3122 Civil Engineering Draftspersons and Technicians,50,20,1
3122 Civil Engineering Draftspersons and Technicians,50,10,14
3122 Civil Engineering Draftspersons and Technicians,100,20,2
3122 Civil Engineering Draftspersons and Technicians,105,20,1
3122 Civil Engineering Draftspersons and Technicians,40,0,28
3122 Civil Engineering Draftspersons and Technicians,45,0,39
3122 Civil Engineering Draftspersons and Technicians,45,10,5
3122 Civil Engineering Draftspersons and Technicians,25,0,1
3122 Civil Engineering Draftspersons and Technicians,35,0,5
1399 Other Specialist Managers,65,0,12
1399 Other Specialist Managers,65,20,2
1399 Other Specialist Managers,65,10,21
1399 Other Specialist Managers,75,0,1
1399 Other Specialist Managers,75,20,17
1399 Other Specialist Managers,75,10,30
1399 Other Specialist Managers,70,0,7
1399 Other Specialist Managers,70,20,5
1399 Other Specialist Managers,70,10,30
1399 Other Specialist Managers,80,20,13
1399 Other Specialist Managers,80,10,4
1399 Other Specialist Managers,90,20,3
1399 Other Specialist Managers,85,20,7
1399 Other Specialist Managers,85,10,3
1399 Other Specialist Managers,55,0,9
1399 Other Specialist Managers,55,10,10
1399 Other Specialist Managers,60,0,12
1399 Other Specialist Managers,60,10,13
1399 Other Specialist Managers,50,0,3
1399 Other Specialist Managers,50,10,1
1399 Other Specialist Managers,40,0,1
1399 Other Specialist Managers,45,0,1
2322 Cartographers and Surveyors,65,0,32
2322 Cartographers and Surveyors,65,20,1
2322 Cartographers and Surveyors,65,10,44
2322 Cartographers and Surveyors,75,0,4
2322 Cartographers and Surveyors,75,20,7
2322 Cartographers and Surveyors,75,10,40
2322 Cartographers and Surveyors,70,0,22
2322 Cartographers and Surveyors,70,20,7
2322 Cartographers and Surveyors,70,10,40
2322 Cartographers and Surveyors,80,0,3
2322 Cartographers and Surveyors,80,20,9
2322 Cartographers and Surveyors,80,10,11
2322 Cartographers and Surveyors,90,20,3
2322 Cartographers and Surveyors,90,10,2
2322 Cartographers and Surveyors,85,20,14
2322 Cartographers and Surveyors,85,10,11
2322 Cartographers and Surveyors,55,0,12
2322 Cartographers and Surveyors,55,10,8
2322 Cartographers and Surveyors,60,0,31
2322 Cartographers and Surveyors,60,10,13
2322 Cartographers and Surveyors,50,0,3
2322 Cartographers and Surveyors,50,10,1
2322 Cartographers and Surveyors,40,0,1
3233 Precision Metal Trades Workers,65,0,2
3233 Precision Metal Trades Workers,65,10,1
3233 Precision Metal Trades Workers,75,10,2
3233 Precision Metal Trades Workers,70,0,1
3233 Precision Metal Trades Workers,70,10,2
3233 Precision Metal Trades Workers,55,0,2
3233 Precision Metal Trades Workers,60,0,1
3233 Precision Metal Trades Workers,45,0,1
2245 Land Economists and Valuers,65,0,7
2245 Land Economists and Valuers,65,10,13
2245 Land Economists and Valuers,75,0,3
2245 Land Economists and Valuers,75,20,3
2245 Land Economists and Valuers,75,10,29
2245 Land Economists and Valuers,70,0,4
2245 Land Economists and Valuers,70,20,2
2245 Land Economists and Valuers,70,10,9
2245 Land Economists and Valuers,80,20,8
2245 Land Economists and Valuers,80,10,8
2245 Land Economists and Valuers,90,20,1
2245 Land Economists and Valuers,85,20,4
2245 Land Economists and Valuers,85,10,1
2245 Land Economists and Valuers,55,10,2
2245 Land Economists and Valuers,60,0,3
2245 Land Economists and Valuers,60,10,1
2245 Land Economists and Valuers,50,0,1
2245 Land Economists and Valuers,40,0,1
2245 Land Economists and Valuers,45,0,1
2245 Land Economists and Valuers,30,0,1
2336 Mining Engineers,65,0,101
2336 Mining Engineers,65,20,2
2336 Mining Engineers,65,10,90
2336 Mining Engineers,75,0,11
2336 Mining Engineers,75,20,21
2336 Mining Engineers,75,10,119
2336 Mining Engineers,70,0,38
2336 Mining Engineers,70,20,22
2336 Mining Engineers,70,10,98
2336 Mining Engineers,80,0,3
2336 Mining Engineers,80,20,37
2336 Mining Engineers,80,10,56
2336 Mining Engineers,95,20,4
2336 Mining Engineers,90,20,11
2336 Mining Engineers,90,10,3
2336 Mining Engineers,85,0,1
2336 Mining Engineers,85,20,17
2336 Mining Engineers,85,10,21
2336 Mining Engineers,55,0,31
2336 Mining Engineers,55,10,3
2336 Mining Engineers,60,0,25
2336 Mining Engineers,60,20,1
2336 Mining Engineers,60,10,28
2336 Mining Engineers,50,0,18
2336 Mining Engineers,50,10,1
2336 Mining Engineers,40,0,1
2336 Mining Engineers,45,0,5
2336 Mining Engineers,45,10,1
2612 Multimedia Specialists and Web Developers,65,0,16
2612 Multimedia Specialists and Web Developers,65,20,2
2612 Multimedia Specialists and Web Developers,65,10,27
2612 Multimedia Specialists and Web Developers,75,0,6
2612 Multimedia Specialists and Web Developers,75,20,9
2612 Multimedia Specialists and Web Developers,75,10,45
2612 Multimedia Specialists and Web Developers,70,0,22
2612 Multimedia Specialists and Web Developers,70,20,6
2612 Multimedia Specialists and Web Developers,70,10,40
2612 Multimedia Specialists and Web Developers,80,0,2
2612 Multimedia Specialists and Web Developers,80,20,12
2612 Multimedia Specialists and Web Developers,80,10,38
2612 Multimedia Specialists and Web Developers,95,20,43
2612 Multimedia Specialists and Web Developers,95,10,1
2612 Multimedia Specialists and Web Developers,90,20,111
2612 Multimedia Specialists and Web Developers,90,10,5
2612 Multimedia Specialists and Web Developers,85,20,61
2612 Multimedia Specialists and Web Developers,85,10,14
2612 Multimedia Specialists and Web Developers,55,0,5
2612 Multimedia Specialists and Web Developers,55,10,1
2612 Multimedia Specialists and Web Developers,60,0,6
2612 Multimedia Specialists and Web Developers,60,10,4
2612 Multimedia Specialists and Web Developers,50,0,11
2612 Multimedia Specialists and Web Developers,50,10,1
2612 Multimedia Specialists and Web Developers,100,20,8
2612 Multimedia Specialists and Web Developers,40,0,1
3223 Structural Steel and Welding Trades Workers,65,0,121
3223 Structural Steel and Welding Trades Workers,65,10,88
3223 Structural Steel and Welding Trades Workers,75,0,10
3223 Structural Steel and Welding Trades Workers,75,20,22
3223 Structural Steel and Welding Trades Workers,75,10,101
3223 Structural Steel and Welding Trades Workers,70,0,34
3223 Structural Steel and Welding Trades Workers,70,20,10
3223 Structural Steel and Welding Trades Workers,70,10,121
3223 Structural Steel and Welding Trades Workers,80,0,1
3223 Structural Steel and Welding Trades Workers,80,20,30
3223 Structural Steel and Welding Trades Workers,80,10,45
3223 Structural Steel and Welding Trades Workers,90,20,7
3223 Structural Steel and Welding Trades Workers,85,20,5
3223 Structural Steel and Welding Trades Workers,85,10,5
3223 Structural Steel and Welding Trades Workers,55,0,37
3223 Structural Steel and Welding Trades Workers,55,10,5
3223 Structural Steel and Welding Trades Workers,60,0,56
3223 Structural Steel and Welding Trades Workers,60,20,2
3223 Structural Steel and Welding Trades Workers,60,10,28
3223 Structural Steel and Welding Trades Workers,50,0,15
3223 Structural Steel and Welding Trades Workers,50,10,2
3223 Structural Steel and Welding Trades Workers,40,0,3
3223 Structural Steel and Welding Trades Workers,45,0,10
3223 Structural Steel and Welding Trades Workers,30,0,2
2349 Other Natural and Physical Science Professionals,65,0,24
2349 Other Natural and Physical Science Professionals,65,20,1
2349 Other Natural and Physical Science Professionals,65,10,38
2349 Other Natural and Physical Science Professionals,75,0,7
2349 Other Natural and Physical Science Professionals,75,20,14
2349 Other Natural and Physical Science Professionals,75,10,31
2349 Other Natural and Physical Science Professionals,70,0,2
2349 Other Natural and Physical Science Professionals,70,20,3
2349 Other Natural and Physical Science Professionals,70,10,43
2349 Other Natural and Physical Science Professionals,80,0,4
2349 Other Natural and Physical Science Professionals,80,20,10
2349 Other Natural and Physical Science Professionals,80,10,4
2349 Other Natural and Physical Science Professionals,95,20,1
2349 Other Natural and Physical Science Professionals,95,10,2
2349 Other Natural and Physical Science Professionals,90,20,1
2349 Other Natural and Physical Science Professionals,90,10,2
2349 Other Natural and Physical Science Professionals,85,0,1
2349 Other Natural and Physical Science Professionals,85,20,12
2349 Other Natural and Physical Science Professionals,85,10,7
2349 Other Natural and Physical Science Professionals,55,0,3
2349 Other Natural and Physical Science Professionals,55,10,3
2349 Other Natural and Physical Science Professionals,60,0,5
2349 Other Natural and Physical Science Professionals,60,10,6
2349 Other Natural and Physical Science Professionals,50,0,5
2349 Other Natural and Physical Science Professionals,50,20,1
2349 Other Natural and Physical Science Professionals,100,20,3
2349 Other Natural and Physical Science Professionals,105,20,2
2349 Other Natural and Physical Science Professionals,40,0,1
1331 Construction Managers,65,0,183
1331 Construction Managers,65,20,26
1331 Construction Managers,65,10,300
1331 Construction Managers,75,0,11
1331 Construction Managers,75,20,135
1331 Construction Managers,75,10,385
1331 Construction Managers,70,0,62
1331 Construction Managers,70,20,58
1331 Construction Managers,70,10,416
1331 Construction Managers,80,0,2
1331 Construction Managers,80,20,148
1331 Construction Managers,80,10,126
1331 Construction Managers,95,20,13
1331 Construction Managers,90,20,30
1331 Construction Managers,90,10,2
1331 Construction Managers,85,20,69
1331 Construction Managers,85,10,21
1331 Construction Managers,55,0,65
1331 Construction Managers,55,10,31
1331 Construction Managers,60,0,98
1331 Construction Managers,60,20,2
1331 Construction Managers,60,10,53
1331 Construction Managers,50,0,21
1331 Construction Managers,100,20,1
1331 Construction Managers,40,0,8
1331 Construction Managers,45,0,11
1331 Construction Managers,45,10,1
1331 Construction Managers,35,0,2
2343 Environmental Scientists,65,0,48
2343 Environmental Scientists,65,20,3
2343 Environmental Scientists,65,10,59
2343 Environmental Scientists,75,0,11
2343 Environmental Scientists,75,20,22
2343 Environmental Scientists,75,10,84
2343 Environmental Scientists,70,0,19
2343 Environmental Scientists,70,20,24
2343 Environmental Scientists,70,10,84
2343 Environmental Scientists,80,0,6
2343 Environmental Scientists,80,20,41
2343 Environmental Scientists,80,10,28
2343 Environmental Scientists,95,20,4
2343 Environmental Scientists,90,0,1
2343 Environmental Scientists,90,20,19
2343 Environmental Scientists,90,10,6
2343 Environmental Scientists,85,0,2
2343 Environmental Scientists,85,20,46
2343 Environmental Scientists,85,10,19
2343 Environmental Scientists,55,0,8
2343 Environmental Scientists,55,10,4
2343 Environmental Scientists,60,0,22
2343 Environmental Scientists,60,20,2
2343 Environmental Scientists,60,10,15
2343 Environmental Scientists,50,0,3
2343 Environmental Scientists,100,20,2
2343 Environmental Scientists,40,0,2
2343 Environmental Scientists,45,0,2
2711 Barristers,65,10,1
2711 Barristers,75,10,1
2711 Barristers,70,10,1
2711 Barristers,80,20,2
2711 Barristers,80,10,2
2711 Barristers,85,20,1
2711 Barristers,55,0,1
3132 Telecommunications Technical Specialists,65,0,49
3132 Telecommunications Technical Specialists,65,20,10
3132 Telecommunications Technical Specialists,65,10,110
3132 Telecommunications Technical Specialists,75,0,7
3132 Telecommunications Technical Specialists,75,20,43
3132 Telecommunications Technical Specialists,75,10,87
3132 Telecommunications Technical Specialists,70,0,26
3132 Telecommunications Technical Specialists,70,20,18
3132 Telecommunications Technical Specialists,70,10,118
3132 Telecommunications Technical Specialists,80,20,51
3132 Telecommunications Technical Specialists,80,10,32
3132 Telecommunications Technical Specialists,90,20,32
3132 Telecommunications Technical Specialists,85,20,46
3132 Telecommunications Technical Specialists,85,10,1
3132 Telecommunications Technical Specialists,55,0,38
3132 Telecommunications Technical Specialists,55,10,17
3132 Telecommunications Technical Specialists,60,0,56
3132 Telecommunications Technical Specialists,60,20,1
3132 Telecommunications Technical Specialists,60,10,38
3132 Telecommunications Technical Specialists,50,0,31
3132 Telecommunications Technical Specialists,50,10,2
3132 Telecommunications Technical Specialists,40,0,4
3132 Telecommunications Technical Specialists,45,0,8
3132 Telecommunications Technical Specialists,35,0,1
3312 Carpenters and Joiners,65,0,303
3312 Carpenters and Joiners,65,20,13
3312 Carpenters and Joiners,65,10,202
3312 Carpenters and Joiners,75,20,13
3312 Carpenters and Joiners,75,10,70
3312 Carpenters and Joiners,70,0,43
3312 Carpenters and Joiners,70,20,24
3312 Carpenters and Joiners,70,10,155
3312 Carpenters and Joiners,80,20,12
3312 Carpenters and Joiners,80,10,14
3312 Carpenters and Joiners,90,20,4
3312 Carpenters and Joiners,85,20,5
3312 Carpenters and Joiners,85,10,1
3312 Carpenters and Joiners,55,0,113
3312 Carpenters and Joiners,55,10,8
3312 Carpenters and Joiners,60,0,215
3312 Carpenters and Joiners,60,20,2
3312 Carpenters and Joiners,60,10,25
3312 Carpenters and Joiners,50,0,27
3312 Carpenters and Joiners,50,10,3
3312 Carpenters and Joiners,100,20,1
3312 Carpenters and Joiners,40,0,3
3312 Carpenters and Joiners,45,0,11
3312 Carpenters and Joiners,30,0,1
2725 Social Workers,65,0,26
2725 Social Workers,65,20,23
2725 Social Workers,65,10,202
2725 Social Workers,75,0,1
2725 Social Workers,75,20,108
2725 Social Workers,75,10,307
2725 Social Workers,70,0,7
2725 Social Workers,70,20,73
2725 Social Workers,70,10,358
2725 Social Workers,80,20,103
2725 Social Workers,80,10,55
2725 Social Workers,90,20,7
2725 Social Workers,85,20,54
2725 Social Workers,85,10,2
2725 Social Workers,55,0,15
2725 Social Workers,55,20,1
2725 Social Workers,55,10,11
2725 Social Workers,60,0,9
2725 Social Workers,60,10,37
2725 Social Workers,50,0,3
2725 Social Workers,50,10,4
2725 Social Workers,40,10,1
2725 Social Workers,45,10,3
3322 Painting Trades Workers,65,0,283
3322 Painting Trades Workers,65,20,2
3322 Painting Trades Workers,65,10,140
3322 Painting Trades Workers,75,0,19
3322 Painting Trades Workers,75,20,14
3322 Painting Trades Workers,75,10,153
3322 Painting Trades Workers,70,0,128
3322 Painting Trades Workers,70,20,10
3322 Painting Trades Workers,70,10,205
3322 Painting Trades Workers,80,0,1
3322 Painting Trades Workers,80,20,52
3322 Painting Trades Workers,80,10,37
3322 Painting Trades Workers,90,20,5
3322 Painting Trades Workers,85,20,11
3322 Painting Trades Workers,85,10,11
3322 Painting Trades Workers,55,0,65
3322 Painting Trades Workers,55,10,6
3322 Painting Trades Workers,60,0,155
3322 Painting Trades Workers,60,10,18
3322 Painting Trades Workers,50,0,22
3322 Painting Trades Workers,50,10,3
3322 Painting Trades Workers,40,0,5
3322 Painting Trades Workers,45,0,6
3322 Painting Trades Workers,35,0,1
3423 Electronics Trades Workers,65,0,51
3423 Electronics Trades Workers,65,20,3
3423 Electronics Trades Workers,65,10,56
3423 Electronics Trades Workers,75,0,2
3423 Electronics Trades Workers,75,20,14
3423 Electronics Trades Workers,75,10,47
3423 Electronics Trades Workers,70,0,12
3423 Electronics Trades Workers,70,20,4
3423 Electronics Trades Workers,70,10,69
3423 Electronics Trades Workers,80,20,8
3423 Electronics Trades Workers,80,10,12
3423 Electronics Trades Workers,90,10,1
3423 Electronics Trades Workers,85,20,2
3423 Electronics Trades Workers,85,10,2
3423 Electronics Trades Workers,55,0,28
3423 Electronics Trades Workers,55,10,19
3423 Electronics Trades Workers,60,0,16
3423 Electronics Trades Workers,60,20,4
3423 Electronics Trades Workers,60,10,22
3423 Electronics Trades Workers,50,0,5
3423 Electronics Trades Workers,50,10,1
3423 Electronics Trades Workers,45,0,5
2521 Chiropractors and Osteopaths,65,0,3
2521 Chiropractors and Osteopaths,65,10,8
2521 Chiropractors and Osteopaths,75,0,1
2521 Chiropractors and Osteopaths,75,20,66
2521 Chiropractors and Osteopaths,75,10,13
2521 Chiropractors and Osteopaths,70,0,1
2521 Chiropractors and Osteopaths,70,20,1
2521 Chiropractors and Osteopaths,70,10,21
2521 Chiropractors and Osteopaths,80,20,10
2521 Chiropractors and Osteopaths,80,10,4
2521 Chiropractors and Osteopaths,85,20,5
2521 Chiropractors and Osteopaths,55,0,1
2521 Chiropractors and Osteopaths,60,0,4
2521 Chiropractors and Osteopaths,60,10,1
2521 Chiropractors and Osteopaths,50,0,2
3941 Cabinetmakers,65,0,22
3941 Cabinetmakers,65,20,4
3941 Cabinetmakers,65,10,18
3941 Cabinetmakers,75,0,1
3941 Cabinetmakers,75,20,7
3941 Cabinetmakers,75,10,15
3941 Cabinetmakers,70,0,12
3941 Cabinetmakers,70,20,4
3941 Cabinetmakers,70,10,30
3941 Cabinetmakers,80,20,2
3941 Cabinetmakers,80,10,5
3941 Cabinetmakers,85,20,3
3941 Cabinetmakers,85,10,2
3941 Cabinetmakers,55,0,4
3941 Cabinetmakers,55,10,1
3941 Cabinetmakers,60,0,8
3941 Cabinetmakers,60,20,1
3941 Cabinetmakers,60,10,4
3941 Cabinetmakers,50,0,7
3941 Cabinetmakers,50,10,1
3941 Cabinetmakers,45,0,2
2243 Economists,65,0,11
2243 Economists,65,10,29
2243 Economists,75,0,1
2243 Economists,75,20,13
2243 Economists,75,10,17
2243 Economists,70,0,2
2243 Economists,70,20,5
2243 Economists,70,10,25
2243 Economists,80,20,28
2243 Economists,80,10,12
2243 Economists,90,20,8
2243 Economists,90,10,1
2243 Economists,85,20,13
2243 Economists,85,10,5
2243 Economists,55,0,6
2243 Economists,60,0,11
2243 Economists,60,10,2
2243 Economists,100,20,1
2243 Economists,105,20,1
2243 Economists,45,0,1
3311 Bricklayers and Stonemasons,65,0,43
3311 Bricklayers and Stonemasons,65,20,3
3311 Bricklayers and Stonemasons,65,10,30
3311 Bricklayers and Stonemasons,75,0,1
3311 Bricklayers and Stonemasons,75,20,3
3311 Bricklayers and Stonemasons,75,10,14
3311 Bricklayers and Stonemasons,70,0,4
3311 Bricklayers and Stonemasons,70,20,6
3311 Bricklayers and Stonemasons,70,10,21
3311 Bricklayers and Stonemasons,80,20,1
3311 Bricklayers and Stonemasons,80,10,2
3311 Bricklayers and Stonemasons,85,20,1
3311 Bricklayers and Stonemasons,55,0,24
3311 Bricklayers and Stonemasons,55,10,1
3311 Bricklayers and Stonemasons,60,0,37
3311 Bricklayers and Stonemasons,50,0,15
3311 Bricklayers and Stonemasons,50,10,1
3311 Bricklayers and Stonemasons,40,0,1
3311 Bricklayers and Stonemasons,45,0,3
1342 Health and Welfare Services Managers,65,0,4
1342 Health and Welfare Services Managers,65,20,1
1342 Health and Welfare Services Managers,65,10,21
1342 Health and Welfare Services Managers,75,20,3
1342 Health and Welfare Services Managers,75,10,7
1342 Health and Welfare Services Managers,70,0,1
1342 Health and Welfare Services Managers,70,20,6
1342 Health and Welfare Services Managers,70,10,12
1342 Health and Welfare Services Managers,80,20,6
1342 Health and Welfare Services Managers,80,10,3
1342 Health and Welfare Services Managers,55,0,1
1342 Health and Welfare Services Managers,55,10,5
1342 Health and Welfare Services Managers,60,0,3
1342 Health and Welfare Services Managers,60,20,2
1342 Health and Welfare Services Managers,60,10,9
1342 Health and Welfare Services Managers,50,0,7
1342 Health and Welfare Services Managers,50,10,1
2539 Other Medical Practitioners,65,0,43
2539 Other Medical Practitioners,65,20,5
2539 Other Medical Practitioners,65,10,52
2539 Other Medical Practitioners,75,0,3
2539 Other Medical Practitioners,75,20,57
2539 Other Medical Practitioners,75,10,119
2539 Other Medical Practitioners,70,0,16
2539 Other Medical Practitioners,70,20,19
2539 Other Medical Practitioners,70,10,106
2539 Other Medical Practitioners,80,20,86
2539 Other Medical Practitioners,80,10,22
2539 Other Medical Practitioners,90,20,23
2539 Other Medical Practitioners,85,20,57
2539 Other Medical Practitioners,85,10,5
2539 Other Medical Practitioners,55,0,8
2539 Other Medical Practitioners,55,10,3
2539 Other Medical Practitioners,60,0,14
2539 Other Medical Practitioners,60,20,1
2539 Other Medical Practitioners,60,10,11
2539 Other Medical Practitioners,50,0,6
3411 Electricians,65,0,39
3411 Electricians,65,20,5
3411 Electricians,65,10,61
3411 Electricians,75,0,3
3411 Electricians,75,20,9
3411 Electricians,75,10,4
3411 Electricians,70,0,11
3411 Electricians,70,20,4
3411 Electricians,70,10,23
3411 Electricians,80,0,2
3411 Electricians,80,20,1
3411 Electricians,80,10,3
3411 Electricians,85,20,1
3411 Electricians,55,0,29
3411 Electricians,55,20,1
3411 Electricians,55,10,7
3411 Electricians,60,0,39
3411 Electricians,60,10,25
3411 Electricians,50,0,39
3411 Electricians,50,10,2
3411 Electricians,40,10,1
3411 Electricians,45,0,5
3411 Electricians,45,10,2
3411 Electricians,35,0,2
3411 Electricians,20,0,1
2525 Physiotherapists,65,0,32
2525 Physiotherapists,65,20,9
2525 Physiotherapists,65,10,72
2525 Physiotherapists,75,0,1
2525 Physiotherapists,75,20,52
2525 Physiotherapists,75,10,130
2525 Physiotherapists,70,0,11
2525 Physiotherapists,70,20,20
2525 Physiotherapists,70,10,137
2525 Physiotherapists,80,0,2
2525 Physiotherapists,80,20,52
2525 Physiotherapists,80,10,23
2525 Physiotherapists,95,20,2
2525 Physiotherapists,90,20,6
2525 Physiotherapists,85,20,30
2525 Physiotherapists,85,10,3
2525 Physiotherapists,55,0,19
2525 Physiotherapists,55,10,7
2525 Physiotherapists,60,0,11
2525 Physiotherapists,60,20,1
2525 Physiotherapists,60,10,9
2525 Physiotherapists,50,0,5
2525 Physiotherapists,50,10,2
2525 Physiotherapists,40,0,2
2525 Physiotherapists,45,0,2
2512 Medical Imaging Professionals,65,0,4
2512 Medical Imaging Professionals,65,20,2
2512 Medical Imaging Professionals,65,10,28
2512 Medical Imaging Professionals,75,20,12
2512 Medical Imaging Professionals,75,10,67
2512 Medical Imaging Professionals,70,0,3
2512 Medical Imaging Professionals,70,20,5
2512 Medical Imaging Professionals,70,10,49
2512 Medical Imaging Professionals,80,20,7
2512 Medical Imaging Professionals,80,10,8
2512 Medical Imaging Professionals,90,20,2
2512 Medical Imaging Professionals,85,0,1
2512 Medical Imaging Professionals,85,20,2
2512 Medical Imaging Professionals,85,10,1
2512 Medical Imaging Professionals,55,0,2
2512 Medical Imaging Professionals,55,10,3
2512 Medical Imaging Professionals,60,0,2
2512 Medical Imaging Professionals,60,10,3
"4523 Sports Coaches, Instructors and Officials",65,0,1
"4523 Sports Coaches, Instructors and Officials",65,10,2
"4523 Sports Coaches, Instructors and Officials",75,0,2
"4523 Sports Coaches, Instructors and Officials",75,20,1
"4523 Sports Coaches, Instructors and Officials",75,10,2
"4523 Sports Coaches, Instructors and Officials",70,0,2
"4523 Sports Coaches, Instructors and Officials",70,20,1
"4523 Sports Coaches, Instructors and Officials",80,20,1
"4523 Sports Coaches, Instructors and Officials",80,10,1
"4523 Sports Coaches, Instructors and Officials",85,20,2
"4523 Sports Coaches, Instructors and Officials",55,0,1
"4523 Sports Coaches, Instructors and Officials",60,0,2
3222 Sheetmetal Trades Workers,65,0,1
3222 Sheetmetal Trades Workers,65,20,1
3222 Sheetmetal Trades Workers,65,10,2
3222 Sheetmetal Trades Workers,75,0,1
3222 Sheetmetal Trades Workers,75,10,2
3222 Sheetmetal Trades Workers,70,0,2
3222 Sheetmetal Trades Workers,80,10,2
3222 Sheetmetal Trades Workers,85,10,1
3222 Sheetmetal Trades Workers,60,0,1
2527 Speech Professionals and Audiologists,65,0,24
2527 Speech Professionals and Audiologists,65,20,1
2527 Speech Professionals and Audiologists,65,10,36
2527 Speech Professionals and Audiologists,75,20,19
2527 Speech Professionals and Audiologists,75,10,50
2527 Speech Professionals and Audiologists,70,0,5
2527 Speech Professionals and Audiologists,70,20,4
2527 Speech Professionals and Audiologists,70,10,56
2527 Speech Professionals and Audiologists,80,20,20
2527 Speech Professionals and Audiologists,80,10,11
2527 Speech Professionals and Audiologists,90,20,2
2527 Speech Professionals and Audiologists,85,20,16
2527 Speech Professionals and Audiologists,55,0,7
2527 Speech Professionals and Audiologists,55,10,4
2527 Speech Professionals and Audiologists,60,0,15
2527 Speech Professionals and Audiologists,60,10,3
2527 Speech Professionals and Audiologists,50,0,3
2527 Speech Professionals and Audiologists,50,10,1
2527 Speech Professionals and Audiologists,100,20,1
2527 Speech Professionals and Audiologists,45,0,1
2524 Occupational Therapists,65,0,13
2524 Occupational Therapists,65,20,6
2524 Occupational Therapists,65,10,63
2524 Occupational Therapists,75,0,2
2524 Occupational Therapists,75,20,33
2524 Occupational Therapists,75,10,139
2524 Occupational Therapists,70,0,12
2524 Occupational Therapists,70,20,14
2524 Occupational Therapists,70,10,127
2524 Occupational Therapists,80,0,1
2524 Occupational Therapists,80,20,20
2524 Occupational Therapists,80,10,24
2524 Occupational Therapists,95,20,1
2524 Occupational Therapists,90,20,2
2524 Occupational Therapists,85,20,15
2524 Occupational Therapists,55,0,3
2524 Occupational Therapists,55,20,2
2524 Occupational Therapists,55,10,8
2524 Occupational Therapists,60,0,10
2524 Occupational Therapists,60,10,10
2524 Occupational Therapists,50,0,4
2524 Occupational Therapists,50,10,1
2524 Occupational Therapists,40,10,1
2524 Occupational Therapists,45,0,2
2524 Occupational Therapists,115,20,3
2519 Other Health Diagnostic and Promotion Professionals,65,0,3
2519 Other Health Diagnostic and Promotion Professionals,75,10,5
2519 Other Health Diagnostic and Promotion Professionals,70,20,1
2519 Other Health Diagnostic and Promotion Professionals,70,10,3
2519 Other Health Diagnostic and Promotion Professionals,80,20,1
2519 Other Health Diagnostic and Promotion Professionals,55,0,1
3421 Airconditioning and Refrigeration Mechanics,65,0,7
3421 Airconditioning and Refrigeration Mechanics,65,20,1
3421 Airconditioning and Refrigeration Mechanics,65,10,10
3421 Airconditioning and Refrigeration Mechanics,75,20,1
3421 Airconditioning and Refrigeration Mechanics,75,10,4
3421 Airconditioning and Refrigeration Mechanics,70,0,2
3421 Airconditioning and Refrigeration Mechanics,70,20,2
3421 Airconditioning and Refrigeration Mechanics,70,10,7
3421 Airconditioning and Refrigeration Mechanics,80,20,1
3421 Airconditioning and Refrigeration Mechanics,55,0,5
3421 Airconditioning and Refrigeration Mechanics,55,10,1
3421 Airconditioning and Refrigeration Mechanics,60,0,6
3421 Airconditioning and Refrigeration Mechanics,50,0,3
3421 Airconditioning and Refrigeration Mechanics,45,0,1
3421 Airconditioning and Refrigeration Mechanics,35,0,1
2346 Medical Laboratory Scientists,65,0,18
2346 Medical Laboratory Scientists,65,20,1
2346 Medical Laboratory Scientists,65,10,80
2346 Medical Laboratory Scientists,75,20,24
2346 Medical Laboratory Scientists,75,10,175
2346 Medical Laboratory Scientists,70,0,1
2346 Medical Laboratory Scientists,70,20,3
2346 Medical Laboratory Scientists,70,10,136
2346 Medical Laboratory Scientists,80,20,44
2346 Medical Laboratory Scientists,80,10,49
2346 Medical Laboratory Scientists,95,20,1
2346 Medical Laboratory Scientists,90,20,10
2346 Medical Laboratory Scientists,90,10,1
2346 Medical Laboratory Scientists,85,20,14
2346 Medical Laboratory Scientists,85,10,17
2346 Medical Laboratory Scientists,55,0,3
2346 Medical Laboratory Scientists,55,10,4
2346 Medical Laboratory Scientists,60,0,5
2346 Medical Laboratory Scientists,60,20,1
2346 Medical Laboratory Scientists,60,10,14
2346 Medical Laboratory Scientists,50,10,1
2346 Medical Laboratory Scientists,100,20,1
2346 Medical Laboratory Scientists,45,0,1
2346 Medical Laboratory Scientists,45,10,2
2415 Special Education Teachers,65,0,4
2415 Special Education Teachers,65,20,1
2415 Special Education Teachers,65,10,24
2415 Special Education Teachers,75,0,2
2415 Special Education Teachers,75,20,9
2415 Special Education Teachers,75,10,12
2415 Special Education Teachers,70,0,4
2415 Special Education Teachers,70,20,2
2415 Special Education Teachers,70,10,14
2415 Special Education Teachers,80,20,7
2415 Special Education Teachers,55,0,1
2415 Special Education Teachers,55,10,2
2415 Special Education Teachers,60,0,1
2415 Special Education Teachers,60,10,8
2415 Special Education Teachers,30,0,1
2723 Psychologists,65,0,6
2723 Psychologists,65,20,3
2723 Psychologists,65,10,34
2723 Psychologists,75,0,2
2723 Psychologists,75,20,19
2723 Psychologists,75,10,26
2723 Psychologists,70,0,4
2723 Psychologists,70,20,13
2723 Psychologists,70,10,35
2723 Psychologists,80,20,17
2723 Psychologists,80,10,5
2723 Psychologists,95,20,1
2723 Psychologists,90,20,3
2723 Psychologists,85,20,10
2723 Psychologists,85,10,2
2723 Psychologists,55,0,4
2723 Psychologists,55,10,2
2723 Psychologists,60,0,5
2723 Psychologists,60,10,9
2723 Psychologists,50,0,2
2723 Psychologists,50,10,4
2723 Psychologists,105,10,1
2541 Midwives,65,0,6
2541 Midwives,65,20,8
2541 Midwives,65,10,9
2541 Midwives,75,0,2
2541 Midwives,75,20,15
2541 Midwives,75,10,12
2541 Midwives,70,0,4
2541 Midwives,70,20,7
2541 Midwives,70,10,21
2541 Midwives,80,20,8
2541 Midwives,80,10,5
2541 Midwives,90,20,1
2541 Midwives,85,20,1
2541 Midwives,60,0,4
2541 Midwives,60,10,3
2541 Midwives,50,10,1
2541 Midwives,40,0,1
2541 Midwives,45,0,1
3341 Plumbers,65,0,12
3341 Plumbers,65,20,2
3341 Plumbers,65,10,17
3341 Plumbers,75,20,2
3341 Plumbers,75,10,3
3341 Plumbers,70,20,3
3341 Plumbers,70,10,8
3341 Plumbers,80,0,1
3341 Plumbers,80,10,5
3341 Plumbers,95,20,1
3341 Plumbers,85,10,1
3341 Plumbers,55,0,6
3341 Plumbers,55,10,3
3341 Plumbers,60,0,11
3341 Plumbers,60,10,7
3341 Plumbers,50,0,3
3341 Plumbers,40,0,2
3341 Plumbers,45,0,5
3241 Panelbeaters,65,0,3
3241 Panelbeaters,65,10,6
3241 Panelbeaters,70,0,1
3241 Panelbeaters,70,10,2
3241 Panelbeaters,80,10,1
3241 Panelbeaters,85,20,1
3241 Panelbeaters,55,0,2
3241 Panelbeaters,60,0,1
3241 Panelbeaters,45,0,1
3991 Boat Builders and Shipwrights,65,0,8
3991 Boat Builders and Shipwrights,75,0,2
3991 Boat Builders and Shipwrights,75,10,4
3991 Boat Builders and Shipwrights,70,0,4
3991 Boat Builders and Shipwrights,70,10,2
3991 Boat Builders and Shipwrights,80,10,1
3991 Boat Builders and Shipwrights,55,0,1
3991 Boat Builders and Shipwrights,60,0,1
3991 Boat Builders and Shipwrights,60,10,1
2533 Internal Medicine Specialists,65,0,8
2533 Internal Medicine Specialists,65,10,10
2533 Internal Medicine Specialists,75,0,1
2533 Internal Medicine Specialists,75,20,2
2533 Internal Medicine Specialists,75,10,7
2533 Internal Medicine Specialists,70,0,3
2533 Internal Medicine Specialists,70,20,2
2533 Internal Medicine Specialists,70,10,9
2533 Internal Medicine Specialists,80,20,4
2533 Internal Medicine Specialists,80,10,3
2533 Internal Medicine Specialists,95,20,2
2533 Internal Medicine Specialists,90,20,1
2533 Internal Medicine Specialists,85,20,4
2533 Internal Medicine Specialists,85,10,2
2533 Internal Medicine Specialists,55,0,4
2533 Internal Medicine Specialists,55,10,2
2533 Internal Medicine Specialists,60,0,5
2533 Internal Medicine Specialists,60,10,6
2533 Internal Medicine Specialists,50,10,3
2533 Internal Medicine Specialists,40,10,1
3332 Plasterers,65,0,8
3332 Plasterers,65,10,18
3332 Plasterers,75,20,3
3332 Plasterers,75,10,6
3332 Plasterers,70,20,3
3332 Plasterers,70,10,11
3332 Plasterers,80,10,1
3332 Plasterers,55,0,4
3332 Plasterers,55,10,1
3332 Plasterers,60,0,8
3332 Plasterers,60,10,2
3332 Plasterers,50,0,1
3332 Plasterers,45,0,2
3611 Animal Attendants and Trainers,65,0,2
3611 Animal Attendants and Trainers,80,10,1
3334 Wall and Floor Tilers,65,0,49
3334 Wall and Floor Tilers,65,20,2
3334 Wall and Floor Tilers,65,10,26
3334 Wall and Floor Tilers,75,20,1
3334 Wall and Floor Tilers,75,10,12
3334 Wall and Floor Tilers,70,0,6
3334 Wall and Floor Tilers,70,20,3
3334 Wall and Floor Tilers,70,10,26
3334 Wall and Floor Tilers,80,0,2
3334 Wall and Floor Tilers,80,20,1
3334 Wall and Floor Tilers,85,20,3
3334 Wall and Floor Tilers,55,0,14
3334 Wall and Floor Tilers,55,20,1
3334 Wall and Floor Tilers,60,0,34
3334 Wall and Floor Tilers,60,10,6
3334 Wall and Floor Tilers,50,0,3
2112 Music Professionals,65,0,2
2112 Music Professionals,65,10,3
2112 Music Professionals,75,10,1
2112 Music Professionals,70,20,1
2112 Music Professionals,70,10,2
2112 Music Professionals,85,20,1
2112 Music Professionals,85,10,1
2112 Music Professionals,55,0,1
2112 Music Professionals,60,10,1
2112 Music Professionals,50,10,1
2112 Music Professionals,45,0,1
3211 Automotive Electricians,65,0,9
3211 Automotive Electricians,65,10,19
3211 Automotive Electricians,75,10,7
3211 Automotive Electricians,70,0,3
3211 Automotive Electricians,70,20,3
3211 Automotive Electricians,70,10,12
3211 Automotive Electricians,80,20,1
3211 Automotive Electricians,80,10,5
3211 Automotive Electricians,95,10,1
3211 Automotive Electricians,55,0,5
3211 Automotive Electricians,60,0,9
3211 Automotive Electricians,60,10,4
3211 Automotive Electricians,50,0,5
3211 Automotive Electricians,50,10,10
3211 Automotive Electricians,40,0,3
3211 Automotive Electricians,45,0,2
3211 Automotive Electricians,45,10,2
2534 Psychiatrists,65,0,2
2534 Psychiatrists,65,10,1
2534 Psychiatrists,75,20,3
2534 Psychiatrists,75,10,2
2534 Psychiatrists,70,0,1
2534 Psychiatrists,70,20,1
2534 Psychiatrists,70,10,5
2534 Psychiatrists,80,20,1
2534 Psychiatrists,80,10,1
2534 Psychiatrists,85,20,2
2534 Psychiatrists,55,0,1
2534 Psychiatrists,60,0,2
2534 Psychiatrists,60,10,1
2514 Optometrists and Orthoptists,65,0,2
2514 Optometrists and Orthoptists,65,10,1
2514 Optometrists and Orthoptists,75,20,5
2514 Optometrists and Orthoptists,75,10,9
2514 Optometrists and Orthoptists,70,10,9
2514 Optometrists and Orthoptists,80,20,1
2514 Optometrists and Orthoptists,80,10,5
2514 Optometrists and Orthoptists,95,20,1
2514 Optometrists and Orthoptists,85,20,5
2514 Optometrists and Orthoptists,60,0,1
2514 Optometrists and Orthoptists,50,0,1
2535 Surgeons,65,0,4
2535 Surgeons,65,20,1
2535 Surgeons,65,10,2
2535 Surgeons,75,0,1
2535 Surgeons,75,20,1
2535 Surgeons,75,10,2
2535 Surgeons,70,0,1
2535 Surgeons,70,20,1
2535 Surgeons,80,20,1
2535 Surgeons,80,10,1
2535 Surgeons,95,20,1
2535 Surgeons,85,20,1
2535 Surgeons,85,10,1
2535 Surgeons,55,0,1
2535 Surgeons,55,10,1
2535 Surgeons,60,10,1
2535 Surgeons,50,0,1
2535 Surgeons,100,20,1
3422 Electrical Distribution Trades Workers,70,20,1
3422 Electrical Distribution Trades Workers,60,10,1
2526 Podiatrists,65,0,3
2526 Podiatrists,65,10,3
2526 Podiatrists,75,0,1
2526 Podiatrists,75,20,1
2526 Podiatrists,75,10,14
2526 Podiatrists,70,20,1
2526 Podiatrists,70,10,7
2526 Podiatrists,80,20,5
2526 Podiatrists,55,0,1
2526 Podiatrists,60,0,3
2526 Podiatrists,60,20,1
"2111 Actors, Dancers and Other Entertainers",65,0,1
"2111 Actors, Dancers and Other Entertainers",65,20,1
"2111 Actors, Dancers and Other Entertainers",65,10,1
"2111 Actors, Dancers and Other Entertainers",75,10,4
"2111 Actors, Dancers and Other Entertainers",70,10,1
"2111 Actors, Dancers and Other Entertainers",80,20,1
"2111 Actors, Dancers and Other Entertainers",80,10,2
"2111 Actors, Dancers and Other Entertainers",85,20,1
4524 Sportspersons,70,10,1
4524 Sportspersons,80,10,1
4524 Sportspersons,55,0,1
