OccGroup,Score,AusStudy,n
2613 Software and Applications Programmers,65,N,1916
2613 Software and Applications Programmers,65,Y,784
2613 Software and Applications Programmers,75,N,2407
2613 Software and Applications Programmers,75,Y,1614
2613 Software and Applications Programmers,70,N,2204
2613 Software and Applications Programmers,70,Y,1149
2613 Software and Applications Programmers,80,N,1844
2613 Software and Applications Programmers,80,Y,1882
2613 Software and Applications Programmers,95,N,256
2613 Software and Applications Programmers,95,Y,1870
2613 Software and Applications Programmers,90,N,1029
2613 Software and Applications Programmers,90,Y,2797
2613 Software and Applications Programmers,85,N,1570
2613 Software and Applications Programmers,85,Y,2061
2613 Software and Applications Programmers,55,N,345
2613 Software and Applications Programmers,55,Y,75
2613 Software and Applications Programmers,60,N,667
2613 Software and Applications Programmers,60,Y,227
2613 Software and Applications Programmers,50,N,114
2613 Software and Applications Programmers,50,Y,46
2613 Software and Applications Programmers,110,Y,13
2613 Software and Applications Programmers,100,N,11
2613 Software and Applications Programmers,100,Y,815
2613 Software and Applications Programmers,105,N,1
2613 Software and Applications Programmers,105,Y,107
2613 Software and Applications Programmers,40,N,10
2613 Software and Applications Programmers,40,Y,1
2613 Software and Applications Programmers,45,N,45
2613 Software and Applications Programmers,45,Y,3
2613 Software and Applications Programmers,30,N,7
2613 Software and Applications Programmers,25,N,1
2613 Software and Applications Programmers,25,Y,1
2613 Software and Applications Programmers,120,Y,2
2613 Software and Applications Programmers,115,Y,1
2613 Software and Applications Programmers,125,Y,1
2613 Software and Applications Programmers,35,N,2
3212 Motor Mechanics,65,N,50
3212 Motor Mechanics,65,Y,679
3212 Motor Mechanics,75,N,16
3212 Motor Mechanics,75,Y,569
3212 Motor Mechanics,70,N,19
3212 Motor Mechanics,70,Y,729
3212 Motor Mechanics,80,N,3
3212 Motor Mechanics,80,Y,357
3212 Motor Mechanics,95,Y,21
3212 Motor Mechanics,90,Y,61
3212 Motor Mechanics,85,N,2
3212 Motor Mechanics,85,Y,138
3212 Motor Mechanics,55,N,34
3212 Motor Mechanics,55,Y,122
3212 Motor Mechanics,60,N,30
3212 Motor Mechanics,60,Y,338
3212 Motor Mechanics,50,N,11
3212 Motor Mechanics,50,Y,39
3212 Motor Mechanics,100,Y,2
3212 Motor Mechanics,40,N,3
3212 Motor Mechanics,45,N,4
3212 Motor Mechanics,45,Y,11
3212 Motor Mechanics,30,Y,1
3212 Motor Mechanics,125,Y,1
3212 Motor Mechanics,35,Y,2
2332 Civil Engineering Professionals,65,N,1114
2332 Civil Engineering Professionals,65,Y,809
2332 Civil Engineering Professionals,75,N,745
2332 Civil Engineering Professionals,75,Y,1255
2332 Civil Engineering Professionals,70,N,885
2332 Civil Engineering Professionals,70,Y,1179
2332 Civil Engineering Professionals,80,N,523
2332 Civil Engineering Professionals,80,Y,1096
2332 Civil Engineering Professionals,95,N,5
2332 Civil Engineering Professionals,95,Y,223
2332 Civil Engineering Professionals,90,N,92
2332 Civil Engineering Professionals,90,Y,581
2332 Civil Engineering Professionals,85,N,301
2332 Civil Engineering Professionals,85,Y,962
2332 Civil Engineering Professionals,55,N,270
2332 Civil Engineering Professionals,55,Y,117
2332 Civil Engineering Professionals,60,N,307
2332 Civil Engineering Professionals,60,Y,367
2332 Civil Engineering Professionals,50,N,94
2332 Civil Engineering Professionals,50,Y,40
2332 Civil Engineering Professionals,110,Y,3
2332 Civil Engineering Professionals,100,Y,50
2332 Civil Engineering Professionals,105,Y,4
2332 Civil Engineering Professionals,40,N,6
2332 Civil Engineering Professionals,40,Y,1
2332 Civil Engineering Professionals,45,N,29
2332 Civil Engineering Professionals,45,Y,12
2332 Civil Engineering Professionals,30,N,1
2332 Civil Engineering Professionals,25,N,1
2332 Civil Engineering Professionals,120,Y,1
2332 Civil Engineering Professionals,35,N,3
2411 Early Childhood (Pre-primary School) Teachers,65,N,171
2411 Early Childhood (Pre-primary School) Teachers,65,Y,1690
2411 Early Childhood (Pre-primary School) Teachers,75,N,139
2411 Early Childhood (Pre-primary School) Teachers,75,Y,2330
2411 Early Childhood (Pre-primary School) Teachers,70,N,149
2411 Early Childhood (Pre-primary School) Teachers,70,Y,2525
2411 Early Childhood (Pre-primary School) Teachers,80,N,153
2411 Early Childhood (Pre-primary School) Teachers,80,Y,1855
2411 Early Childhood (Pre-primary School) Teachers,95,Y,11
2411 Early Childhood (Pre-primary School) Teachers,90,N,3
2411 Early Childhood (Pre-primary School) Teachers,90,Y,371
2411 Early Childhood (Pre-primary School) Teachers,85,N,13
2411 Early Childhood (Pre-primary School) Teachers,85,Y,1985
2411 Early Childhood (Pre-primary School) Teachers,55,N,44
2411 Early Childhood (Pre-primary School) Teachers,55,Y,242
2411 Early Childhood (Pre-primary School) Teachers,60,N,68
2411 Early Childhood (Pre-primary School) Teachers,60,Y,736
2411 Early Childhood (Pre-primary School) Teachers,50,N,19
2411 Early Childhood (Pre-primary School) Teachers,50,Y,102
2411 Early Childhood (Pre-primary School) Teachers,40,N,2
2411 Early Childhood (Pre-primary School) Teachers,40,Y,3
2411 Early Childhood (Pre-primary School) Teachers,45,N,4
2411 Early Childhood (Pre-primary School) Teachers,45,Y,19
2411 Early Childhood (Pre-primary School) Teachers,30,N,1
2411 Early Childhood (Pre-primary School) Teachers,125,Y,1
2411 Early Childhood (Pre-primary School) Teachers,35,Y,1
2611 ICT Business and Systems Analysts,65,N,478
2611 ICT Business and Systems Analysts,65,Y,856
2611 ICT Business and Systems Analysts,75,N,507
2611 ICT Business and Systems Analysts,75,Y,1558
2611 ICT Business and Systems Analysts,70,N,536
2611 ICT Business and Systems Analysts,70,Y,1117
2611 ICT Business and Systems Analysts,80,N,393
2611 ICT Business and Systems Analysts,80,Y,1604
2611 ICT Business and Systems Analysts,95,N,30
2611 ICT Business and Systems Analysts,95,Y,1078
2611 ICT Business and Systems Analysts,90,N,156
2611 ICT Business and Systems Analysts,90,Y,1769
2611 ICT Business and Systems Analysts,85,N,294
2611 ICT Business and Systems Analysts,85,Y,1578
2611 ICT Business and Systems Analysts,55,N,110
2611 ICT Business and Systems Analysts,55,Y,86
2611 ICT Business and Systems Analysts,60,N,178
2611 ICT Business and Systems Analysts,60,Y,218
2611 ICT Business and Systems Analysts,50,N,40
2611 ICT Business and Systems Analysts,50,Y,20
2611 ICT Business and Systems Analysts,110,Y,4
2611 ICT Business and Systems Analysts,100,N,3
2611 ICT Business and Systems Analysts,100,Y,405
2611 ICT Business and Systems Analysts,105,Y,22
2611 ICT Business and Systems Analysts,40,N,6
2611 ICT Business and Systems Analysts,40,Y,2
2611 ICT Business and Systems Analysts,45,N,22
2611 ICT Business and Systems Analysts,45,Y,3
2611 ICT Business and Systems Analysts,30,N,1
2211 Accountants,65,N,404
2211 Accountants,65,Y,1048
2211 Accountants,75,N,492
2211 Accountants,75,Y,1589
2211 Accountants,70,N,518
2211 Accountants,70,Y,1533
2211 Accountants,80,N,392
2211 Accountants,80,Y,1343
2211 Accountants,95,N,41
2211 Accountants,95,Y,497
2211 Accountants,90,N,130
2211 Accountants,90,Y,843
2211 Accountants,85,N,327
2211 Accountants,85,Y,1177
2211 Accountants,55,N,50
2211 Accountants,55,Y,106
2211 Accountants,60,N,105
2211 Accountants,60,Y,302
2211 Accountants,50,N,15
2211 Accountants,50,Y,51
2211 Accountants,110,Y,2
2211 Accountants,100,N,2
2211 Accountants,100,Y,174
2211 Accountants,105,Y,11
2211 Accountants,40,N,2
2211 Accountants,40,Y,1
2211 Accountants,45,N,6
2211 Accountants,45,Y,7
2211 Accountants,115,Y,1
2211 Accountants,35,N,3
2211 Accountants,35,Y,1
2344 Geologists Geophysicists and Hydrogeologists,65,N,16
2344 Geologists Geophysicists and Hydrogeologists,65,Y,4
2344 Geologists Geophysicists and Hydrogeologists,75,N,21
2344 Geologists Geophysicists and Hydrogeologists,75,Y,2
2344 Geologists Geophysicists and Hydrogeologists,70,N,12
2344 Geologists Geophysicists and Hydrogeologists,70,Y,7
2344 Geologists Geophysicists and Hydrogeologists,80,N,5
2344 Geologists Geophysicists and Hydrogeologists,80,Y,5
2344 Geologists Geophysicists and Hydrogeologists,90,N,4
2344 Geologists Geophysicists and Hydrogeologists,90,Y,2
2344 Geologists Geophysicists and Hydrogeologists,85,N,2
2344 Geologists Geophysicists and Hydrogeologists,85,Y,1
2344 Geologists Geophysicists and Hydrogeologists,55,N,8
2344 Geologists Geophysicists and Hydrogeologists,60,N,11
2344 Geologists Geophysicists and Hydrogeologists,60,Y,1
"2621 Database and Systems Administrators, and ICT Security Specialists",65,N,81
"2621 Database and Systems Administrators, and ICT Security Specialists",65,Y,265
"2621 Database and Systems Administrators, and ICT Security Specialists",75,N,76
"2621 Database and Systems Administrators, and ICT Security Specialists",75,Y,443
"2621 Database and Systems Administrators, and ICT Security Specialists",70,N,86
"2621 Database and Systems Administrators, and ICT Security Specialists",70,Y,333
"2621 Database and Systems Administrators, and ICT Security Specialists",80,N,55
"2621 Database and Systems Administrators, and ICT Security Specialists",80,Y,456
"2621 Database and Systems Administrators, and ICT Security Specialists",95,N,2
"2621 Database and Systems Administrators, and ICT Security Specialists",95,Y,209
"2621 Database and Systems Administrators, and ICT Security Specialists",90,N,14
"2621 Database and Systems Administrators, and ICT Security Specialists",90,Y,388
"2621 Database and Systems Administrators, and ICT Security Specialists",85,N,87
"2621 Database and Systems Administrators, and ICT Security Specialists",85,Y,405
"2621 Database and Systems Administrators, and ICT Security Specialists",55,N,34
"2621 Database and Systems Administrators, and ICT Security Specialists",55,Y,24
"2621 Database and Systems Administrators, and ICT Security Specialists",60,N,38
"2621 Database and Systems Administrators, and ICT Security Specialists",60,Y,55
"2621 Database and Systems Administrators, and ICT Security Specialists",50,N,14
"2621 Database and Systems Administrators, and ICT Security Specialists",50,Y,5
"2621 Database and Systems Administrators, and ICT Security Specialists",110,Y,1
"2621 Database and Systems Administrators, and ICT Security Specialists",100,Y,72
"2621 Database and Systems Administrators, and ICT Security Specialists",105,Y,5
"2621 Database and Systems Administrators, and ICT Security Specialists",40,N,1
"2621 Database and Systems Administrators, and ICT Security Specialists",45,N,4
"2621 Database and Systems Administrators, and ICT Security Specialists",45,Y,1
"2212 Auditors, Company Secretaries and Corporate Treasurers",65,N,252
"2212 Auditors, Company Secretaries and Corporate Treasurers",65,Y,365
"2212 Auditors, Company Secretaries and Corporate Treasurers",75,N,180
"2212 Auditors, Company Secretaries and Corporate Treasurers",75,Y,523
"2212 Auditors, Company Secretaries and Corporate Treasurers",70,N,192
"2212 Auditors, Company Secretaries and Corporate Treasurers",70,Y,537
"2212 Auditors, Company Secretaries and Corporate Treasurers",80,N,169
"2212 Auditors, Company Secretaries and Corporate Treasurers",80,Y,484
"2212 Auditors, Company Secretaries and Corporate Treasurers",95,N,5
"2212 Auditors, Company Secretaries and Corporate Treasurers",95,Y,90
"2212 Auditors, Company Secretaries and Corporate Treasurers",90,N,81
"2212 Auditors, Company Secretaries and Corporate Treasurers",90,Y,328
"2212 Auditors, Company Secretaries and Corporate Treasurers",85,N,148
"2212 Auditors, Company Secretaries and Corporate Treasurers",85,Y,491
"2212 Auditors, Company Secretaries and Corporate Treasurers",55,N,29
"2212 Auditors, Company Secretaries and Corporate Treasurers",55,Y,29
"2212 Auditors, Company Secretaries and Corporate Treasurers",60,N,48
"2212 Auditors, Company Secretaries and Corporate Treasurers",60,Y,102
"2212 Auditors, Company Secretaries and Corporate Treasurers",50,N,11
"2212 Auditors, Company Secretaries and Corporate Treasurers",50,Y,13
"2212 Auditors, Company Secretaries and Corporate Treasurers",100,Y,18
"2212 Auditors, Company Secretaries and Corporate Treasurers",105,Y,1
"2212 Auditors, Company Secretaries and Corporate Treasurers",40,N,1
"2212 Auditors, Company Secretaries and Corporate Treasurers",45,N,3
"2212 Auditors, Company Secretaries and Corporate Treasurers",45,Y,2
2345 Life Scientists,65,N,168
2345 Life Scientists,65,Y,43
2345 Life Scientists,75,N,134
2345 Life Scientists,75,Y,121
2345 Life Scientists,70,N,137
2345 Life Scientists,70,Y,73
2345 Life Scientists,80,N,64
2345 Life Scientists,80,Y,120
2345 Life Scientists,95,N,3
2345 Life Scientists,95,Y,50
2345 Life Scientists,90,N,22
2345 Life Scientists,90,Y,137
2345 Life Scientists,85,N,50
2345 Life Scientists,85,Y,147
2345 Life Scientists,55,N,46
2345 Life Scientists,55,Y,5
2345 Life Scientists,60,N,67
2345 Life Scientists,60,Y,13
2345 Life Scientists,50,N,9
2345 Life Scientists,110,Y,2
2345 Life Scientists,100,Y,13
2345 Life Scientists,105,Y,6
2345 Life Scientists,45,N,11
"2335 Industrial, Mechanical and Production Engineers",65,N,937
"2335 Industrial, Mechanical and Production Engineers",65,Y,502
"2335 Industrial, Mechanical and Production Engineers",75,N,790
"2335 Industrial, Mechanical and Production Engineers",75,Y,825
"2335 Industrial, Mechanical and Production Engineers",70,N,706
"2335 Industrial, Mechanical and Production Engineers",70,Y,757
"2335 Industrial, Mechanical and Production Engineers",80,N,497
"2335 Industrial, Mechanical and Production Engineers",80,Y,752
"2335 Industrial, Mechanical and Production Engineers",95,N,27
"2335 Industrial, Mechanical and Production Engineers",95,Y,218
"2335 Industrial, Mechanical and Production Engineers",90,N,149
"2335 Industrial, Mechanical and Production Engineers",90,Y,542
"2335 Industrial, Mechanical and Production Engineers",85,N,403
"2335 Industrial, Mechanical and Production Engineers",85,Y,771
"2335 Industrial, Mechanical and Production Engineers",55,N,254
"2335 Industrial, Mechanical and Production Engineers",55,Y,70
"2335 Industrial, Mechanical and Production Engineers",60,N,376
"2335 Industrial, Mechanical and Production Engineers",60,Y,272
"2335 Industrial, Mechanical and Production Engineers",50,N,81
"2335 Industrial, Mechanical and Production Engineers",50,Y,37
"2335 Industrial, Mechanical and Production Engineers",100,Y,52
"2335 Industrial, Mechanical and Production Engineers",105,Y,3
"2335 Industrial, Mechanical and Production Engineers",40,N,7
"2335 Industrial, Mechanical and Production Engineers",40,Y,5
"2335 Industrial, Mechanical and Production Engineers",45,N,27
"2335 Industrial, Mechanical and Production Engineers",45,Y,10
"2335 Industrial, Mechanical and Production Engineers",30,N,2
"2335 Industrial, Mechanical and Production Engineers",25,Y,1
"2335 Industrial, Mechanical and Production Engineers",35,N,2
"2335 Industrial, Mechanical and Production Engineers",35,Y,2
2339 Other Engineering Professionals,65,N,802
2339 Other Engineering Professionals,65,Y,580
2339 Other Engineering Professionals,75,N,525
2339 Other Engineering Professionals,75,Y,872
2339 Other Engineering Professionals,70,N,603
2339 Other Engineering Professionals,70,Y,849
2339 Other Engineering Professionals,80,N,395
2339 Other Engineering Professionals,80,Y,859
2339 Other Engineering Professionals,95,N,11
2339 Other Engineering Professionals,95,Y,252
2339 Other Engineering Professionals,90,N,87
2339 Other Engineering Professionals,90,Y,552
2339 Other Engineering Professionals,85,N,285
2339 Other Engineering Professionals,85,Y,871
2339 Other Engineering Professionals,55,N,242
2339 Other Engineering Professionals,55,Y,122
2339 Other Engineering Professionals,60,N,260
2339 Other Engineering Professionals,60,Y,343
2339 Other Engineering Professionals,50,N,90
2339 Other Engineering Professionals,50,Y,31
2339 Other Engineering Professionals,100,N,1
2339 Other Engineering Professionals,100,Y,83
2339 Other Engineering Professionals,105,Y,14
2339 Other Engineering Professionals,40,N,7
2339 Other Engineering Professionals,45,N,30
2339 Other Engineering Professionals,45,Y,16
2339 Other Engineering Professionals,30,N,3
2339 Other Engineering Professionals,30,Y,1
2339 Other Engineering Professionals,35,N,1
2339 Other Engineering Professionals,35,Y,2
2341 Agricultural and Forestry Scientists,65,N,236
2341 Agricultural and Forestry Scientists,65,Y,114
2341 Agricultural and Forestry Scientists,75,N,108
2341 Agricultural and Forestry Scientists,75,Y,89
2341 Agricultural and Forestry Scientists,70,N,120
2341 Agricultural and Forestry Scientists,70,Y,128
2341 Agricultural and Forestry Scientists,80,N,54
2341 Agricultural and Forestry Scientists,80,Y,90
2341 Agricultural and Forestry Scientists,95,Y,15
2341 Agricultural and Forestry Scientists,90,N,2
2341 Agricultural and Forestry Scientists,90,Y,20
2341 Agricultural and Forestry Scientists,85,N,16
2341 Agricultural and Forestry Scientists,85,Y,34
2341 Agricultural and Forestry Scientists,55,N,37
2341 Agricultural and Forestry Scientists,55,Y,7
2341 Agricultural and Forestry Scientists,60,N,53
2341 Agricultural and Forestry Scientists,60,Y,40
2341 Agricultural and Forestry Scientists,50,N,20
2341 Agricultural and Forestry Scientists,50,Y,4
2341 Agricultural and Forestry Scientists,100,Y,4
2341 Agricultural and Forestry Scientists,40,N,1
2341 Agricultural and Forestry Scientists,45,N,7
2341 Agricultural and Forestry Scientists,30,N,1
2544 Registered Nurses,65,N,1895
2544 Registered Nurses,65,Y,1431
2544 Registered Nurses,75,N,1094
2544 Registered Nurses,75,Y,2731
2544 Registered Nurses,70,N,1458
2544 Registered Nurses,70,Y,2394
2544 Registered Nurses,80,N,205
2544 Registered Nurses,80,Y,1014
2544 Registered Nurses,95,N,1
2544 Registered Nurses,95,Y,4
2544 Registered Nurses,90,N,12
2544 Registered Nurses,90,Y,41
2544 Registered Nurses,85,N,63
2544 Registered Nurses,85,Y,250
2544 Registered Nurses,55,N,396
2544 Registered Nurses,55,Y,141
2544 Registered Nurses,60,N,637
2544 Registered Nurses,60,Y,403
2544 Registered Nurses,50,N,142
2544 Registered Nurses,50,Y,44
2544 Registered Nurses,110,Y,1
2544 Registered Nurses,100,N,1
2544 Registered Nurses,100,Y,1
2544 Registered Nurses,105,Y,1
2544 Registered Nurses,40,N,24
2544 Registered Nurses,40,Y,2
2544 Registered Nurses,45,N,47
2544 Registered Nurses,45,Y,14
2544 Registered Nurses,30,N,1
2544 Registered Nurses,120,Y,1
2544 Registered Nurses,35,N,7
2544 Registered Nurses,35,Y,4
3513 Chefs,65,N,196
3513 Chefs,65,Y,2244
3513 Chefs,75,N,115
3513 Chefs,75,Y,1904
3513 Chefs,70,N,152
3513 Chefs,70,Y,2283
3513 Chefs,80,N,77
3513 Chefs,80,Y,1052
3513 Chefs,95,N,1
3513 Chefs,95,Y,71
3513 Chefs,90,N,9
3513 Chefs,90,Y,257
3513 Chefs,85,N,51
3513 Chefs,85,Y,491
3513 Chefs,55,N,50
3513 Chefs,55,Y,499
3513 Chefs,60,N,110
3513 Chefs,60,Y,1134
3513 Chefs,50,N,16
3513 Chefs,50,Y,196
3513 Chefs,100,Y,8
3513 Chefs,105,Y,3
3513 Chefs,40,N,1
3513 Chefs,40,Y,7
3513 Chefs,45,N,8
3513 Chefs,45,Y,44
3513 Chefs,30,Y,1
3513 Chefs,35,Y,3
2334 Electronics Engineers,65,N,285
2334 Electronics Engineers,65,Y,170
2334 Electronics Engineers,75,N,203
2334 Electronics Engineers,75,Y,222
2334 Electronics Engineers,70,N,187
2334 Electronics Engineers,70,Y,227
2334 Electronics Engineers,80,N,134
2334 Electronics Engineers,80,Y,207
2334 Electronics Engineers,95,N,5
2334 Electronics Engineers,95,Y,297
2334 Electronics Engineers,90,N,36
2334 Electronics Engineers,90,Y,119
2334 Electronics Engineers,85,N,71
2334 Electronics Engineers,85,Y,223
2334 Electronics Engineers,55,N,103
2334 Electronics Engineers,55,Y,24
2334 Electronics Engineers,60,N,101
2334 Electronics Engineers,60,Y,105
2334 Electronics Engineers,50,N,30
2334 Electronics Engineers,50,Y,11
2334 Electronics Engineers,100,Y,5
2334 Electronics Engineers,40,N,6
2334 Electronics Engineers,45,N,10
2334 Electronics Engineers,25,N,1
2334 Electronics Engineers,35,N,1
3232 Metal Fitters and Machinists,65,N,61
3232 Metal Fitters and Machinists,65,Y,11
3232 Metal Fitters and Machinists,75,N,38
3232 Metal Fitters and Machinists,75,Y,4
3232 Metal Fitters and Machinists,70,N,56
3232 Metal Fitters and Machinists,70,Y,14
3232 Metal Fitters and Machinists,80,N,10
3232 Metal Fitters and Machinists,80,Y,5
3232 Metal Fitters and Machinists,85,N,3
3232 Metal Fitters and Machinists,85,Y,1
3232 Metal Fitters and Machinists,55,N,32
3232 Metal Fitters and Machinists,55,Y,5
3232 Metal Fitters and Machinists,60,N,72
3232 Metal Fitters and Machinists,60,Y,10
3232 Metal Fitters and Machinists,50,N,46
3232 Metal Fitters and Machinists,50,Y,3
3232 Metal Fitters and Machinists,40,N,5
3232 Metal Fitters and Machinists,40,Y,1
3232 Metal Fitters and Machinists,45,N,6
3232 Metal Fitters and Machinists,45,Y,5
3232 Metal Fitters and Machinists,30,N,1
3232 Metal Fitters and Machinists,35,N,1
3232 Metal Fitters and Machinists,35,Y,1
2631 Computer Network Professionals,65,N,134
2631 Computer Network Professionals,65,Y,278
2631 Computer Network Professionals,75,N,122
2631 Computer Network Professionals,75,Y,517
2631 Computer Network Professionals,70,N,141
2631 Computer Network Professionals,70,Y,346
2631 Computer Network Professionals,80,N,91
2631 Computer Network Professionals,80,Y,457
2631 Computer Network Professionals,95,Y,246
2631 Computer Network Professionals,90,N,37
2631 Computer Network Professionals,90,Y,452
2631 Computer Network Professionals,85,N,56
2631 Computer Network Professionals,85,Y,456
2631 Computer Network Professionals,55,N,48
2631 Computer Network Professionals,55,Y,34
2631 Computer Network Professionals,60,N,74
2631 Computer Network Professionals,60,Y,67
2631 Computer Network Professionals,50,N,16
2631 Computer Network Professionals,50,Y,10
2631 Computer Network Professionals,100,Y,129
2631 Computer Network Professionals,105,N,1
2631 Computer Network Professionals,105,Y,5
2631 Computer Network Professionals,40,N,3
2631 Computer Network Professionals,40,Y,1
2631 Computer Network Professionals,45,N,12
2631 Computer Network Professionals,45,Y,1
2631 Computer Network Professionals,30,N,1
2631 Computer Network Professionals,30,Y,1
2631 Computer Network Professionals,35,N,2
"2342 Chemists, and Food and Wine Scientists",65,N,189
"2342 Chemists, and Food and Wine Scientists",65,Y,92
"2342 Chemists, and Food and Wine Scientists",75,N,136
"2342 Chemists, and Food and Wine Scientists",75,Y,139
"2342 Chemists, and Food and Wine Scientists",70,N,136
"2342 Chemists, and Food and Wine Scientists",70,Y,90
"2342 Chemists, and Food and Wine Scientists",80,N,81
"2342 Chemists, and Food and Wine Scientists",80,Y,130
"2342 Chemists, and Food and Wine Scientists",95,Y,15
"2342 Chemists, and Food and Wine Scientists",90,N,10
"2342 Chemists, and Food and Wine Scientists",90,Y,37
"2342 Chemists, and Food and Wine Scientists",85,N,42
"2342 Chemists, and Food and Wine Scientists",85,Y,111
"2342 Chemists, and Food and Wine Scientists",55,N,40
"2342 Chemists, and Food and Wine Scientists",55,Y,6
"2342 Chemists, and Food and Wine Scientists",60,N,51
"2342 Chemists, and Food and Wine Scientists",60,Y,29
"2342 Chemists, and Food and Wine Scientists",50,N,14
"2342 Chemists, and Food and Wine Scientists",50,Y,3
"2342 Chemists, and Food and Wine Scientists",100,Y,2
"2342 Chemists, and Food and Wine Scientists",40,N,3
"2342 Chemists, and Food and Wine Scientists",45,N,4
"2342 Chemists, and Food and Wine Scientists",25,N,1
2713 Solicitors,65,N,23
2713 Solicitors,65,Y,94
2713 Solicitors,75,N,26
2713 Solicitors,75,Y,148
2713 Solicitors,70,N,24
2713 Solicitors,70,Y,96
2713 Solicitors,80,N,12
2713 Solicitors,80,Y,105
2713 Solicitors,95,Y,3
2713 Solicitors,90,N,2
2713 Solicitors,90,Y,24
2713 Solicitors,85,N,9
2713 Solicitors,85,Y,68
2713 Solicitors,55,N,6
2713 Solicitors,55,Y,6
2713 Solicitors,60,N,7
2713 Solicitors,60,Y,22
2713 Solicitors,50,N,2
2713 Solicitors,100,Y,1
2713 Solicitors,45,N,2
2331 Chemical and Materials Engineers,65,N,195
2331 Chemical and Materials Engineers,65,Y,79
2331 Chemical and Materials Engineers,75,N,184
2331 Chemical and Materials Engineers,75,Y,144
2331 Chemical and Materials Engineers,70,N,182
2331 Chemical and Materials Engineers,70,Y,135
2331 Chemical and Materials Engineers,80,N,150
2331 Chemical and Materials Engineers,80,Y,190
2331 Chemical and Materials Engineers,95,N,4
2331 Chemical and Materials Engineers,95,Y,32
2331 Chemical and Materials Engineers,90,N,14
2331 Chemical and Materials Engineers,90,Y,105
2331 Chemical and Materials Engineers,85,N,65
2331 Chemical and Materials Engineers,85,Y,142
2331 Chemical and Materials Engineers,55,N,39
2331 Chemical and Materials Engineers,55,Y,17
2331 Chemical and Materials Engineers,60,N,53
2331 Chemical and Materials Engineers,60,Y,39
2331 Chemical and Materials Engineers,50,N,18
2331 Chemical and Materials Engineers,50,Y,4
2331 Chemical and Materials Engineers,100,Y,8
2331 Chemical and Materials Engineers,105,Y,1
2331 Chemical and Materials Engineers,40,N,1
2331 Chemical and Materials Engineers,45,N,7
2331 Chemical and Materials Engineers,45,Y,2
2331 Chemical and Materials Engineers,30,N,1
3123 Electrical Engineering Draftspersons and Technicians,65,N,60
3123 Electrical Engineering Draftspersons and Technicians,65,Y,34
3123 Electrical Engineering Draftspersons and Technicians,75,N,42
3123 Electrical Engineering Draftspersons and Technicians,75,Y,25
3123 Electrical Engineering Draftspersons and Technicians,70,N,64
3123 Electrical Engineering Draftspersons and Technicians,70,Y,31
3123 Electrical Engineering Draftspersons and Technicians,80,N,13
3123 Electrical Engineering Draftspersons and Technicians,80,Y,12
3123 Electrical Engineering Draftspersons and Technicians,90,N,1
3123 Electrical Engineering Draftspersons and Technicians,90,Y,23
3123 Electrical Engineering Draftspersons and Technicians,85,N,1
3123 Electrical Engineering Draftspersons and Technicians,85,Y,36
3123 Electrical Engineering Draftspersons and Technicians,55,N,21
3123 Electrical Engineering Draftspersons and Technicians,55,Y,6
3123 Electrical Engineering Draftspersons and Technicians,60,N,25
3123 Electrical Engineering Draftspersons and Technicians,60,Y,14
3123 Electrical Engineering Draftspersons and Technicians,50,N,11
3123 Electrical Engineering Draftspersons and Technicians,40,N,1
3123 Electrical Engineering Draftspersons and Technicians,45,N,1
2333 Electrical Engineers,65,N,399
2333 Electrical Engineers,65,Y,324
2333 Electrical Engineers,75,N,303
2333 Electrical Engineers,75,Y,443
2333 Electrical Engineers,70,N,357
2333 Electrical Engineers,70,Y,390
2333 Electrical Engineers,80,N,234
2333 Electrical Engineers,80,Y,401
2333 Electrical Engineers,95,N,3
2333 Electrical Engineers,95,Y,99
2333 Electrical Engineers,90,N,52
2333 Electrical Engineers,90,Y,245
2333 Electrical Engineers,85,N,114
2333 Electrical Engineers,85,Y,345
2333 Electrical Engineers,55,N,159
2333 Electrical Engineers,55,Y,55
2333 Electrical Engineers,60,N,154
2333 Electrical Engineers,60,Y,160
2333 Electrical Engineers,50,N,48
2333 Electrical Engineers,50,Y,26
2333 Electrical Engineers,100,Y,24
2333 Electrical Engineers,105,Y,3
2333 Electrical Engineers,40,N,6
2333 Electrical Engineers,40,Y,1
2333 Electrical Engineers,45,N,17
2333 Electrical Engineers,45,Y,3
2333 Electrical Engineers,120,Y,1
2333 Electrical Engineers,35,N,1
2321 Architects and Landscape Architects,65,N,37
2321 Architects and Landscape Architects,65,Y,166
2321 Architects and Landscape Architects,75,N,49
2321 Architects and Landscape Architects,75,Y,262
2321 Architects and Landscape Architects,70,N,53
2321 Architects and Landscape Architects,70,Y,229
2321 Architects and Landscape Architects,80,N,39
2321 Architects and Landscape Architects,80,Y,221
2321 Architects and Landscape Architects,95,Y,3
2321 Architects and Landscape Architects,90,N,4
2321 Architects and Landscape Architects,90,Y,29
2321 Architects and Landscape Architects,85,N,24
2321 Architects and Landscape Architects,85,Y,146
2321 Architects and Landscape Architects,55,N,15
2321 Architects and Landscape Architects,55,Y,11
2321 Architects and Landscape Architects,60,N,24
2321 Architects and Landscape Architects,60,Y,62
2321 Architects and Landscape Architects,50,N,2
2321 Architects and Landscape Architects,50,Y,2
2321 Architects and Landscape Architects,45,N,3
2531 General Practitioners and Resident Medical officers,65,N,78
2531 General Practitioners and Resident Medical officers,65,Y,15
2531 General Practitioners and Resident Medical officers,75,N,131
2531 General Practitioners and Resident Medical officers,75,Y,89
2531 General Practitioners and Resident Medical officers,70,N,145
2531 General Practitioners and Resident Medical officers,70,Y,28
2531 General Practitioners and Resident Medical officers,80,N,102
2531 General Practitioners and Resident Medical officers,80,Y,26
2531 General Practitioners and Resident Medical officers,95,N,1
2531 General Practitioners and Resident Medical officers,95,Y,1
2531 General Practitioners and Resident Medical officers,90,N,8
2531 General Practitioners and Resident Medical officers,90,Y,10
2531 General Practitioners and Resident Medical officers,85,N,29
2531 General Practitioners and Resident Medical officers,85,Y,29
2531 General Practitioners and Resident Medical officers,55,N,14
2531 General Practitioners and Resident Medical officers,60,N,40
2531 General Practitioners and Resident Medical officers,60,Y,6
2531 General Practitioners and Resident Medical officers,50,N,2
2531 General Practitioners and Resident Medical officers,50,Y,2
2531 General Practitioners and Resident Medical officers,40,N,1
2531 General Practitioners and Resident Medical officers,45,N,1
2531 General Practitioners and Resident Medical officers,125,Y,1
2247 Management and Organisation Analysts,65,N,78
2247 Management and Organisation Analysts,65,Y,12
2247 Management and Organisation Analysts,75,N,107
2247 Management and Organisation Analysts,75,Y,29
2247 Management and Organisation Analysts,70,N,71
2247 Management and Organisation Analysts,70,Y,24
2247 Management and Organisation Analysts,80,N,72
2247 Management and Organisation Analysts,80,Y,28
2247 Management and Organisation Analysts,95,N,2
2247 Management and Organisation Analysts,95,Y,8
2247 Management and Organisation Analysts,90,N,13
2247 Management and Organisation Analysts,90,Y,23
2247 Management and Organisation Analysts,85,N,34
2247 Management and Organisation Analysts,85,Y,30
2247 Management and Organisation Analysts,55,N,10
2247 Management and Organisation Analysts,55,Y,3
2247 Management and Organisation Analysts,60,N,23
2247 Management and Organisation Analysts,60,Y,2
2247 Management and Organisation Analysts,50,N,3
2247 Management and Organisation Analysts,105,Y,1
2247 Management and Organisation Analysts,45,N,3
2347 Veterinarians,65,N,11
2347 Veterinarians,65,Y,11
2347 Veterinarians,75,N,18
2347 Veterinarians,75,Y,37
2347 Veterinarians,70,N,10
2347 Veterinarians,70,Y,19
2347 Veterinarians,80,N,8
2347 Veterinarians,80,Y,22
2347 Veterinarians,95,Y,1
2347 Veterinarians,90,N,1
2347 Veterinarians,90,Y,12
2347 Veterinarians,85,N,10
2347 Veterinarians,85,Y,22
2347 Veterinarians,55,N,7
2347 Veterinarians,60,N,5
2347 Veterinarians,60,Y,3
2414 Secondary School Teachers,65,N,422
2414 Secondary School Teachers,65,Y,196
2414 Secondary School Teachers,75,N,353
2414 Secondary School Teachers,75,Y,304
2414 Secondary School Teachers,70,N,385
2414 Secondary School Teachers,70,Y,280
2414 Secondary School Teachers,80,N,98
2414 Secondary School Teachers,80,Y,159
2414 Secondary School Teachers,95,N,1
2414 Secondary School Teachers,95,Y,2
2414 Secondary School Teachers,90,N,7
2414 Secondary School Teachers,90,Y,16
2414 Secondary School Teachers,85,N,17
2414 Secondary School Teachers,85,Y,53
2414 Secondary School Teachers,55,N,67
2414 Secondary School Teachers,55,Y,24
2414 Secondary School Teachers,60,N,129
2414 Secondary School Teachers,60,Y,89
2414 Secondary School Teachers,50,N,22
2414 Secondary School Teachers,50,Y,11
2414 Secondary School Teachers,100,Y,1
2414 Secondary School Teachers,40,N,3
2414 Secondary School Teachers,45,N,7
2414 Secondary School Teachers,45,Y,2
1341 Child Care Centre Managers,65,N,5
1341 Child Care Centre Managers,65,Y,7
1341 Child Care Centre Managers,75,Y,6
1341 Child Care Centre Managers,70,N,2
1341 Child Care Centre Managers,70,Y,7
1341 Child Care Centre Managers,95,Y,1
1341 Child Care Centre Managers,85,Y,1
1341 Child Care Centre Managers,55,N,1
1341 Child Care Centre Managers,55,Y,1
1341 Child Care Centre Managers,60,N,2
1341 Child Care Centre Managers,60,Y,5
1341 Child Care Centre Managers,50,N,2
1341 Child Care Centre Managers,50,Y,6
"2241 Actuaries, Mathematicians and Statisticians",65,N,55
"2241 Actuaries, Mathematicians and Statisticians",65,Y,28
"2241 Actuaries, Mathematicians and Statisticians",75,N,74
"2241 Actuaries, Mathematicians and Statisticians",75,Y,88
"2241 Actuaries, Mathematicians and Statisticians",70,N,62
"2241 Actuaries, Mathematicians and Statisticians",70,Y,41
"2241 Actuaries, Mathematicians and Statisticians",80,N,61
"2241 Actuaries, Mathematicians and Statisticians",80,Y,106
"2241 Actuaries, Mathematicians and Statisticians",95,N,1
"2241 Actuaries, Mathematicians and Statisticians",95,Y,30
"2241 Actuaries, Mathematicians and Statisticians",90,N,18
"2241 Actuaries, Mathematicians and Statisticians",90,Y,97
"2241 Actuaries, Mathematicians and Statisticians",85,N,47
"2241 Actuaries, Mathematicians and Statisticians",85,Y,123
"2241 Actuaries, Mathematicians and Statisticians",55,N,9
"2241 Actuaries, Mathematicians and Statisticians",55,Y,2
"2241 Actuaries, Mathematicians and Statisticians",60,N,24
"2241 Actuaries, Mathematicians and Statisticians",60,Y,10
"2241 Actuaries, Mathematicians and Statisticians",50,N,1
"2241 Actuaries, Mathematicians and Statisticians",100,Y,5
"2241 Actuaries, Mathematicians and Statisticians",105,Y,3
"2241 Actuaries, Mathematicians and Statisticians",45,N,2
"2241 Actuaries, Mathematicians and Statisticians",45,Y,1
3331 Glaziers,65,N,5
3331 Glaziers,75,N,6
3331 Glaziers,75,Y,2
3331 Glaziers,70,N,1
3331 Glaziers,80,Y,1
3331 Glaziers,55,N,1
3331 Glaziers,60,Y,1
2421 University Lecturers and Tutors,65,N,366
2421 University Lecturers and Tutors,65,Y,65
2421 University Lecturers and Tutors,75,N,244
2421 University Lecturers and Tutors,75,Y,138
2421 University Lecturers and Tutors,70,N,317
2421 University Lecturers and Tutors,70,Y,119
2421 University Lecturers and Tutors,80,N,139
2421 University Lecturers and Tutors,80,Y,148
2421 University Lecturers and Tutors,95,N,7
2421 University Lecturers and Tutors,95,Y,93
2421 University Lecturers and Tutors,90,N,51
2421 University Lecturers and Tutors,90,Y,161
2421 University Lecturers and Tutors,85,N,82
2421 University Lecturers and Tutors,85,Y,171
2421 University Lecturers and Tutors,55,N,57
2421 University Lecturers and Tutors,55,Y,17
2421 University Lecturers and Tutors,60,N,148
2421 University Lecturers and Tutors,60,Y,28
2421 University Lecturers and Tutors,50,N,32
2421 University Lecturers and Tutors,50,Y,5
2421 University Lecturers and Tutors,110,Y,1
2421 University Lecturers and Tutors,100,Y,51
2421 University Lecturers and Tutors,105,Y,12
2421 University Lecturers and Tutors,40,N,2
2421 University Lecturers and Tutors,45,N,6
2633 Telecommunications Engineering Professionals,65,N,136
2633 Telecommunications Engineering Professionals,65,Y,82
2633 Telecommunications Engineering Professionals,75,N,90
2633 Telecommunications Engineering Professionals,75,Y,201
2633 Telecommunications Engineering Professionals,70,N,97
2633 Telecommunications Engineering Professionals,70,Y,107
2633 Telecommunications Engineering Professionals,80,N,86
2633 Telecommunications Engineering Professionals,80,Y,129
2633 Telecommunications Engineering Professionals,95,N,3
2633 Telecommunications Engineering Professionals,95,Y,26
2633 Telecommunications Engineering Professionals,90,N,15
2633 Telecommunications Engineering Professionals,90,Y,94
2633 Telecommunications Engineering Professionals,85,N,42
2633 Telecommunications Engineering Professionals,85,Y,139
2633 Telecommunications Engineering Professionals,55,N,45
2633 Telecommunications Engineering Professionals,55,Y,25
2633 Telecommunications Engineering Professionals,60,N,66
2633 Telecommunications Engineering Professionals,60,Y,52
2633 Telecommunications Engineering Professionals,50,N,18
2633 Telecommunications Engineering Professionals,50,Y,6
2633 Telecommunications Engineering Professionals,100,Y,5
2633 Telecommunications Engineering Professionals,40,N,3
2633 Telecommunications Engineering Professionals,40,Y,2
2633 Telecommunications Engineering Professionals,45,N,6
2633 Telecommunications Engineering Professionals,45,Y,2
2633 Telecommunications Engineering Professionals,35,N,1
1332 Engineering Managers,65,N,74
1332 Engineering Managers,65,Y,1
1332 Engineering Managers,75,N,53
1332 Engineering Managers,75,Y,3
1332 Engineering Managers,70,N,66
1332 Engineering Managers,70,Y,3
1332 Engineering Managers,80,N,19
1332 Engineering Managers,80,Y,2
1332 Engineering Managers,90,N,1
1332 Engineering Managers,85,N,3
1332 Engineering Managers,85,Y,3
1332 Engineering Managers,55,N,29
1332 Engineering Managers,55,Y,1
1332 Engineering Managers,60,N,23
1332 Engineering Managers,60,Y,3
1332 Engineering Managers,50,N,2
1332 Engineering Managers,40,N,2
1332 Engineering Managers,45,N,4
3122 Civil Engineering Draftspersons and Technicians,65,N,764
3122 Civil Engineering Draftspersons and Technicians,65,Y,820
3122 Civil Engineering Draftspersons and Technicians,75,N,567
3122 Civil Engineering Draftspersons and Technicians,75,Y,845
3122 Civil Engineering Draftspersons and Technicians,70,N,703
3122 Civil Engineering Draftspersons and Technicians,70,Y,1026
3122 Civil Engineering Draftspersons and Technicians,80,N,343
3122 Civil Engineering Draftspersons and Technicians,80,Y,552
3122 Civil Engineering Draftspersons and Technicians,95,N,2
3122 Civil Engineering Draftspersons and Technicians,95,Y,24
3122 Civil Engineering Draftspersons and Technicians,90,N,49
3122 Civil Engineering Draftspersons and Technicians,90,Y,121
3122 Civil Engineering Draftspersons and Technicians,85,N,158
3122 Civil Engineering Draftspersons and Technicians,85,Y,478
3122 Civil Engineering Draftspersons and Technicians,55,N,171
3122 Civil Engineering Draftspersons and Technicians,55,Y,221
3122 Civil Engineering Draftspersons and Technicians,60,N,327
3122 Civil Engineering Draftspersons and Technicians,60,Y,383
3122 Civil Engineering Draftspersons and Technicians,50,N,86
3122 Civil Engineering Draftspersons and Technicians,50,Y,83
3122 Civil Engineering Draftspersons and Technicians,100,Y,2
3122 Civil Engineering Draftspersons and Technicians,105,Y,1
3122 Civil Engineering Draftspersons and Technicians,40,N,17
3122 Civil Engineering Draftspersons and Technicians,40,Y,11
3122 Civil Engineering Draftspersons and Technicians,45,N,28
3122 Civil Engineering Draftspersons and Technicians,45,Y,16
3122 Civil Engineering Draftspersons and Technicians,25,N,1
3122 Civil Engineering Draftspersons and Technicians,35,N,4
3122 Civil Engineering Draftspersons and Technicians,35,Y,1
1399 Other Specialist Managers,65,N,29
1399 Other Specialist Managers,65,Y,6
1399 Other Specialist Managers,75,N,30
1399 Other Specialist Managers,75,Y,18
1399 Other Specialist Managers,70,N,28
1399 Other Specialist Managers,70,Y,14
1399 Other Specialist Managers,80,N,11
1399 Other Specialist Managers,80,Y,6
1399 Other Specialist Managers,90,N,2
1399 Other Specialist Managers,90,Y,1
1399 Other Specialist Managers,85,N,3
1399 Other Specialist Managers,85,Y,7
1399 Other Specialist Managers,55,N,16
1399 Other Specialist Managers,55,Y,3
1399 Other Specialist Managers,60,N,22
1399 Other Specialist Managers,60,Y,3
1399 Other Specialist Managers,50,N,3
1399 Other Specialist Managers,50,Y,1
1399 Other Specialist Managers,40,N,1
1399 Other Specialist Managers,45,N,1
2322 Cartographers and Surveyors,65,N,62
2322 Cartographers and Surveyors,65,Y,15
2322 Cartographers and Surveyors,75,N,29
2322 Cartographers and Surveyors,75,Y,22
2322 Cartographers and Surveyors,70,N,45
2322 Cartographers and Surveyors,70,Y,24
2322 Cartographers and Surveyors,80,N,7
2322 Cartographers and Surveyors,80,Y,16
2322 Cartographers and Surveyors,90,N,2
2322 Cartographers and Surveyors,90,Y,3
2322 Cartographers and Surveyors,85,N,12
2322 Cartographers and Surveyors,85,Y,13
2322 Cartographers and Surveyors,55,N,16
2322 Cartographers and Surveyors,55,Y,4
2322 Cartographers and Surveyors,60,N,38
2322 Cartographers and Surveyors,60,Y,6
2322 Cartographers and Surveyors,50,N,4
2322 Cartographers and Surveyors,40,N,1
3233 Precision Metal Trades Workers,65,Y,3
3233 Precision Metal Trades Workers,75,Y,2
3233 Precision Metal Trades Workers,70,Y,3
3233 Precision Metal Trades Workers,55,Y,2
3233 Precision Metal Trades Workers,60,Y,1
3233 Precision Metal Trades Workers,45,N,1
2245 Land Economists and Valuers,65,N,12
2245 Land Economists and Valuers,65,Y,8
2245 Land Economists and Valuers,75,N,15
2245 Land Economists and Valuers,75,Y,20
2245 Land Economists and Valuers,70,N,5
2245 Land Economists and Valuers,70,Y,10
2245 Land Economists and Valuers,80,N,8
2245 Land Economists and Valuers,80,Y,8
2245 Land Economists and Valuers,90,N,1
2245 Land Economists and Valuers,85,Y,5
2245 Land Economists and Valuers,55,N,2
2245 Land Economists and Valuers,60,N,3
2245 Land Economists and Valuers,60,Y,1
2245 Land Economists and Valuers,50,N,1
2245 Land Economists and Valuers,40,N,1
2245 Land Economists and Valuers,45,N,1
2245 Land Economists and Valuers,30,N,1
2336 Mining Engineers,65,N,111
2336 Mining Engineers,65,Y,82
2336 Mining Engineers,75,N,54
2336 Mining Engineers,75,Y,97
2336 Mining Engineers,70,N,92
2336 Mining Engineers,70,Y,66
2336 Mining Engineers,80,N,28
2336 Mining Engineers,80,Y,68
2336 Mining Engineers,95,Y,4
2336 Mining Engineers,90,N,2
2336 Mining Engineers,90,Y,12
2336 Mining Engineers,85,N,9
2336 Mining Engineers,85,Y,30
2336 Mining Engineers,55,N,32
2336 Mining Engineers,55,Y,2
2336 Mining Engineers,60,N,35
2336 Mining Engineers,60,Y,19
2336 Mining Engineers,50,N,18
2336 Mining Engineers,50,Y,1
2336 Mining Engineers,40,N,1
2336 Mining Engineers,45,N,5
2336 Mining Engineers,45,Y,1
2612 Multimedia Specialists and Web Developers,65,N,24
2612 Multimedia Specialists and Web Developers,65,Y,21
2612 Multimedia Specialists and Web Developers,75,N,15
2612 Multimedia Specialists and Web Developers,75,Y,45
2612 Multimedia Specialists and Web Developers,70,N,31
2612 Multimedia Specialists and Web Developers,70,Y,37
2612 Multimedia Specialists and Web Developers,80,N,14
2612 Multimedia Specialists and Web Developers,80,Y,38
2612 Multimedia Specialists and Web Developers,95,N,1
2612 Multimedia Specialists and Web Developers,95,Y,43
2612 Multimedia Specialists and Web Developers,90,N,2
2612 Multimedia Specialists and Web Developers,90,Y,114
2612 Multimedia Specialists and Web Developers,85,N,13
2612 Multimedia Specialists and Web Developers,85,Y,62
2612 Multimedia Specialists and Web Developers,55,N,5
2612 Multimedia Specialists and Web Developers,55,Y,1
2612 Multimedia Specialists and Web Developers,60,N,7
2612 Multimedia Specialists and Web Developers,60,Y,3
2612 Multimedia Specialists and Web Developers,50,N,11
2612 Multimedia Specialists and Web Developers,50,Y,1
2612 Multimedia Specialists and Web Developers,100,Y,8
2612 Multimedia Specialists and Web Developers,40,N,1
3223 Structural Steel and Welding Trades Workers,65,N,64
3223 Structural Steel and Welding Trades Workers,65,Y,146
3223 Structural Steel and Welding Trades Workers,75,N,15
3223 Structural Steel and Welding Trades Workers,75,Y,117
3223 Structural Steel and Welding Trades Workers,70,N,36
3223 Structural Steel and Welding Trades Workers,70,Y,128
3223 Structural Steel and Welding Trades Workers,80,N,8
3223 Structural Steel and Welding Trades Workers,80,Y,66
3223 Structural Steel and Welding Trades Workers,90,Y,7
3223 Structural Steel and Welding Trades Workers,85,N,1
3223 Structural Steel and Welding Trades Workers,85,Y,9
3223 Structural Steel and Welding Trades Workers,55,N,16
3223 Structural Steel and Welding Trades Workers,55,Y,26
3223 Structural Steel and Welding Trades Workers,60,N,34
3223 Structural Steel and Welding Trades Workers,60,Y,52
3223 Structural Steel and Welding Trades Workers,50,N,10
3223 Structural Steel and Welding Trades Workers,50,Y,7
3223 Structural Steel and Welding Trades Workers,40,N,2
3223 Structural Steel and Welding Trades Workers,40,Y,1
3223 Structural Steel and Welding Trades Workers,45,N,8
3223 Structural Steel and Welding Trades Workers,45,Y,2
3223 Structural Steel and Welding Trades Workers,30,N,2
2349 Other Natural and Physical Science Professionals,65,N,58
2349 Other Natural and Physical Science Professionals,65,Y,5
2349 Other Natural and Physical Science Professionals,75,N,37
2349 Other Natural and Physical Science Professionals,75,Y,15
2349 Other Natural and Physical Science Professionals,70,N,41
2349 Other Natural and Physical Science Professionals,70,Y,8
2349 Other Natural and Physical Science Professionals,80,N,8
2349 Other Natural and Physical Science Professionals,80,Y,10
2349 Other Natural and Physical Science Professionals,95,Y,3
2349 Other Natural and Physical Science Professionals,90,Y,3
2349 Other Natural and Physical Science Professionals,85,N,3
2349 Other Natural and Physical Science Professionals,85,Y,17
2349 Other Natural and Physical Science Professionals,55,N,6
2349 Other Natural and Physical Science Professionals,60,N,9
2349 Other Natural and Physical Science Professionals,60,Y,2
2349 Other Natural and Physical Science Professionals,50,N,3
2349 Other Natural and Physical Science Professionals,50,Y,3
2349 Other Natural and Physical Science Professionals,100,Y,3
2349 Other Natural and Physical Science Professionals,105,Y,2
2349 Other Natural and Physical Science Professionals,40,N,1
1331 Construction Managers,65,N,442
1331 Construction Managers,65,Y,67
1331 Construction Managers,75,N,394
1331 Construction Managers,75,Y,137
1331 Construction Managers,70,N,429
1331 Construction Managers,70,Y,107
1331 Construction Managers,80,N,188
1331 Construction Managers,80,Y,88
1331 Construction Managers,95,N,1
1331 Construction Managers,95,Y,12
1331 Construction Managers,90,N,8
1331 Construction Managers,90,Y,24
1331 Construction Managers,85,N,50
1331 Construction Managers,85,Y,40
1331 Construction Managers,55,N,87
1331 Construction Managers,55,Y,9
1331 Construction Managers,60,N,122
1331 Construction Managers,60,Y,31
1331 Construction Managers,50,N,20
1331 Construction Managers,50,Y,1
1331 Construction Managers,100,N,1
1331 Construction Managers,40,N,8
1331 Construction Managers,45,N,10
1331 Construction Managers,45,Y,2
1331 Construction Managers,35,N,2
2343 Environmental Scientists,65,N,79
2343 Environmental Scientists,65,Y,30
2343 Environmental Scientists,75,N,43
2343 Environmental Scientists,75,Y,74
2343 Environmental Scientists,70,N,80
2343 Environmental Scientists,70,Y,47
2343 Environmental Scientists,80,N,27
2343 Environmental Scientists,80,Y,48
2343 Environmental Scientists,95,Y,4
2343 Environmental Scientists,90,Y,26
2343 Environmental Scientists,85,N,12
2343 Environmental Scientists,85,Y,55
2343 Environmental Scientists,55,N,9
2343 Environmental Scientists,55,Y,3
2343 Environmental Scientists,60,N,23
2343 Environmental Scientists,60,Y,16
2343 Environmental Scientists,50,N,3
2343 Environmental Scientists,100,Y,2
2343 Environmental Scientists,40,N,2
2343 Environmental Scientists,45,Y,2
2711 Barristers,65,N,1
2711 Barristers,75,Y,1
2711 Barristers,70,Y,1
2711 Barristers,80,N,1
2711 Barristers,80,Y,3
2711 Barristers,85,Y,1
2711 Barristers,55,N,1
3132 Telecommunications Technical Specialists,65,N,19
3132 Telecommunications Technical Specialists,65,Y,150
3132 Telecommunications Technical Specialists,75,N,4
3132 Telecommunications Technical Specialists,75,Y,133
3132 Telecommunications Technical Specialists,70,N,11
3132 Telecommunications Technical Specialists,70,Y,151
3132 Telecommunications Technical Specialists,80,N,6
3132 Telecommunications Technical Specialists,80,Y,77
3132 Telecommunications Technical Specialists,90,Y,32
3132 Telecommunications Technical Specialists,85,N,1
3132 Telecommunications Technical Specialists,85,Y,46
3132 Telecommunications Technical Specialists,55,N,6
3132 Telecommunications Technical Specialists,55,Y,49
3132 Telecommunications Technical Specialists,60,N,7
3132 Telecommunications Technical Specialists,60,Y,88
3132 Telecommunications Technical Specialists,50,N,4
3132 Telecommunications Technical Specialists,50,Y,29
3132 Telecommunications Technical Specialists,40,N,2
3132 Telecommunications Technical Specialists,40,Y,2
3132 Telecommunications Technical Specialists,45,N,3
3132 Telecommunications Technical Specialists,45,Y,5
3132 Telecommunications Technical Specialists,35,N,1
3312 Carpenters and Joiners,65,N,57
3312 Carpenters and Joiners,65,Y,458
3312 Carpenters and Joiners,75,N,4
3312 Carpenters and Joiners,75,Y,78
3312 Carpenters and Joiners,70,N,23
3312 Carpenters and Joiners,70,Y,199
3312 Carpenters and Joiners,80,N,4
3312 Carpenters and Joiners,80,Y,22
3312 Carpenters and Joiners,90,Y,4
3312 Carpenters and Joiners,85,Y,6
3312 Carpenters and Joiners,55,N,21
3312 Carpenters and Joiners,55,Y,100
3312 Carpenters and Joiners,60,N,22
3312 Carpenters and Joiners,60,Y,219
3312 Carpenters and Joiners,50,N,8
3312 Carpenters and Joiners,50,Y,22
3312 Carpenters and Joiners,100,Y,1
3312 Carpenters and Joiners,40,N,3
3312 Carpenters and Joiners,45,N,5
3312 Carpenters and Joiners,45,Y,6
3312 Carpenters and Joiners,30,N,1
2725 Social Workers,65,N,85
2725 Social Workers,65,Y,165
2725 Social Workers,75,N,41
2725 Social Workers,75,Y,375
2725 Social Workers,70,N,76
2725 Social Workers,70,Y,361
2725 Social Workers,80,N,10
2725 Social Workers,80,Y,148
2725 Social Workers,90,Y,7
2725 Social Workers,85,N,2
2725 Social Workers,85,Y,54
2725 Social Workers,55,N,18
2725 Social Workers,55,Y,9
2725 Social Workers,60,N,14
2725 Social Workers,60,Y,32
2725 Social Workers,50,N,4
2725 Social Workers,50,Y,3
2725 Social Workers,40,N,1
2725 Social Workers,45,N,1
2725 Social Workers,45,Y,2
3322 Painting Trades Workers,65,N,24
3322 Painting Trades Workers,65,Y,400
3322 Painting Trades Workers,75,N,6
3322 Painting Trades Workers,75,Y,180
3322 Painting Trades Workers,70,N,16
3322 Painting Trades Workers,70,Y,327
3322 Painting Trades Workers,80,N,2
3322 Painting Trades Workers,80,Y,88
3322 Painting Trades Workers,90,Y,5
3322 Painting Trades Workers,85,Y,22
3322 Painting Trades Workers,55,N,7
3322 Painting Trades Workers,55,Y,64
3322 Painting Trades Workers,60,N,16
3322 Painting Trades Workers,60,Y,157
3322 Painting Trades Workers,50,N,6
3322 Painting Trades Workers,50,Y,19
3322 Painting Trades Workers,40,N,1
3322 Painting Trades Workers,40,Y,4
3322 Painting Trades Workers,45,Y,6
3322 Painting Trades Workers,35,N,1
3423 Electronics Trades Workers,65,N,97
3423 Electronics Trades Workers,65,Y,13
3423 Electronics Trades Workers,75,N,42
3423 Electronics Trades Workers,75,Y,21
3423 Electronics Trades Workers,70,N,57
3423 Electronics Trades Workers,70,Y,27
3423 Electronics Trades Workers,80,N,12
3423 Electronics Trades Workers,80,Y,8
3423 Electronics Trades Workers,90,Y,1
3423 Electronics Trades Workers,85,N,3
3423 Electronics Trades Workers,85,Y,1
3423 Electronics Trades Workers,55,N,44
3423 Electronics Trades Workers,55,Y,3
3423 Electronics Trades Workers,60,N,37
3423 Electronics Trades Workers,60,Y,5
3423 Electronics Trades Workers,50,N,6
3423 Electronics Trades Workers,45,N,5
2521 Chiropractors and Osteopaths,65,N,5
2521 Chiropractors and Osteopaths,65,Y,6
2521 Chiropractors and Osteopaths,75,N,6
2521 Chiropractors and Osteopaths,75,Y,74
2521 Chiropractors and Osteopaths,70,N,7
2521 Chiropractors and Osteopaths,70,Y,16
2521 Chiropractors and Osteopaths,80,N,4
2521 Chiropractors and Osteopaths,80,Y,10
2521 Chiropractors and Osteopaths,85,Y,5
2521 Chiropractors and Osteopaths,55,N,1
2521 Chiropractors and Osteopaths,60,N,1
2521 Chiropractors and Osteopaths,60,Y,4
2521 Chiropractors and Osteopaths,50,N,1
2521 Chiropractors and Osteopaths,50,Y,1
3941 Cabinetmakers,65,N,18
3941 Cabinetmakers,65,Y,26
3941 Cabinetmakers,75,N,5
3941 Cabinetmakers,75,Y,18
3941 Cabinetmakers,70,N,15
3941 Cabinetmakers,70,Y,31
3941 Cabinetmakers,80,N,1
3941 Cabinetmakers,80,Y,6
3941 Cabinetmakers,85,Y,5
3941 Cabinetmakers,55,N,3
3941 Cabinetmakers,55,Y,2
3941 Cabinetmakers,60,N,7
3941 Cabinetmakers,60,Y,6
3941 Cabinetmakers,50,N,7
3941 Cabinetmakers,50,Y,1
3941 Cabinetmakers,45,N,2
2243 Economists,65,N,32
2243 Economists,65,Y,8
2243 Economists,75,N,18
2243 Economists,75,Y,13
2243 Economists,70,N,22
2243 Economists,70,Y,10
2243 Economists,80,N,13
2243 Economists,80,Y,27
2243 Economists,90,N,3
2243 Economists,90,Y,6
2243 Economists,85,N,7
2243 Economists,85,Y,11
2243 Economists,55,N,5
2243 Economists,55,Y,1
2243 Economists,60,N,9
2243 Economists,60,Y,4
2243 Economists,100,Y,1
2243 Economists,105,Y,1
2243 Economists,45,N,1
3311 Bricklayers and Stonemasons,65,N,16
3311 Bricklayers and Stonemasons,65,Y,60
3311 Bricklayers and Stonemasons,75,N,4
3311 Bricklayers and Stonemasons,75,Y,14
3311 Bricklayers and Stonemasons,70,N,6
3311 Bricklayers and Stonemasons,70,Y,25
3311 Bricklayers and Stonemasons,80,Y,3
3311 Bricklayers and Stonemasons,85,Y,1
3311 Bricklayers and Stonemasons,55,N,5
3311 Bricklayers and Stonemasons,55,Y,20
3311 Bricklayers and Stonemasons,60,N,4
3311 Bricklayers and Stonemasons,60,Y,33
3311 Bricklayers and Stonemasons,50,N,9
3311 Bricklayers and Stonemasons,50,Y,7
3311 Bricklayers and Stonemasons,40,N,1
3311 Bricklayers and Stonemasons,45,N,1
3311 Bricklayers and Stonemasons,45,Y,2
1342 Health and Welfare Services Managers,65,N,25
1342 Health and Welfare Services Managers,65,Y,1
1342 Health and Welfare Services Managers,75,N,5
1342 Health and Welfare Services Managers,75,Y,5
1342 Health and Welfare Services Managers,70,N,12
1342 Health and Welfare Services Managers,70,Y,7
1342 Health and Welfare Services Managers,80,N,6
1342 Health and Welfare Services Managers,80,Y,3
1342 Health and Welfare Services Managers,55,N,2
1342 Health and Welfare Services Managers,55,Y,4
1342 Health and Welfare Services Managers,60,N,12
1342 Health and Welfare Services Managers,60,Y,2
1342 Health and Welfare Services Managers,50,N,8
2539 Other Medical Practitioners,65,N,83
2539 Other Medical Practitioners,65,Y,17
2539 Other Medical Practitioners,75,N,135
2539 Other Medical Practitioners,75,Y,45
2539 Other Medical Practitioners,70,N,120
2539 Other Medical Practitioners,70,Y,21
2539 Other Medical Practitioners,80,N,89
2539 Other Medical Practitioners,80,Y,19
2539 Other Medical Practitioners,90,N,9
2539 Other Medical Practitioners,90,Y,14
2539 Other Medical Practitioners,85,N,30
2539 Other Medical Practitioners,85,Y,32
2539 Other Medical Practitioners,55,N,11
2539 Other Medical Practitioners,60,N,24
2539 Other Medical Practitioners,60,Y,2
2539 Other Medical Practitioners,50,N,3
2539 Other Medical Practitioners,50,Y,3
3411 Electricians,65,N,83
3411 Electricians,65,Y,22
3411 Electricians,75,N,10
3411 Electricians,75,Y,6
3411 Electricians,70,N,24
3411 Electricians,70,Y,14
3411 Electricians,80,N,1
3411 Electricians,80,Y,5
3411 Electricians,85,Y,1
3411 Electricians,55,N,29
3411 Electricians,55,Y,8
3411 Electricians,60,N,57
3411 Electricians,60,Y,7
3411 Electricians,50,N,38
3411 Electricians,50,Y,3
3411 Electricians,40,N,1
3411 Electricians,45,N,7
3411 Electricians,35,N,2
3411 Electricians,20,Y,1
2525 Physiotherapists,65,N,82
2525 Physiotherapists,65,Y,31
2525 Physiotherapists,75,N,68
2525 Physiotherapists,75,Y,115
2525 Physiotherapists,70,N,87
2525 Physiotherapists,70,Y,81
2525 Physiotherapists,80,N,23
2525 Physiotherapists,80,Y,54
2525 Physiotherapists,95,N,1
2525 Physiotherapists,95,Y,1
2525 Physiotherapists,90,Y,6
2525 Physiotherapists,85,N,10
2525 Physiotherapists,85,Y,23
2525 Physiotherapists,55,N,23
2525 Physiotherapists,55,Y,3
2525 Physiotherapists,60,N,16
2525 Physiotherapists,60,Y,5
2525 Physiotherapists,50,N,7
2525 Physiotherapists,40,N,2
2525 Physiotherapists,45,N,2
2512 Medical Imaging Professionals,65,N,24
2512 Medical Imaging Professionals,65,Y,10
2512 Medical Imaging Professionals,75,N,34
2512 Medical Imaging Professionals,75,Y,45
2512 Medical Imaging Professionals,70,N,32
2512 Medical Imaging Professionals,70,Y,26
2512 Medical Imaging Professionals,80,N,4
2512 Medical Imaging Professionals,80,Y,11
2512 Medical Imaging Professionals,90,N,2
2512 Medical Imaging Professionals,85,Y,4
2512 Medical Imaging Professionals,55,N,4
2512 Medical Imaging Professionals,55,Y,1
2512 Medical Imaging Professionals,60,N,3
2512 Medical Imaging Professionals,60,Y,2
"4523 Sports Coaches, Instructors and Officials",65,N,3
"4523 Sports Coaches, Instructors and Officials",75,N,1
"4523 Sports Coaches, Instructors and Officials",75,Y,4
"4523 Sports Coaches, Instructors and Officials",70,N,1
"4523 Sports Coaches, Instructors and Officials",70,Y,2
"4523 Sports Coaches, Instructors and Officials",80,N,1
"4523 Sports Coaches, Instructors and Officials",80,Y,1
"4523 Sports Coaches, Instructors and Officials",85,Y,2
"4523 Sports Coaches, Instructors and Officials",55,N,1
"4523 Sports Coaches, Instructors and Officials",60,N,1
"4523 Sports Coaches, Instructors and Officials",60,Y,1
3222 Sheetmetal Trades Workers,65,N,2
3222 Sheetmetal Trades Workers,65,Y,2
3222 Sheetmetal Trades Workers,75,Y,3
3222 Sheetmetal Trades Workers,70,N,1
3222 Sheetmetal Trades Workers,70,Y,1
3222 Sheetmetal Trades Workers,80,Y,2
3222 Sheetmetal Trades Workers,85,Y,1
3222 Sheetmetal Trades Workers,60,Y,1
2527 Speech Professionals and Audiologists,65,N,43
2527 Speech Professionals and Audiologists,65,Y,18
2527 Speech Professionals and Audiologists,75,N,24
2527 Speech Professionals and Audiologists,75,Y,44
2527 Speech Professionals and Audiologists,70,N,38
2527 Speech Professionals and Audiologists,70,Y,27
2527 Speech Professionals and Audiologists,80,N,10
2527 Speech Professionals and Audiologists,80,Y,21
2527 Speech Professionals and Audiologists,90,Y,2
2527 Speech Professionals and Audiologists,85,N,3
2527 Speech Professionals and Audiologists,85,Y,13
2527 Speech Professionals and Audiologists,55,N,11
2527 Speech Professionals and Audiologists,60,N,14
2527 Speech Professionals and Audiologists,60,Y,4
2527 Speech Professionals and Audiologists,50,N,4
2527 Speech Professionals and Audiologists,100,N,1
2527 Speech Professionals and Audiologists,45,N,1
2524 Occupational Therapists,65,N,56
2524 Occupational Therapists,65,Y,26
2524 Occupational Therapists,75,N,63
2524 Occupational Therapists,75,Y,111
2524 Occupational Therapists,70,N,90
2524 Occupational Therapists,70,Y,63
2524 Occupational Therapists,80,N,14
2524 Occupational Therapists,80,Y,31
2524 Occupational Therapists,95,Y,1
2524 Occupational Therapists,90,N,1
2524 Occupational Therapists,90,Y,1
2524 Occupational Therapists,85,N,1
2524 Occupational Therapists,85,Y,14
2524 Occupational Therapists,55,N,13
2524 Occupational Therapists,60,N,15
2524 Occupational Therapists,60,Y,5
2524 Occupational Therapists,50,N,4
2524 Occupational Therapists,50,Y,1
2524 Occupational Therapists,40,N,1
2524 Occupational Therapists,45,N,2
2524 Occupational Therapists,115,Y,3
2519 Other Health Diagnostic and Promotion Professionals,65,N,2
2519 Other Health Diagnostic and Promotion Professionals,65,Y,1
2519 Other Health Diagnostic and Promotion Professionals,75,N,4
2519 Other Health Diagnostic and Promotion Professionals,75,Y,1
2519 Other Health Diagnostic and Promotion Professionals,70,N,3
2519 Other Health Diagnostic and Promotion Professionals,70,Y,1
2519 Other Health Diagnostic and Promotion Professionals,80,N,1
2519 Other Health Diagnostic and Promotion Professionals,55,Y,1
3421 Airconditioning and Refrigeration Mechanics,65,N,11
3421 Airconditioning and Refrigeration Mechanics,65,Y,7
3421 Airconditioning and Refrigeration Mechanics,75,N,4
3421 Airconditioning and Refrigeration Mechanics,75,Y,1
3421 Airconditioning and Refrigeration Mechanics,70,N,8
3421 Airconditioning and Refrigeration Mechanics,70,Y,3
3421 Airconditioning and Refrigeration Mechanics,80,N,1
3421 Airconditioning and Refrigeration Mechanics,55,N,3
3421 Airconditioning and Refrigeration Mechanics,55,Y,3
3421 Airconditioning and Refrigeration Mechanics,60,N,4
3421 Airconditioning and Refrigeration Mechanics,60,Y,2
3421 Airconditioning and Refrigeration Mechanics,50,N,2
3421 Airconditioning and Refrigeration Mechanics,50,Y,1
3421 Airconditioning and Refrigeration Mechanics,45,N,1
3421 Airconditioning and Refrigeration Mechanics,35,N,1
2346 Medical Laboratory Scientists,65,N,62
2346 Medical Laboratory Scientists,65,Y,37
2346 Medical Laboratory Scientists,75,N,120
2346 Medical Laboratory Scientists,75,Y,80
2346 Medical Laboratory Scientists,70,N,88
2346 Medical Laboratory Scientists,70,Y,52
2346 Medical Laboratory Scientists,80,N,47
2346 Medical Laboratory Scientists,80,Y,46
2346 Medical Laboratory Scientists,95,Y,1
2346 Medical Laboratory Scientists,90,N,3
2346 Medical Laboratory Scientists,90,Y,8
2346 Medical Laboratory Scientists,85,N,5
2346 Medical Laboratory Scientists,85,Y,26
2346 Medical Laboratory Scientists,55,N,7
2346 Medical Laboratory Scientists,60,N,12
2346 Medical Laboratory Scientists,60,Y,8
2346 Medical Laboratory Scientists,50,N,1
2346 Medical Laboratory Scientists,100,Y,1
2346 Medical Laboratory Scientists,45,N,3
2415 Special Education Teachers,65,N,24
2415 Special Education Teachers,65,Y,5
2415 Special Education Teachers,75,N,19
2415 Special Education Teachers,75,Y,4
2415 Special Education Teachers,70,N,12
2415 Special Education Teachers,70,Y,8
2415 Special Education Teachers,80,N,3
2415 Special Education Teachers,80,Y,4
2415 Special Education Teachers,55,N,3
2415 Special Education Teachers,60,N,6
2415 Special Education Teachers,60,Y,3
2415 Special Education Teachers,30,N,1
2723 Psychologists,65,N,34
2723 Psychologists,65,Y,9
2723 Psychologists,75,N,21
2723 Psychologists,75,Y,26
2723 Psychologists,70,N,36
2723 Psychologists,70,Y,16
2723 Psychologists,80,N,10
2723 Psychologists,80,Y,12
2723 Psychologists,95,Y,1
2723 Psychologists,90,N,2
2723 Psychologists,90,Y,1
2723 Psychologists,85,N,4
2723 Psychologists,85,Y,8
2723 Psychologists,55,N,4
2723 Psychologists,55,Y,2
2723 Psychologists,60,N,8
2723 Psychologists,60,Y,6
2723 Psychologists,50,N,5
2723 Psychologists,50,Y,1
2723 Psychologists,105,Y,1
2541 Midwives,65,N,21
2541 Midwives,65,Y,2
2541 Midwives,75,N,22
2541 Midwives,75,Y,7
2541 Midwives,70,N,25
2541 Midwives,70,Y,7
2541 Midwives,80,N,10
2541 Midwives,80,Y,3
2541 Midwives,90,N,1
2541 Midwives,85,Y,1
2541 Midwives,60,N,4
2541 Midwives,60,Y,3
2541 Midwives,50,N,1
2541 Midwives,40,N,1
2541 Midwives,45,N,1
3341 Plumbers,65,N,27
3341 Plumbers,65,Y,4
3341 Plumbers,75,N,5
3341 Plumbers,70,N,7
3341 Plumbers,70,Y,4
3341 Plumbers,80,N,1
3341 Plumbers,80,Y,5
3341 Plumbers,95,Y,1
3341 Plumbers,85,Y,1
3341 Plumbers,55,N,8
3341 Plumbers,55,Y,1
3341 Plumbers,60,N,15
3341 Plumbers,60,Y,3
3341 Plumbers,50,N,3
3341 Plumbers,40,N,2
3341 Plumbers,45,N,4
3341 Plumbers,45,Y,1
3241 Panelbeaters,65,N,5
3241 Panelbeaters,65,Y,4
3241 Panelbeaters,70,N,1
3241 Panelbeaters,70,Y,2
3241 Panelbeaters,80,Y,1
3241 Panelbeaters,85,Y,1
3241 Panelbeaters,55,N,1
3241 Panelbeaters,55,Y,1
3241 Panelbeaters,60,Y,1
3241 Panelbeaters,45,Y,1
3991 Boat Builders and Shipwrights,65,Y,8
3991 Boat Builders and Shipwrights,75,Y,6
3991 Boat Builders and Shipwrights,70,Y,6
3991 Boat Builders and Shipwrights,80,Y,1
3991 Boat Builders and Shipwrights,55,Y,1
3991 Boat Builders and Shipwrights,60,N,1
3991 Boat Builders and Shipwrights,60,Y,1
2533 Internal Medicine Specialists,65,N,13
2533 Internal Medicine Specialists,65,Y,5
2533 Internal Medicine Specialists,75,N,8
2533 Internal Medicine Specialists,75,Y,2
2533 Internal Medicine Specialists,70,N,13
2533 Internal Medicine Specialists,70,Y,1
2533 Internal Medicine Specialists,80,N,7
2533 Internal Medicine Specialists,95,N,1
2533 Internal Medicine Specialists,95,Y,1
2533 Internal Medicine Specialists,90,N,1
2533 Internal Medicine Specialists,85,N,4
2533 Internal Medicine Specialists,85,Y,2
2533 Internal Medicine Specialists,55,N,6
2533 Internal Medicine Specialists,60,N,11
2533 Internal Medicine Specialists,50,N,3
2533 Internal Medicine Specialists,40,N,1
3332 Plasterers,65,N,5
3332 Plasterers,65,Y,21
3332 Plasterers,75,Y,9
3332 Plasterers,70,N,1
3332 Plasterers,70,Y,13
3332 Plasterers,80,Y,1
3332 Plasterers,55,N,2
3332 Plasterers,55,Y,3
3332 Plasterers,60,N,3
3332 Plasterers,60,Y,7
3332 Plasterers,50,N,1
3332 Plasterers,45,N,1
3332 Plasterers,45,Y,1
3611 Animal Attendants and Trainers,65,Y,2
3611 Animal Attendants and Trainers,80,Y,1
3334 Wall and Floor Tilers,65,N,8
3334 Wall and Floor Tilers,65,Y,67
3334 Wall and Floor Tilers,75,N,2
3334 Wall and Floor Tilers,75,Y,11
3334 Wall and Floor Tilers,70,N,9
3334 Wall and Floor Tilers,70,Y,26
3334 Wall and Floor Tilers,80,Y,3
3334 Wall and Floor Tilers,85,Y,3
3334 Wall and Floor Tilers,55,N,2
3334 Wall and Floor Tilers,55,Y,13
3334 Wall and Floor Tilers,60,N,5
3334 Wall and Floor Tilers,60,Y,35
3334 Wall and Floor Tilers,50,N,1
3334 Wall and Floor Tilers,50,Y,2
2112 Music Professionals,65,N,4
2112 Music Professionals,65,Y,1
2112 Music Professionals,75,Y,1
2112 Music Professionals,70,N,1
2112 Music Professionals,70,Y,2
2112 Music Professionals,85,N,1
2112 Music Professionals,85,Y,1
2112 Music Professionals,55,Y,1
2112 Music Professionals,60,N,1
2112 Music Professionals,50,N,1
2112 Music Professionals,45,N,1
3211 Automotive Electricians,65,N,5
3211 Automotive Electricians,65,Y,23
3211 Automotive Electricians,75,N,1
3211 Automotive Electricians,75,Y,6
3211 Automotive Electricians,70,N,3
3211 Automotive Electricians,70,Y,15
3211 Automotive Electricians,80,Y,6
3211 Automotive Electricians,95,Y,1
3211 Automotive Electricians,55,N,2
3211 Automotive Electricians,55,Y,3
3211 Automotive Electricians,60,N,3
3211 Automotive Electricians,60,Y,10
3211 Automotive Electricians,50,N,12
3211 Automotive Electricians,50,Y,3
3211 Automotive Electricians,40,N,2
3211 Automotive Electricians,40,Y,1
3211 Automotive Electricians,45,N,3
3211 Automotive Electricians,45,Y,1
2534 Psychiatrists,65,N,3
2534 Psychiatrists,75,N,5
2534 Psychiatrists,70,N,7
2534 Psychiatrists,80,N,2
2534 Psychiatrists,85,N,2
2534 Psychiatrists,55,N,1
2534 Psychiatrists,60,N,3
2514 Optometrists and Orthoptists,65,N,1
2514 Optometrists and Orthoptists,65,Y,2
2514 Optometrists and Orthoptists,75,N,3
2514 Optometrists and Orthoptists,75,Y,11
2514 Optometrists and Orthoptists,70,N,2
2514 Optometrists and Orthoptists,70,Y,7
2514 Optometrists and Orthoptists,80,Y,6
2514 Optometrists and Orthoptists,95,Y,1
2514 Optometrists and Orthoptists,85,N,1
2514 Optometrists and Orthoptists,85,Y,4
2514 Optometrists and Orthoptists,60,Y,1
2514 Optometrists and Orthoptists,50,N,1
2535 Surgeons,65,N,6
2535 Surgeons,65,Y,1
2535 Surgeons,75,N,3
2535 Surgeons,75,Y,1
2535 Surgeons,70,N,1
2535 Surgeons,70,Y,1
2535 Surgeons,80,N,2
2535 Surgeons,95,N,1
2535 Surgeons,85,N,2
2535 Surgeons,55,N,2
2535 Surgeons,60,N,1
2535 Surgeons,50,N,1
2535 Surgeons,100,Y,1
3422 Electrical Distribution Trades Workers,70,N,1
3422 Electrical Distribution Trades Workers,60,N,1
2526 Podiatrists,65,N,3
2526 Podiatrists,65,Y,3
2526 Podiatrists,75,N,4
2526 Podiatrists,75,Y,12
2526 Podiatrists,70,N,5
2526 Podiatrists,70,Y,3
2526 Podiatrists,80,N,5
2526 Podiatrists,55,N,1
2526 Podiatrists,60,N,3
2526 Podiatrists,60,Y,1
"2111 Actors, Dancers and Other Entertainers",65,N,1
"2111 Actors, Dancers and Other Entertainers",65,Y,2
"2111 Actors, Dancers and Other Entertainers",75,N,3
"2111 Actors, Dancers and Other Entertainers",75,Y,1
"2111 Actors, Dancers and Other Entertainers",70,N,1
"2111 Actors, Dancers and Other Entertainers",80,N,1
"2111 Actors, Dancers and Other Entertainers",80,Y,2
"2111 Actors, Dancers and Other Entertainers",85,N,1
4524 Sportspersons,70,N,1
4524 Sportspersons,80,N,1
4524 Sportspersons,55,Y,1
