occupation,2024-09,2024-09_n,2024-11,2024-11_n,2025-08,2025-08_n,2025-11,2025-11_n,2026-06,2026-06_n,pool_total,pool_85,pool_gt85,inv_total
254499 Registered Nurses nec,75.0,174,70.0,512,80.0,626,75.0,876,75.0,912,7188,171,40,3100
241111 Early Childhood (Pre-primary School) Teacher,75.0,261,70.0,590,85.0,365,85.0,247,,0,12628,1998,386,1463
331212 Carpenter,65.0,236,65.0,89,65.0,386,65.0,318,65.0,350,1182,5,5,1379
133111 Construction Project Manager,75.0,247,70.0,411,90.0,10,85.0,78,80.0,281,2280,90,46,1027
312211 Civil Engineering Draftsperson,75.0,287,70.0,497,90.0,4,85.0,109,,0,5583,445,91,897
241411 Secondary School Teacher,75.0,87,70.0,144,85.0,52,75.0,280,75.0,308,2647,70,27,871
272511 Social Worker,75.0,83,70.0,123,85.0,67,75.0,284,75.0,277,1408,56,7,834
253111 General Practitioner,75.0,104,75.0,102,80.0,176,75.0,140,75.0,182,759,58,21,704
232111 Architect,75.0,286,70.0,231,90.0,7,85.0,68,85.0,62,1137,145,31,654
271311 Solicitor,90.0,15,85.0,66,90.0,60,85.0,163,80.0,240,680,77,30,544
253999 Medical Practitioners nec,75.0,84,75.0,70,80.0,133,75.0,107,75.0,133,575,57,19,527
252511 Physiotherapist,75.0,65,75.0,121,80.0,97,75.0,116,75.0,99,640,33,8,498
254412 Registered Nurse (Aged Care),75.0,29,70.0,64,80.0,76,75.0,158,75.0,162,1796,37,5,489
332211 Painting Trades Worker,65.0,214,65.0,60,70.0,96,70.0,90,,0,1348,22,5,460
233213 Quantity Surveyor,75.0,275,70.0,176,,0,,0,,0,1066,115,75,451
221213 External Auditor,90.0,108,85.0,324,,0,,0,,0,3518,577,486,432
233512 Mechanical Engineer,90.0,102,85.0,323,,0,,0,,0,7661,1008,870,425
221111 Accountant (General),95.0,105,95.0,289,,0,,0,,0,7377,948,1043,394
233211 Civil Engineer,90.0,82,85.0,295,,0,,0,,0,8858,1013,766,377
224711 Management Consultant,90.0,3,85.0,33,90.0,27,85.0,122,80.0,179,576,64,47,364
242111 University Lecturer,90.0,30,90.0,89,85.0,222,,0,,0,2458,253,376,341
254418 Registered Nurse (Medical),75.0,36,70.0,69,80.0,55,75.0,87,75.0,92,1608,29,6,339
224113 Statistician,90.0,6,90.0,41,90.0,56,85.0,123,90.0,94,670,129,128,320
252411 Occupational Therapist,75.0,49,75.0,79,80.0,51,75.0,71,75.0,56,516,15,6,306
261313 Software Engineer,100.0,47,95.0,257,,0,,0,,0,9603,1210,2072,304
254415 Registered Nurse (Critical Care and Emergency),75.0,30,70.0,64,80.0,51,75.0,80,75.0,78,1628,22,4,303
261111 ICT Business Analyst,95.0,36,95.0,262,,0,,0,,0,7885,1105,2021,298
312212 Civil Engineering Technician,75.0,73,70.0,149,90.0,3,85.0,64,,0,2213,190,108,289
233111 Chemical Engineer,90.0,24,85.0,58,90.0,52,85.0,151,,0,1513,165,134,285
261311 Analyst Programmer,90.0,69,85.0,215,,0,,0,,0,5536,871,1863,284
233914 Engineering Technologist,90.0,81,85.0,169,,0,,0,,0,5900,730,609,250
341111 Electrician (General),65.0,50,65.0,15,65.0,74,65.0,56,65.0,50,303,1,0,245
234312 Environmental Consultant,95.0,4,90.0,13,90.0,32,85.0,71,80.0,78,427,46,18,198
261312 Developer Programmer,100.0,26,95.0,161,,0,,0,,0,6776,969,1609,187
331111 Bricklayer,65.0,32,65.0,6,65.0,48,65.0,42,65.0,59,205,1,0,187
233311 Electrical Engineer,90.0,50,85.0,133,,0,,0,,0,4366,459,427,183
333411 Wall and Floor Tiler,65.0,34,65.0,11,65.0,53,65.0,38,65.0,45,187,3,0,181
262112 ICT Security Specialist,100.0,8,95.0,170,,0,,0,,0,3154,492,691,178
221113 Taxation Accountant,90.0,41,85.0,133,,0,,0,,0,2055,331,388,174
233214 Structural Engineer,75.0,84,70.0,88,,0,,0,,0,703,84,75,172
234611 Medical Laboratory Scientist,80.0,15,75.0,58,90.0,5,85.0,19,80.0,72,606,31,13,169
254424 Registered Nurse (Surgical),75.0,13,75.0,37,80.0,26,75.0,48,75.0,33,706,14,0,157
224111 Actuary,90.0,5,85.0,31,90.0,35,85.0,65,90.0,15,218,41,26,151
233411 Electronics Engineer,90.0,28,85.0,99,95.0,13,,0,95.0,9,2781,294,462,149
234711 Veterinarian,95.0,6,85.0,12,90.0,14,85.0,53,80.0,64,197,32,14,149
234212 Food Technologist,90.0,4,90.0,17,90.0,18,85.0,62,85.0,46,729,89,38,147
254422 Registered Nurse (Mental Health),75.0,10,75.0,23,80.0,31,75.0,41,75.0,41,379,11,2,146
234112 Agricultural Scientist,95.0,7,90.0,18,90.0,23,85.0,31,80.0,58,268,22,26,137
252712 Speech Pathologist,80.0,16,75.0,14,80.0,33,75.0,15,80.0,57,153,13,2,135
261399 Software and Applications Programmers nec,90.0,24,85.0,110,,0,,0,,0,3950,578,1358,134
234111 Agricultural Consultant,95.0,1,85.0,11,90.0,18,85.0,35,80.0,69,866,25,15,134
272399 Psychologists nec,80.0,19,75.0,24,85.0,8,75.0,36,75.0,46,181,10,3,133
254423 Registered Nurse (Perioperative),75.0,8,75.0,22,80.0,19,75.0,47,75.0,31,531,6,2,127
232112 Landscape Architect,75.0,49,70.0,40,90.0,3,85.0,16,85.0,14,243,25,5,122
234211 Chemist,95.0,5,90.0,11,90.0,19,85.0,58,85.0,28,631,64,26,121
263111 Computer Network and Systems Engineer,100.0,19,95.0,100,,0,,0,,0,3738,512,870,119
234514 Biotechnologist,90.0,8,90.0,25,90.0,23,85.0,56,95.0,5,485,72,82,117
263311 Telecommunications Engineer,90.0,20,85.0,60,,0,90.0,24,95.0,11,1157,137,108,115
234511 Life Scientist (General),90.0,10,90.0,21,90.0,33,85.0,42,95.0,8,295,55,58,114
322313 Welder (First Class),80.0,16,70.0,33,90.0,1,85.0,5,80.0,50,501,10,6,105
251211 Medical Diagnostic Radiographer,75.0,8,75.0,19,80.0,22,75.0,27,80.0,29,166,4,1,105
312312 Electrical Engineering Technician,,0,90.0,1,90.0,5,85.0,24,80.0,74,265,25,22,104
261211 Multimedia Specialist,90.0,7,85.0,40,,0,90.0,34,95.0,20,497,75,168,101
261112 Systems Analyst,100.0,16,95.0,77,,0,,0,,0,5184,767,1446,93
233611 Mining Engineer (excluding Petroleum),105.0,1,90.0,11,90.0,9,85.0,23,80.0,49,493,25,11,93
224311 Economist,90.0,4,90.0,11,90.0,8,85.0,20,80.0,49,192,18,11,92
334111 Plumber (General),65.0,10,65.0,7,65.0,27,65.0,26,65.0,18,50,1,0,88
233612 Petroleum Engineer,95.0,5,85.0,17,90.0,2,85.0,16,80.0,48,276,14,7,88
252711 Audiologist,75.0,17,75.0,23,80.0,11,75.0,15,75.0,19,125,3,1,85
233112 Materials Engineer,90.0,9,85.0,18,90.0,22,85.0,27,,0,297,42,30,76
234313 Environmental Research Scientist,95.0,2,90.0,6,90.0,14,85.0,22,80.0,27,138,18,13,71
331211 Carpenter and Joiner,70.0,9,75.0,1,65.0,17,65.0,13,65.0,31,71,1,0,71
232214 Other Spatial Scientist,100.0,1,90.0,17,90.0,6,85.0,19,80.0,25,131,17,3,68
254111 Midwife,75.0,11,75.0,9,80.0,16,75.0,15,80.0,14,109,1,1,65
254425 Registered Nurse (Paediatrics),80.0,6,70.0,15,80.0,13,75.0,14,80.0,15,215,13,1,63
334112 Airconditioning and Mechanical Services Plumber,65.0,12,70.0,3,65.0,22,65.0,15,65.0,10,20,0,1,62
351311 Chef,90.0,4,85.0,56,,0,,0,,0,10982,542,349,60
233215 Transport Engineer,75.0,23,70.0,34,,0,,0,,0,195,21,14,57
133211 Engineering Manager,,0,90.0,1,90.0,1,85.0,20,80.0,34,292,6,1,56
233212 Geotechnical Engineer,75.0,26,70.0,29,,0,,0,,0,251,30,29,55
233999 Engineering Professionals nec,90.0,15,85.0,39,,0,,0,,0,1336,210,211,54
234914 Physicist,95.0,3,90.0,4,90.0,9,85.0,15,80.0,23,72,10,8,54
253912 Emergency Medicine Specialist,80.0,9,75.0,10,80.0,12,75.0,10,80.0,10,44,2,3,51
251214 Sonographer,80.0,2,75.0,5,80.0,20,75.0,21,85.0,1,13,0,1,49
233513 Production or Plant Engineer,90.0,12,90.0,36,,0,,0,,0,705,87,54,48
224512 Valuer,95.0,1,90.0,3,90.0,3,85.0,9,80.0,23,77,4,0,39
234599 Life Scientists nec,95.0,1,90.0,4,95.0,9,85.0,20,95.0,4,107,8,31,38
139912 Environmental Manager,,0,90.0,6,90.0,2,85.0,11,80.0,17,167,8,2,36
232212 Surveyor,95.0,3,90.0,1,95.0,1,85.0,12,80.0,17,180,7,2,34
221112 Management Accountant,100.0,4,95.0,28,,0,,0,,0,1741,225,270,32
233913 Biomedical Engineer,90.0,8,85.0,24,,0,,0,,0,526,86,74,32
234517 Microbiologist,,0,90.0,4,90.0,7,85.0,18,95.0,3,348,34,25,32
394111 Cabinetmaker,65.0,19,70.0,7,,0,,0,80.0,4,152,5,0,30
254421 Registered Nurse (Medical Practice),80.0,1,75.0,3,80.0,4,75.0,9,75.0,11,125,2,0,28
254414 Registered Nurse (Community Health),,0,75.0,5,80.0,8,75.0,8,75.0,7,112,5,0,28
322311 Metal Fabricator,75.0,8,75.0,8,,0,85.0,2,80.0,7,254,0,1,25
233511 Industrial Engineer,90.0,4,85.0,21,,0,,0,,0,710,79,67,25
234912 Metallurgist,,0,90.0,4,90.0,5,85.0,5,80.0,10,120,3,1,24
333212 Solid Plasterer,65.0,4,75.0,1,65.0,8,65.0,2,65.0,8,54,0,0,23
224511 Land Economist,,0,,0,90.0,1,85.0,9,80.0,12,25,1,1,22
342313 Electronic Equipment Trades Worker,,0,,0,110.0,1,85.0,7,80.0,13,222,2,1,21
251411 Optometrist,80.0,5,75.0,4,80.0,4,75.0,2,80.0,6,40,5,1,21
263312 Telecommunications Network Engineer,90.0,4,85.0,10,,0,90.0,5,95.0,2,320,44,35,21
333111 Glazier,65.0,3,,0,65.0,8,65.0,6,65.0,3,17,0,0,20
234513 Biochemist,,0,90.0,9,90.0,6,85.0,5,,0,110,13,16,20
252111 Chiropractor,80.0,3,75.0,4,,0,85.0,1,80.0,12,126,5,0,20
252611 Podiatrist,80.0,3,75.0,4,80.0,3,75.0,4,75.0,6,40,0,0,20
221214 Internal Auditor,95.0,4,90.0,15,,0,,0,,0,583,62,37,19
233915 Environmental Engineer,95.0,2,85.0,17,,0,,0,,0,432,62,58,19
233911 Aeronautical Engineer,95.0,1,85.0,18,,0,,0,,0,402,60,38,19
234516 Marine Biologist,,0,90.0,4,90.0,5,85.0,8,100.0,2,54,6,14,19
254417 Registered Nurse (Disability and Rehabilitation),80.0,1,75.0,3,80.0,2,75.0,6,80.0,6,107,3,0,18
139911 Arts Administrator or Manager,,0,,0,90.0,2,85.0,5,80.0,11,38,2,1,18
234399 Environmental Scientists nec,,0,90.0,1,,0,85.0,4,80.0,10,20,3,1,15
254413 Registered Nurse (Child and Family Health),80.0,2,75.0,4,80.0,2,75.0,3,80.0,3,30,0,3,14
234412 Geophysicist,,0,90.0,2,90.0,2,85.0,3,80.0,7,52,3,5,14
272311 Clinical Psychologist,85.0,1,75.0,2,85.0,2,80.0,4,80.0,4,17,1,2,13
253411 Psychiatrist,80.0,2,80.0,2,80.0,3,75.0,4,85.0,2,23,2,0,13
334115 Roof Plumber,65.0,2,,0,65.0,4,70.0,3,65.0,3,10,0,0,12
234113 Forester,,0,90.0,4,90.0,4,85.0,2,80.0,2,66,3,0,12
331213 Joiner,65.0,3,,0,65.0,4,65.0,2,65.0,3,10,0,0,12
321211 Motor Mechanic (General),90.0,3,90.0,9,,0,,0,,0,2995,135,79,12
312311 Electrical Engineering Draftsperson,,0,,0,90.0,1,85.0,5,80.0,4,156,12,2,10
253311 Specialist Physician (General Medicine),80.0,1,75.0,1,80.0,3,80.0,3,80.0,2,20,2,2,10
323211 Fitter (General),,0,,0,,0,85.0,2,80.0,8,298,4,0,10
234999 Natural and Physical Science Professionals nec,,0,90.0,2,90.0,1,85.0,4,85.0,2,20,6,2,9
241511 Special Needs Teacher,80.0,1,75.0,3,,0,75.0,2,75.0,3,69,0,0,9
134213 Primary Health Organisation Manager,,0,,0,90.0,1,90.0,2,80.0,5,81,0,0,8
134111 Child Care Centre Manager,80.0,3,75.0,1,,0,75.0,2,80.0,2,45,1,1,8
234518 Zoologist,90.0,1,90.0,1,90.0,2,85.0,4,,0,24,9,7,8
253917 Diagnostic and Interventional Radiologist,80.0,2,80.0,2,85.0,2,85.0,2,,0,11,1,0,8
253321 Paediatrician,80.0,2,75.0,1,85.0,1,80.0,1,80.0,2,14,1,0,7
334114 Gasfitter,65.0,1,,0,65.0,4,65.0,1,70.0,1,4,0,0,7
331112 Stonemason,70.0,1,,0,65.0,2,75.0,1,65.0,3,6,0,0,7
253317 Intensive Care Specialist,85.0,1,,0,80.0,3,80.0,2,80.0,1,6,0,0,7
234413 Hydrogeologist,,0,90.0,1,90.0,1,90.0,1,80.0,4,49,0,1,7
251212 Medical Radiation Therapist,,0,75.0,2,80.0,1,90.0,2,80.0,2,20,0,0,7
333211 Fibrous Plasterer,65.0,1,,0,65.0,2,,0,70.0,3,14,0,0,6
321111 Automotive Electrician,,0,,0,,0,85.0,1,80.0,5,100,0,1,6
399111 Boat Builder and Repairer,,0,90.0,1,90.0,1,90.0,1,80.0,3,22,0,0,6
452316 Tennis Coach,,0,,0,95.0,1,85.0,2,85.0,3,18,2,0,6
241599 Special Education Teachers nec,80.0,1,75.0,2,,0,75.0,2,85.0,1,21,0,0,6
253312 Cardiologist,80.0,1,,0,80.0,1,80.0,2,80.0,1,7,0,0,5
271111 Barrister,,0,,0,95.0,1,90.0,2,80.0,2,9,1,0,5
211112 Dancer or Choreographer,,0,90.0,1,,0,,0,80.0,4,12,1,0,5
253324 Thoracic Medicine Specialist,,0,75.0,2,80.0,1,80.0,1,95.0,1,1,0,0,5
253514 Orthopaedic Surgeon,,0,75.0,2,85.0,1,85.0,1,85.0,1,7,1,0,5
252112 Osteopath,,0,75.0,1,,0,,0,80.0,3,15,0,0,4
313213 Telecommunications Network Planner,,0,90.0,2,,0,90.0,2,,0,477,22,11,4
211213 Musician (Instrumental),,0,90.0,1,,0,,0,90.0,3,13,2,0,4
342315 Electronic Instrument Trades Worker (Special Class),,0,,0,,0,85.0,1,80.0,3,55,0,0,4
254411 Nurse Practitioner,85.0,1,100.0,1,85.0,2,,0,,0,15,0,0,4
253318 Neurologist,,0,75.0,1,80.0,2,80.0,1,,0,7,0,0,4
324111 Panelbeater,,0,,0,90.0,1,,0,80.0,3,18,1,0,4
341113 Lift Mechanic,65.0,2,65.0,1,,0,,0,80.0,1,12,0,0,4
334113 Drainer,75.0,1,,0,,0,,0,65.0,2,7,0,0,3
313212 Telecommunications Field Engineer,,0,85.0,2,,0,95.0,1,,0,154,10,13,3
253316 Gastroenterologist,85.0,2,,0,,0,,0,85.0,1,5,1,0,3
233916 Naval Architect,95.0,2,90.0,1,,0,,0,,0,43,2,4,3
233912 Agricultural Engineer,,0,90.0,3,,0,,0,,0,143,6,6,3
342314 Electronic Instrument Trades Worker (General),,0,,0,,0,85.0,1,80.0,2,105,2,0,3
253914 Ophthalmologist,85.0,1,,0,80.0,1,,0,80.0,1,3,1,0,3
232213 Cartographer,,0,,0,90.0,1,90.0,1,85.0,1,8,1,0,3
134214 Welfare Centre Manager,,0,,0,,0,85.0,1,85.0,1,10,0,0,2
272313 Organisational Psychologist,,0,,0,,0,80.0,1,80.0,1,2,0,0,2
251912 Orthotist or Prosthetist,80.0,1,75.0,1,,0,,0,,0,14,0,0,2
253399 Specialist Physicians nec,,0,80.0,1,,0,,0,80.0,1,11,2,1,2
253518 Urologist,80.0,1,,0,,0,,0,100.0,1,3,0,1,2
321212 Diesel Motor Mechanic,90.0,1,95.0,1,,0,,0,,0,243,4,6,2
254416 Registered Nurse (Developmental Disability),,0,,0,,0,,0,80.0,2,13,0,0,2
313214 Telecommunications Technical Officer or Technologist,,0,90.0,1,,0,95.0,1,,0,191,14,8,2
234913 Meteorologist,,0,90.0,1,,0,,0,,0,22,1,0,1
253511 Surgeon (General),,0,,0,,0,80.0,1,,0,7,0,1,1
341112 Electrician (Special Class),70.0,1,,0,,0,,0,,0,4,0,0,1
253521 Vascular Surgeon,,0,,0,,0,75.0,1,,0,0,0,0,1
342111 Airconditioning and Refrigeration Mechanic,,0,,0,,0,,0,80.0,1,52,0,0,1
323214 Metal Machinist (First Class),,0,90.0,1,,0,,0,,0,50,0,0,1
253913 Obstetrician and Gynaecologist,,0,,0,,0,75.0,1,,0,17,0,1,1
322211 Sheetmetal Trades Worker,,0,70.0,1,,0,,0,,0,13,1,0,1
399112 Shipwright,105.0,1,,0,,0,,0,,0,2,0,0,1
253314 Medical Oncologist,,0,,0,,0,80.0,1,,0,2,0,0,1
