StatusMonth,OccGroup,Score,n,inv_doe_max,inv_doe_min
2024-09,2613 Software and Applications Programmers,95,66,45601.205983796295,44963.49444444444
2024-09,2613 Software and Applications Programmers,90,18,45539.20443287037,44812.70883101852
2024-09,2613 Software and Applications Programmers,100,73,45611.2046875,44942.4402662037
2024-09,2613 Software and Applications Programmers,105,8,45535.20284722222,45203.57518518518
2024-09,2613 Software and Applications Programmers,120,1,45395.19876157407,45344.962858796294
2024-09,3212 Motor Mechanics,95,2,45534.20214120371,45509.458032407405
2024-09,3212 Motor Mechanics,90,2,45486.2006712963,44818.49396990741
2024-09,2332 Civil Engineering Professionals,75,71,45601.205983796295,44837.89224537037
2024-09,2332 Civil Engineering Professionals,80,173,45603.20711805556,44840.74469907407
2024-09,2332 Civil Engineering Professionals,95,63,45601.205983796295,44916.62204861111
2024-09,2332 Civil Engineering Professionals,90,58,45601.205983796295,44848.407789351855
2024-09,2332 Civil Engineering Professionals,85,107,45601.205983796295,44841.68035879629
2024-09,2332 Civil Engineering Professionals,100,15,45601.205983796295,45017.04162037037
2024-09,2332 Civil Engineering Professionals,105,3,45517.204560185186,45492.47681712963
2024-09,2411 Early Childhood (Pre-primary School) Teachers,75,11,45525.20342592592,45119.96436342593
2024-09,2411 Early Childhood (Pre-primary School) Teachers,80,186,45601.205983796295,45085.73903935185
2024-09,2411 Early Childhood (Pre-primary School) Teachers,90,6,45530.80725694444,45429.2299537037
2024-09,2411 Early Childhood (Pre-primary School) Teachers,85,58,45601.205983796295,45266.539872685185
2024-09,2611 ICT Business and Systems Analysts,95,1,45223.22435185185,44822.80553240741
2024-09,2611 ICT Business and Systems Analysts,110,1,45495.624189814815,45495.624189814815
2024-09,2611 ICT Business and Systems Analysts,100,47,45601.205983796295,44903.4480787037
2024-09,2611 ICT Business and Systems Analysts,105,3,45519.20203703704,45451.20040509259
2024-09,2211 Accountants,95,26,45601.205983796295,44818.686956018515
2024-09,2211 Accountants,90,9,45601.205983796295,44904.91013888889
2024-09,2211 Accountants,110,1,45347.228900462964,45347.228900462964
2024-09,2211 Accountants,100,101,45687.264027777775,44903.70730324074
2024-09,2211 Accountants,105,13,45529.2193287037,45188.05347222222
2024-09,"2621 Database and Systems Administrators, and ICT Security Specialists",100,8,45534.20214120371,45111.79880787037
2024-09,"2212 Auditors, Company Secretaries and Corporate Treasurers",95,48,45601.205983796295,44903.71388888889
2024-09,"2212 Auditors, Company Secretaries and Corporate Treasurers",90,54,45601.205983796295,44811.61581018518
2024-09,"2212 Auditors, Company Secretaries and Corporate Treasurers",100,8,45350.19332175926,45015.7578587963
2024-09,"2212 Auditors, Company Secretaries and Corporate Treasurers",105,2,45517.204560185186,45333.33100694444
2024-09,2345 Life Scientists,95,10,45529.89121527778,45060.33383101852
2024-09,2345 Life Scientists,90,5,45432.19972222222,44861.60346064815
2024-09,2345 Life Scientists,110,1,45324.22902777778,45324.22902777778
2024-09,2345 Life Scientists,100,3,45538.24016203704,45488.37857638889
2024-09,2345 Life Scientists,105,1,45518.22332175926,45518.22332175926
2024-09,"2335 Industrial, Mechanical and Production Engineers",95,54,45603.20711805556,44907.0090162037
2024-09,"2335 Industrial, Mechanical and Production Engineers",90,58,45601.205983796295,44817.966203703705
2024-09,"2335 Industrial, Mechanical and Production Engineers",100,6,45517.204560185186,45159.01537037037
2024-09,2339 Other Engineering Professionals,95,61,45537.33961805556,44910.686736111114
2024-09,2339 Other Engineering Professionals,90,35,45601.205983796295,44810.850173611114
2024-09,2339 Other Engineering Professionals,100,9,45538.26090277778,44962.67983796296
2024-09,2339 Other Engineering Professionals,105,4,45601.205983796295,45406.237395833334
2024-09,2341 Agricultural and Forestry Scientists,95,3,45489.54047453704,45484.85203703704
2024-09,2341 Agricultural and Forestry Scientists,100,4,45493.201574074075,45397.483935185184
2024-09,2341 Agricultural and Forestry Scientists,105,1,45533.6316087963,45533.6316087963
2024-09,2544 Registered Nurses,75,40,45537.20232638889,45071.563472222224
2024-09,2544 Registered Nurses,80,215,45757.20434027778,45071.527604166666
2024-09,2544 Registered Nurses,90,5,45601.205983796295,45488.89440972222
2024-09,2544 Registered Nurses,85,49,45538.837905092594,45309.77872685185
2024-09,2544 Registered Nurses,100,1,45499.76164351852,45499.76164351852
2024-09,2544 Registered Nurses,115,1,45428.46341435185,45428.46341435185
2024-09,3513 Chefs,95,3,45517.81422453704,45377.678136574075
2024-09,3513 Chefs,90,1,45324.22902777778,44959.01236111111
2024-09,2334 Electronics Engineers,95,12,45536.52924768518,45030.726585648146
2024-09,2334 Electronics Engineers,90,12,45505.20164351852,44846.59675925926
2024-09,2334 Electronics Engineers,100,2,45518.22332175926,45344.69090277778
2024-09,2334 Electronics Engineers,105,2,45437.198379629626,45366.487395833334
2024-09,2631 Computer Network Professionals,100,18,45539.20443287037,44963.77958333334
2024-09,2631 Computer Network Professionals,105,1,45517.204560185186,45435.20034722222
2024-09,"2342 Chemists, and Food and Wine Scientists",95,6,45534.20214120371,45121.194375
2024-09,"2342 Chemists, and Food and Wine Scientists",90,1,45601.205983796295,44903.933842592596
2024-09,"2342 Chemists, and Food and Wine Scientists",100,1,45302.19873842593,45302.19873842593
2024-09,"2342 Chemists, and Food and Wine Scientists",105,1,45419.198599537034,45419.198599537034
2024-09,2713 Solicitors,95,8,45525.153391203705,45296.19903935185
2024-09,2713 Solicitors,90,7,45601.205983796295,44844.96962962963
2024-09,2331 Chemical and Materials Engineers,95,16,45539.20443287037,45195.63266203704
2024-09,2331 Chemical and Materials Engineers,90,10,45601.205983796295,44881.81480324074
2024-09,2331 Chemical and Materials Engineers,100,4,45601.205983796295,45090.64381944444
2024-09,2331 Chemical and Materials Engineers,105,3,45468.79888888889,44984.83809027778
2024-09,2333 Electrical Engineers,95,25,45517.204560185186,44903.51043981482
2024-09,2333 Electrical Engineers,90,20,45497.22447916667,44812.58695601852
2024-09,2333 Electrical Engineers,110,1,45368.21910879629,45196.75340277778
2024-09,2333 Electrical Engineers,100,4,45517.204560185186,45173.48798611111
2024-09,2321 Architects and Landscape Architects,75,62,45700.25636574074,44840.869837962964
2024-09,2321 Architects and Landscape Architects,80,140,45601.205983796295,44840.94306712963
2024-09,2321 Architects and Landscape Architects,95,6,45517.204560185186,44943.05033564815
2024-09,2321 Architects and Landscape Architects,90,40,45534.20214120371,44903.933171296296
2024-09,2321 Architects and Landscape Architects,85,86,45601.205983796295,44840.988229166665
2024-09,2321 Architects and Landscape Architects,105,1,45527.29931712963,45527.29931712963
2024-09,2531 General Practitioners and Resident Medical officers,75,6,45460.19836805556,45082.88547453703
2024-09,2531 General Practitioners and Resident Medical officers,80,61,45601.205983796295,45093.419444444444
2024-09,2531 General Practitioners and Resident Medical officers,90,8,45532.87596064815,45471.992893518516
2024-09,2531 General Practitioners and Resident Medical officers,85,27,45535.20284722222,45316.41855324074
2024-09,2531 General Practitioners and Resident Medical officers,110,1,45518.32722222222,45518.32722222222
2024-09,2531 General Practitioners and Resident Medical officers,100,1,45485.85765046296,45485.85765046296
2024-09,2247 Management and Organisation Analysts,95,2,45515.213738425926,45187.016909722224
2024-09,2247 Management and Organisation Analysts,90,1,45517.204560185186,44904.3321875
2024-09,2347 Veterinarians,95,4,45539.981516203705,45274.210185185184
2024-09,2347 Veterinarians,115,2,45601.205983796295,45244.297418981485
2024-09,2414 Secondary School Teachers,75,8,45533.22555555555,45167.01965277778
2024-09,2414 Secondary School Teachers,80,63,45601.205983796295,45173.86292824074
2024-09,2414 Secondary School Teachers,85,16,45540.11361111111,45349.62443287037
2024-09,1341 Child Care Centre Managers,80,1,45339.19898148148,45192.412627314814
2024-09,1341 Child Care Centre Managers,90,1,45476.810752314814,45476.810752314814
2024-09,1341 Child Care Centre Managers,85,1,45493.201574074075,45490.51262731481
2024-09,"2241 Actuaries, Mathematicians and Statisticians",95,7,45516.495208333334,45147.035358796296
2024-09,"2241 Actuaries, Mathematicians and Statisticians",90,3,45601.205983796295,44984.57572916667
2024-09,"2241 Actuaries, Mathematicians and Statisticians",105,1,45186.06381944445,45186.06381944445
2024-09,3331 Glaziers,65,1,45533.22555555555,45167.01965277778
2024-09,3331 Glaziers,70,2,45533.22555555555,45297.19925925926
2024-09,2421 University Lecturers and Tutors,95,13,45533.522314814814,45133.009791666664
2024-09,2421 University Lecturers and Tutors,90,4,45601.205983796295,44965.958553240744
2024-09,2421 University Lecturers and Tutors,100,12,45517.57277777778,45221.376597222225
2024-09,2421 University Lecturers and Tutors,105,1,45286.19950231481,45169.01608796296
2024-09,2633 Telecommunications Engineering Professionals,95,9,45539.20443287037,45238.81402777778
2024-09,2633 Telecommunications Engineering Professionals,90,15,45601.205983796295,44838.73153935185
2024-09,3122 Civil Engineering Draftspersons and Technicians,75,97,45601.205983796295,44851.59336805555
2024-09,3122 Civil Engineering Draftspersons and Technicians,80,195,45601.205983796295,44840.651458333334
2024-09,3122 Civil Engineering Draftspersons and Technicians,95,2,45510.96986111111,44959.21144675926
2024-09,3122 Civil Engineering Draftspersons and Technicians,90,15,45536.87637731482,44913.61962962963
2024-09,3122 Civil Engineering Draftspersons and Technicians,85,51,45896.20502314815,44916.70758101852
2024-09,2322 Cartographers and Surveyors,95,2,45396.30453703704,45146.02481481482
2024-09,2322 Cartographers and Surveyors,100,2,45517.204560185186,45154.02515046296
2024-09,2245 Land Economists and Valuers,95,1,45511.471400462964,45511.471400462964
2024-09,2336 Mining Engineers,95,2,45333.33100694444,45091.65741898148
2024-09,2336 Mining Engineers,100,2,45529.92804398148,45207.871041666665
2024-09,2336 Mining Engineers,105,1,45536.239641203705,45524.81104166667
2024-09,2336 Mining Engineers,115,1,45207.198969907404,44942.2097337963
2024-09,2612 Multimedia Specialists and Web Developers,95,4,45537.20232638889,45293.910416666666
2024-09,2612 Multimedia Specialists and Web Developers,90,3,45510.20346064815,44826.51828703703
2024-09,3223 Structural Steel and Welding Trades Workers,75,1,45262.198587962965,44967.94405092593
2024-09,3223 Structural Steel and Welding Trades Workers,80,13,45530.81875,44847.0108912037
2024-09,3223 Structural Steel and Welding Trades Workers,90,2,45517.204560185186,45311.207349537035
2024-09,3223 Structural Steel and Welding Trades Workers,85,8,45601.205983796295,45350.19332175926
2024-09,2349 Other Natural and Physical Science Professionals,95,2,45517.204560185186,45192.46125
2024-09,2349 Other Natural and Physical Science Professionals,100,1,45529.94421296296,45529.94421296296
2024-09,1331 Construction Managers,75,74,45601.205983796295,44836.92659722222
2024-09,1331 Construction Managers,80,120,45971.77186342593,44825.788449074076
2024-09,1331 Construction Managers,95,1,45421.20041666667,45195.21959490741
2024-09,1331 Construction Managers,90,12,45527.62388888889,44985.01094907407
2024-09,1331 Construction Managers,85,38,45601.205983796295,44942.400416666664
2024-09,1331 Construction Managers,100,2,45511.89894675926,45499.74826388889
2024-09,2343 Environmental Scientists,95,3,45517.204560185186,45442.70447916666
2024-09,2343 Environmental Scientists,100,2,45537.20232638889,45521.963796296295
2024-09,2343 Environmental Scientists,105,1,45502.5762962963,45502.5762962963
2024-09,3312 Carpenters and Joiners,65,113,45601.205983796295,44910.12670138889
2024-09,3312 Carpenters and Joiners,75,44,45601.205983796295,44907.69688657407
2024-09,3312 Carpenters and Joiners,70,66,45899.20775462963,44912.70212962963
2024-09,3312 Carpenters and Joiners,80,21,45533.53710648148,44988.01131944444
2024-09,3312 Carpenters and Joiners,85,4,45476.736550925925,45209.49637731481
2024-09,2725 Social Workers,75,3,45387.19314814815,45114.774988425925
2024-09,2725 Social Workers,80,52,45538.99784722222,45117.431608796294
2024-09,2725 Social Workers,90,1,45535.89436342593,45535.89436342593
2024-09,2725 Social Workers,85,26,45601.205983796295,45416.549629629626
2024-09,2725 Social Workers,100,1,45601.205983796295,45481.01167824074
2024-09,3322 Painting Trades Workers,65,97,45539.837534722225,44906.63162037037
2024-09,3322 Painting Trades Workers,75,34,45536.239641203705,44908.57332175926
2024-09,3322 Painting Trades Workers,70,64,45538.24016203704,44903.82640046296
2024-09,3322 Painting Trades Workers,80,15,45520.66056712963,44907.98606481482
2024-09,3322 Painting Trades Workers,90,2,45502.45359953704,45481.49488425926
2024-09,3322 Painting Trades Workers,85,2,45517.204560185186,44904.13746527778
2024-09,2521 Chiropractors and Osteopaths,80,3,45534.62710648148,45280.901412037034
2024-09,3941 Cabinetmakers,65,7,45538.731990740744,44900.690520833334
2024-09,3941 Cabinetmakers,75,3,45517.204560185186,45336.061111111114
2024-09,3941 Cabinetmakers,70,4,45517.204560185186,45490.93916666666
2024-09,3941 Cabinetmakers,80,2,45502.86585648148,45441.22461805555
2024-09,3941 Cabinetmakers,85,3,45601.205983796295,45531.71986111111
2024-09,2243 Economists,95,2,45517.86944444444,45389.5252662037
2024-09,2243 Economists,90,1,45527.20233796296,44982.019375
2024-09,2243 Economists,100,1,45290.19851851852,45176.28498842593
2024-09,3311 Bricklayers and Stonemasons,65,22,45539.60171296296,44903.797372685185
2024-09,3311 Bricklayers and Stonemasons,75,2,45493.00947916666,45478.881736111114
2024-09,3311 Bricklayers and Stonemasons,70,4,45537.50221064815,45141.564618055556
2024-09,3311 Bricklayers and Stonemasons,80,2,45517.204560185186,44943.64160879629
2024-09,3311 Bricklayers and Stonemasons,90,2,45488.20177083334,44976.02583333333
2024-09,3311 Bricklayers and Stonemasons,85,1,45526.202939814815,45460.76715277778
2024-09,2539 Other Medical Practitioners,75,2,45482.23940972222,45102.68293981482
2024-09,2539 Other Medical Practitioners,80,59,45601.205983796295,45071.78425925926
2024-09,2539 Other Medical Practitioners,95,1,45520.933530092596,45520.933530092596
2024-09,2539 Other Medical Practitioners,90,8,45540.20315972222,45341.70741898148
2024-09,2539 Other Medical Practitioners,85,26,45540.20315972222,45278.882361111115
2024-09,3411 Electricians,65,25,45601.205983796295,44897.386354166665
2024-09,3411 Electricians,75,9,45534.82443287037,45019.815358796295
2024-09,3411 Electricians,70,16,45603.20711805556,44982.59614583333
2024-09,3411 Electricians,80,3,45517.204560185186,45043.536145833335
2024-09,2525 Physiotherapists,75,5,45339.19898148148,45173.045694444445
2024-09,2525 Physiotherapists,80,46,45601.205983796295,45071.43090277778
2024-09,2525 Physiotherapists,90,2,45507.4731712963,45397.65206018519
2024-09,2525 Physiotherapists,85,12,45534.20214120371,45312.04630787037
2024-09,2512 Medical Imaging Professionals,75,2,45474.2009375,45139.01857638889
2024-09,2512 Medical Imaging Professionals,80,7,45537.20232638889,45191.60372685185
2024-09,2512 Medical Imaging Professionals,85,1,45509.237395833334,45509.237395833334
2024-09,2527 Speech Professionals and Audiologists,75,2,45465.201273148145,45146.50450231481
2024-09,2527 Speech Professionals and Audiologists,80,23,45539.622708333336,45104.992939814816
2024-09,2527 Speech Professionals and Audiologists,85,8,45530.95989583333,45316.48258101852
2024-09,2524 Occupational Therapists,75,4,45454.19978009259,45126.710069444445
2024-09,2524 Occupational Therapists,80,35,45601.205983796295,45138.00996527778
2024-09,2524 Occupational Therapists,90,3,45534.20214120371,45371.871458333335
2024-09,2524 Occupational Therapists,85,7,45538.24016203704,45454.19978009259
2024-09,2519 Other Health Diagnostic and Promotion Professionals,80,1,45387.81712962963,45387.81712962963
2024-09,2346 Medical Laboratory Scientists,80,11,45533.730844907404,45071.66521990741
2024-09,2346 Medical Laboratory Scientists,85,4,45524.62888888889,45450.910266203704
2024-09,2415 Special Education Teachers,80,2,45530.03511574074,45502.20212962963
2024-09,2723 Psychologists,80,10,45533.529386574075,45365.835
2024-09,2723 Psychologists,90,3,45530.20376157408,45378.773680555554
2024-09,2723 Psychologists,85,7,45540.36665509259,45432.19972222222
2024-09,2541 Midwives,75,2,45255.198645833334,45104.395891203705
2024-09,2541 Midwives,80,7,45510.675462962965,45436.73584490741
2024-09,2541 Midwives,90,1,45530.77627314815,45530.77627314815
2024-09,2541 Midwives,85,1,45511.79790509259,45511.79790509259
2024-09,3341 Plumbers,65,14,45601.205983796295,45016.74434027778
2024-09,3341 Plumbers,75,4,45513.10664351852,45004.02199074074
2024-09,3341 Plumbers,70,6,45530.96240740741,45194.93798611111
2024-09,3341 Plumbers,80,2,45434.19982638889,45109.98931712963
2024-09,3991 Boat Builders and Shipwrights,105,1,45517.204560185186,44956.001655092594
2024-09,2533 Internal Medicine Specialists,80,3,45445.45716435185,45231.752534722225
2024-09,2533 Internal Medicine Specialists,85,4,45504.99414351852,45490.723541666666
2024-09,3332 Plasterers,65,5,45539.43002314815,45272.51230324074
2024-09,3334 Wall and Floor Tilers,65,12,45518.90309027778,44920.640393518515
2024-09,3334 Wall and Floor Tilers,75,3,45523.682442129626,45278.66063657407
2024-09,3334 Wall and Floor Tilers,70,17,45532.56019675926,44945.40375
2024-09,3334 Wall and Floor Tilers,80,2,45495.563784722224,45477.75561342593
2024-09,2534 Psychiatrists,80,1,45330.06524305556,45330.06524305556
2024-09,2534 Psychiatrists,85,1,45508.22414351852,45508.22414351852
2024-09,2514 Optometrists and Orthoptists,80,3,45498.19994212963,45309.774826388886
2024-09,2514 Optometrists and Orthoptists,85,2,45500.60070601852,45455.22206018519
2024-09,2535 Surgeons,80,1,45508.22414351852,45387.29898148148
2024-09,2526 Podiatrists,80,1,45517.204560185186,45296.61969907407
2024-09,2526 Podiatrists,90,1,45503.95920138889,45503.95920138889
2024-09,2526 Podiatrists,85,1,45471.57087962963,45471.57087962963
2026-06,2344 Geologists Geophysicists and Hydrogeologists,80,4,46104.96420138889,46078.58392361111
2026-06,2344 Geologists Geophysicists and Hydrogeologists,90,3,46174.84841435185,46071.45799768518
2026-06,2344 Geologists Geophysicists and Hydrogeologists,85,3,46053.922372685185,45908.673425925925
2026-06,2344 Geologists Geophysicists and Hydrogeologists,100,1,46173.44563657408,46173.44563657408
2026-06,2345 Life Scientists,95,10,46238.20780092593,45890.56936342592
2026-06,2345 Life Scientists,100,11,46160.63980324074,45991.646886574075
2026-06,2345 Life Scientists,105,1,46131.887083333335,46131.887083333335
2026-06,2341 Agricultural and Forestry Scientists,80,49,46247.20653935185,45450.9216087963
2026-06,2341 Agricultural and Forestry Scientists,95,5,46170.904016203705,46005.87091435185
2026-06,2341 Agricultural and Forestry Scientists,90,20,46252.205925925926,45807.96083333333
2026-06,2341 Agricultural and Forestry Scientists,85,52,46252.205925925926,45617.69043981482
2026-06,2341 Agricultural and Forestry Scientists,100,3,46143.01190972222,46086.20568287037
2026-06,2544 Registered Nurses,75,108,46251.204930555556,45606.03939814815
2026-06,2544 Registered Nurses,80,916,46267.208703703705,45534.75734953704
2026-06,2544 Registered Nurses,95,1,46174.20638888889,46174.20638888889
2026-06,2544 Registered Nurses,90,44,46245.210856481484,45981.922951388886
2026-06,2544 Registered Nurses,85,320,46262.20508101852,45891.204363425924
2026-06,2544 Registered Nurses,110,1,46238.20780092593,46127.778645833336
2026-06,2544 Registered Nurses,100,2,46177.00902777778,45936.58733796296
2026-06,2544 Registered Nurses,105,1,46173.54150462963,46173.54150462963
2026-06,2334 Electronics Engineers,95,3,46042.20471064815,45783.788090277776
2026-06,2334 Electronics Engineers,100,5,46148.453356481485,45744.88086805555
2026-06,2334 Electronics Engineers,105,1,46147.37540509259,46147.37540509259
2026-06,3232 Metal Fitters and Machinists,80,4,46035.20686342593,45918.7019212963
2026-06,3232 Metal Fitters and Machinists,85,4,46167.92355324074,45918.529270833336
2026-06,"2342 Chemists, and Food and Wine Scientists",95,10,46175.65608796296,46030.23273148148
2026-06,"2342 Chemists, and Food and Wine Scientists",90,49,46240.20517361111,45798.86275462963
2026-06,"2342 Chemists, and Food and Wine Scientists",85,9,46168.20662037037,45584.743784722225
2026-06,"2342 Chemists, and Food and Wine Scientists",100,4,46155.65875,45901.46261574074
2026-06,"2342 Chemists, and Food and Wine Scientists",105,2,46101.205358796295,45908.63927083334
2026-06,2713 Solicitors,80,89,46255.208032407405,45449.64579861111
2026-06,2713 Solicitors,95,3,46159.21491898148,46005.93015046296
2026-06,2713 Solicitors,90,50,46176.49114583333,45828.202418981484
2026-06,2713 Solicitors,85,98,46255.51490740741,45565.03005787037
2026-06,3123 Electrical Engineering Draftspersons and Technicians,80,17,46238.20780092593,45450.00439814815
2026-06,3123 Electrical Engineering Draftspersons and Technicians,90,26,46174.20638888889,45890.64363425926
2026-06,3123 Electrical Engineering Draftspersons and Technicians,85,35,46161.86114583333,45544.20447916666
2026-06,2321 Architects and Landscape Architects,95,5,46238.20780092593,46055.627534722225
2026-06,2321 Architects and Landscape Architects,90,32,46238.20780092593,45796.7040625
2026-06,2321 Architects and Landscape Architects,85,39,46170.20667824074,45644.66758101852
2026-06,2531 General Practitioners and Resident Medical officers,75,9,46151.20552083333,45611.85606481481
2026-06,2531 General Practitioners and Resident Medical officers,80,98,46266.21104166667,45852.96047453704
2026-06,2531 General Practitioners and Resident Medical officers,95,2,46138.20998842592,46086.257199074076
2026-06,2531 General Practitioners and Resident Medical officers,90,13,46250.20707175926,45896.447546296295
2026-06,2531 General Practitioners and Resident Medical officers,85,60,46238.20780092593,45943.743576388886
2026-06,2247 Management and Organisation Analysts,80,60,46238.84344907408,45496.70483796296
2026-06,2247 Management and Organisation Analysts,95,4,46238.20780092593,46111.93006944445
2026-06,2247 Management and Organisation Analysts,90,42,46258.205046296294,45881.2046412037
2026-06,2247 Management and Organisation Analysts,85,73,46258.205046296294,45537.90728009259
2026-06,2347 Veterinarians,80,15,46238.20780092593,45518.995
2026-06,2347 Veterinarians,95,4,46076.206145833334,45962.205625
2026-06,2347 Veterinarians,90,16,46238.20780092593,45970.20979166667
2026-06,2347 Veterinarians,85,28,46238.20780092593,45478.35387731482
2026-06,2347 Veterinarians,100,1,46059.20523148148,45924.80388888889
2026-06,2414 Secondary School Teachers,75,31,46261.20773148148,45503.99292824074
2026-06,2414 Secondary School Teachers,80,170,46246.21188657408,45665.744780092595
2026-06,2414 Secondary School Teachers,95,2,46177.02946759259,46124.43716435185
2026-06,2414 Secondary School Teachers,90,17,46238.20780092593,45952.55085648148
2026-06,2414 Secondary School Teachers,85,86,46261.20773148148,45878.20506944445
2026-06,2414 Secondary School Teachers,100,2,46177.00582175926,45903.455405092594
2026-06,1341 Child Care Centre Managers,80,2,46050.71234953704,45629.722592592596
2026-06,"2241 Actuaries, Mathematicians and Statisticians",95,25,46253.205509259256,45956.59892361111
2026-06,"2241 Actuaries, Mathematicians and Statisticians",90,78,46253.205509259256,45800.05179398148
2026-06,"2241 Actuaries, Mathematicians and Statisticians",100,3,46177.20538194444,46013.906481481485
2026-06,"2241 Actuaries, Mathematicians and Statisticians",105,3,46137.204976851855,46013.07056712963
2026-06,3331 Glaziers,65,2,46046.981875,45936.52199074074
2026-06,3331 Glaziers,75,1,46158.20484953704,46000.779756944445
2026-06,2633 Telecommunications Engineering Professionals,95,10,46238.20780092593,45744.57579861111
2026-06,2633 Telecommunications Engineering Professionals,100,3,46176.638819444444,45783.82340277778
2026-06,1332 Engineering Managers,80,15,46258.205046296294,45564.88990740741
2026-06,1332 Engineering Managers,95,1,46045.206655092596,45974.0846875
2026-06,1332 Engineering Managers,90,3,46177.092777777776,46165.206655092596
2026-06,1332 Engineering Managers,85,15,46238.20780092593,45623.87385416667
2026-06,1399 Other Specialist Managers,80,12,46238.20780092593,45487.732465277775
2026-06,1399 Other Specialist Managers,90,7,46168.6915625,45818.45476851852
2026-06,1399 Other Specialist Managers,85,9,46238.20780092593,45801.97997685185
2026-06,2322 Cartographers and Surveyors,80,13,46255.208032407405,45548.634780092594
2026-06,2322 Cartographers and Surveyors,95,1,46139.48417824074,46139.48417824074
2026-06,2322 Cartographers and Surveyors,90,4,46238.20780092593,46074.207037037035
2026-06,2322 Cartographers and Surveyors,85,25,46238.20780092593,45778.90412037037
2026-06,2245 Land Economists and Valuers,80,20,46257.20914351852,45593.74065972222
2026-06,2245 Land Economists and Valuers,90,3,46084.20892361111,45986.57778935185
2026-06,2245 Land Economists and Valuers,85,12,46245.210856481484,45617.76358796296
2026-06,2336 Mining Engineers,80,35,46251.204930555556,45449.97893518519
2026-06,2336 Mining Engineers,95,6,46238.20780092593,45987.994942129626
2026-06,2336 Mining Engineers,90,6,46171.95145833334,45882.20471064815
2026-06,2336 Mining Engineers,85,49,46260.20512731482,45528.26590277778
2026-06,2336 Mining Engineers,105,1,46169.59164351852,46169.59164351852
2026-06,2612 Multimedia Specialists and Web Developers,95,12,46238.20780092593,45979.42607638889
2026-06,2612 Multimedia Specialists and Web Developers,110,1,46119.99517361111,46119.99517361111
2026-06,2612 Multimedia Specialists and Web Developers,100,6,46169.37194444444,46034.716145833336
2026-06,2612 Multimedia Specialists and Web Developers,105,1,46066.4346875,46066.4346875
2026-06,3223 Structural Steel and Welding Trades Workers,80,39,46238.20780092593,45474.788148148145
2026-06,3223 Structural Steel and Welding Trades Workers,90,6,46057.75997685185,45990.20662037037
2026-06,3223 Structural Steel and Welding Trades Workers,85,12,46267.208703703705,45475.72578703704
2026-06,2349 Other Natural and Physical Science Professionals,80,11,46238.20780092593,45622.76642361111
2026-06,2349 Other Natural and Physical Science Professionals,95,3,46074.04010416667,46066.94962962963
2026-06,2349 Other Natural and Physical Science Professionals,90,4,46173.622766203705,46115.754745370374
2026-06,2349 Other Natural and Physical Science Professionals,85,11,46238.20780092593,45495.05701388889
2026-06,2349 Other Natural and Physical Science Professionals,100,4,46149.37944444444,46067.28021990741
2026-06,2349 Other Natural and Physical Science Professionals,105,2,46149.38927083334,46127.60425925926
2026-06,1331 Construction Managers,80,142,46248.20554398148,45522.93648148148
2026-06,1331 Construction Managers,95,8,46177.06475694444,45974.07045138889
2026-06,1331 Construction Managers,90,35,46238.20780092593,45838.202060185184
2026-06,1331 Construction Managers,85,95,46242.20569444444,45709.617847222224
2026-06,1331 Construction Managers,100,1,46176.068449074075,46176.068449074075
2026-06,2343 Environmental Scientists,80,33,46257.20914351852,45526.495254629626
2026-06,2343 Environmental Scientists,95,4,46174.733877314815,45992.09019675926
2026-06,2343 Environmental Scientists,90,28,46238.20780092593,45803.95556712963
2026-06,2343 Environmental Scientists,85,45,46238.20780092593,45707.49508101852
2026-06,2343 Environmental Scientists,100,3,46170.20667824074,46043.460185185184
2026-06,2343 Environmental Scientists,105,2,46142.54560185185,46012.64512731481
2026-06,2711 Barristers,80,1,46071.47943287037,46071.47943287037
2026-06,2711 Barristers,85,1,46071.47070601852,46071.47070601852
2026-06,3312 Carpenters and Joiners,65,148,46265.211539351854,45530.63878472222
2026-06,3312 Carpenters and Joiners,75,64,46259.20663194444,45893.695231481484
2026-06,3312 Carpenters and Joiners,70,143,46262.20508101852,45609.63715277778
2026-06,3312 Carpenters and Joiners,80,19,46262.20508101852,45902.657060185185
2026-06,3312 Carpenters and Joiners,90,3,46238.20780092593,46001.704872685186
2026-06,3312 Carpenters and Joiners,85,6,46248.20554398148,45974.31211805555
2026-06,3312 Carpenters and Joiners,100,1,46238.20780092593,46149.928298611114
2026-06,2725 Social Workers,75,39,46238.20780092593,45626.64902777778
2026-06,2725 Social Workers,80,153,46262.20508101852,45636.47775462963
2026-06,2725 Social Workers,90,15,46161.49537037037,45974.34762731481
2026-06,2725 Social Workers,85,70,46255.208032407405,45889.57131944445
2026-06,3423 Electronics Trades Workers,80,11,46238.20780092593,45685.258101851854
2026-06,3423 Electronics Trades Workers,90,1,46238.20780092593,46175.78203703704
2026-06,3423 Electronics Trades Workers,85,6,46238.20780092593,45502.770520833335
2026-06,2521 Chiropractors and Osteopaths,80,8,46238.20780092593,45737.57512731481
2026-06,2521 Chiropractors and Osteopaths,90,1,46125.59842592593,46125.59842592593
2026-06,2521 Chiropractors and Osteopaths,85,6,46168.20662037037,45867.537465277775
2026-06,3941 Cabinetmakers,80,2,46055.990428240744,45666.54809027778
2026-06,3941 Cabinetmakers,85,2,46254.20762731481,45971.653449074074
2026-06,2243 Economists,80,18,46238.20780092593,45509.667916666665
2026-06,2243 Economists,90,10,46170.20667824074,45991.5434837963
2026-06,2243 Economists,85,21,46172.20578703703,45896.64372685185
2026-06,3311 Bricklayers and Stonemasons,65,35,46260.20512731482,45896.919699074075
2026-06,3311 Bricklayers and Stonemasons,75,10,46238.20780092593,45663.86824074074
2026-06,3311 Bricklayers and Stonemasons,70,12,46238.20780092593,45964.52295138889
2026-06,3311 Bricklayers and Stonemasons,80,3,46238.20780092593,46055.206354166665
2026-06,3311 Bricklayers and Stonemasons,90,1,46176.75042824074,46176.75042824074
2026-06,3311 Bricklayers and Stonemasons,85,1,46039.2053125,45953.97996527778
2026-06,1342 Health and Welfare Services Managers,80,2,46238.20780092593,45511.66971064815
2026-06,1342 Health and Welfare Services Managers,90,1,45969.20578703703,45954.20462962963
2026-06,1342 Health and Welfare Services Managers,85,3,46155.6740162037,45783.559652777774
2026-06,2539 Other Medical Practitioners,75,4,46135.2055787037,45603.95961805555
2026-06,2539 Other Medical Practitioners,80,75,46261.20773148148,45870.35920138889
2026-06,2539 Other Medical Practitioners,90,13,46262.20508101852,46034.02994212963
2026-06,2539 Other Medical Practitioners,85,52,46238.20780092593,45983.41706018519
2026-06,3411 Electricians,65,16,46238.20780092593,45963.49023148148
2026-06,3411 Electricians,75,6,46238.20780092593,46007.40011574074
2026-06,3411 Electricians,70,19,46177.08577546296,45923.545486111114
2026-06,3411 Electricians,80,10,46238.20780092593,45972.80484953704
2026-06,2525 Physiotherapists,75,7,46050.206458333334,45625.74297453704
2026-06,2525 Physiotherapists,80,63,46176.75210648148,45891.495104166665
2026-06,2525 Physiotherapists,95,1,46115.20479166666,46115.20479166666
2026-06,2525 Physiotherapists,90,4,46238.20780092593,46020.20523148148
2026-06,2525 Physiotherapists,85,23,46238.20780092593,45933.466782407406
2026-06,2525 Physiotherapists,100,1,46177.00288194444,46177.00288194444
2026-06,2512 Medical Imaging Professionals,80,28,46238.20780092593,45860.83368055556
2026-06,2512 Medical Imaging Professionals,90,1,46071.70119212963,46071.70119212963
2026-06,2512 Medical Imaging Professionals,85,3,46159.21491898148,46012.30472222222
2026-06,"4523 Sports Coaches, Instructors and Officials",90,1,46087.20458333333,45821.545266203706
2026-06,"4523 Sports Coaches, Instructors and Officials",85,2,46057.205879629626,45640.86540509259
2026-06,2527 Speech Professionals and Audiologists,75,2,46072.20517361111,45699.84230324074
2026-06,2527 Speech Professionals and Audiologists,80,46,46265.211539351854,45974.09271990741
2026-06,2527 Speech Professionals and Audiologists,90,3,46143.21550925926,46009.53135416667
2026-06,2527 Speech Professionals and Audiologists,85,24,46238.20780092593,46013.48539351852
2026-06,2527 Speech Professionals and Audiologists,100,1,46176.7459375,46176.7459375
2026-06,2524 Occupational Therapists,75,6,46063.20898148148,45698.207453703704
2026-06,2524 Occupational Therapists,80,36,46245.210856481484,45869.204421296294
2026-06,2524 Occupational Therapists,90,2,46174.32478009259,46087.559166666666
2026-06,2524 Occupational Therapists,85,12,46240.20517361111,46026.539768518516
2026-06,3421 Airconditioning and Refrigeration Mechanics,80,1,46238.20780092593,45551.31319444445
2026-06,2346 Medical Laboratory Scientists,80,38,46263.210752314815,45579.522824074076
2026-06,2346 Medical Laboratory Scientists,90,10,46175.20494212963,45974.32591435185
2026-06,2346 Medical Laboratory Scientists,85,24,46254.20762731481,45733.205983796295
2026-06,2415 Special Education Teachers,75,1,46026.2052662037,45821.32350694444
2026-06,2415 Special Education Teachers,80,2,46096.84211805555,46075.90865740741
2026-06,2415 Special Education Teachers,85,1,46035.20686342593,46035.20686342593
2026-06,2723 Psychologists,75,2,46130.20706018519,45750.02224537037
2026-06,2723 Psychologists,80,28,46176.81386574074,45801.20474537037
2026-06,2723 Psychologists,95,2,46177.0321875,46141.89026620371
2026-06,2723 Psychologists,90,3,46174.20638888889,46099.521469907406
2026-06,2723 Psychologists,85,16,46174.20638888889,45890.4365625
2026-06,2541 Midwives,80,10,46238.20780092593,45971.20501157407
2026-06,2541 Midwives,90,1,46255.208032407405,46177.04568287037
2026-06,2541 Midwives,85,3,46238.20780092593,45938.31175925926
2026-06,3341 Plumbers,65,15,46238.20780092593,45947.20484953704
2026-06,3341 Plumbers,75,3,46136.85597222222,45974.09909722222
2026-06,3341 Plumbers,70,8,46176.584085648145,45974.35989583333
2026-06,3341 Plumbers,80,5,46177.08662037037,46155.402604166666
2026-06,3341 Plumbers,95,2,46177.011041666665,45899.02118055556
2026-06,3341 Plumbers,85,1,46046.8059375,46046.8059375
2026-06,3241 Panelbeaters,80,2,46252.205925925926,45965.20586805556
2026-06,3241 Panelbeaters,85,1,46238.20780092593,46011.86101851852
2026-06,3991 Boat Builders and Shipwrights,80,1,46002.21193287037,46002.21193287037
2026-06,3991 Boat Builders and Shipwrights,85,2,46090.206030092595,46010.73740740741
2026-06,2533 Internal Medicine Specialists,80,7,46238.20780092593,45862.89572916667
2026-06,2533 Internal Medicine Specialists,95,1,46092.364224537036,46092.364224537036
2026-06,2533 Internal Medicine Specialists,85,1,46123.21460648148,46008.961643518516
2026-06,3332 Plasterers,65,4,46238.20780092593,45983.20564814815
2026-06,3332 Plasterers,75,1,46176.96832175926,46176.96832175926
2026-06,3332 Plasterers,70,4,46175.54288194444,46064.742268518516
2026-06,3332 Plasterers,95,1,46176.74105324074,46176.74105324074
2026-06,3332 Plasterers,85,1,46160.85252314815,46160.85252314815
2026-06,3334 Wall and Floor Tilers,65,22,46238.20780092593,45539.48619212963
2026-06,3334 Wall and Floor Tilers,75,5,46238.20780092593,46008.527708333335
2026-06,3334 Wall and Floor Tilers,70,16,46266.21104166667,45899.61148148148
2026-06,3334 Wall and Floor Tilers,80,1,46146.213368055556,46132.6641087963
2026-06,3334 Wall and Floor Tilers,85,1,46062.761099537034,46062.761099537034
2026-06,2112 Music Professionals,95,1,46176.76207175926,46176.76207175926
2026-06,2112 Music Professionals,90,1,46165.206655092596,46161.609375
2026-06,2112 Music Professionals,100,1,46103.78722222222,46103.78722222222
2026-06,3211 Automotive Electricians,80,4,46102.20518518519,45960.019166666665
2026-06,3211 Automotive Electricians,85,1,46136.7725,46136.7725
2026-06,2534 Psychiatrists,90,1,46168.84855324074,46168.84855324074
2026-06,2534 Psychiatrists,85,1,46161.96902777778,46161.96902777778
2026-06,2514 Optometrists and Orthoptists,80,4,46174.564421296294,46086.881516203706
2026-06,2514 Optometrists and Orthoptists,95,1,46177.01708333333,46177.01708333333
2026-06,2514 Optometrists and Orthoptists,85,1,46086.20568287037,46086.20568287037
2026-06,2535 Surgeons,85,1,46058.2059375,46058.2059375
2026-06,2535 Surgeons,100,1,46177.00561342593,46177.00561342593
2026-06,2526 Podiatrists,75,1,45816.22012731482,45769.458819444444
2026-06,2526 Podiatrists,80,3,46135.49041666667,46040.59943287037
2026-06,2526 Podiatrists,85,2,46133.20638888889,45984.80570601852
2026-06,"2111 Actors, Dancers and Other Entertainers",80,3,46113.20559027778,45862.68771990741
2026-06,"2111 Actors, Dancers and Other Entertainers",85,1,46115.042916666665,46115.042916666665
2025-08,2411 Early Childhood (Pre-primary School) Teachers,95,3,45806.688368055555,45574.54138888889
2025-08,2411 Early Childhood (Pre-primary School) Teachers,90,38,45968.20462962963,45644.68221064815
2025-08,2411 Early Childhood (Pre-primary School) Teachers,85,324,45963.23332175926,45522.927152777775
2025-08,2344 Geologists Geophysicists and Hydrogeologists,95,1,45694.950277777774,45694.950277777774
2025-08,2344 Geologists Geophysicists and Hydrogeologists,90,2,45698.55284722222,45698.54491898148
2025-08,2345 Life Scientists,95,34,45887.20469907407,45546.762557870374
2025-08,2345 Life Scientists,90,31,46070.20421296296,45219.43293981482
2025-08,2345 Life Scientists,100,15,45889.4771875,45709.70222222222
2025-08,2345 Life Scientists,105,5,45951.20533564815,45631.641388888886
2025-08,2341 Agricultural and Forestry Scientists,95,18,45951.20533564815,45676.22388888889
2025-08,2341 Agricultural and Forestry Scientists,90,23,45863.20371527778,45327.198541666665
2025-08,2341 Agricultural and Forestry Scientists,100,4,45882.42690972222,45671.429074074076
2025-08,2544 Registered Nurses,80,596,46022.20449074074,45544.20447916666
2025-08,2544 Registered Nurses,95,6,45951.20533564815,45627.51228009259
2025-08,2544 Registered Nurses,90,42,45972.20482638889,45615.243946759256
2025-08,2544 Registered Nurses,85,269,46200.211064814815,45605.92486111111
2025-08,2544 Registered Nurses,100,1,45841.209502314814,45724.94929398148
2025-08,2544 Registered Nurses,105,1,45664.210486111115,45545.48861111111
2025-08,2334 Electronics Engineers,95,7,45887.20469907407,45540.62777777778
2025-08,2334 Electronics Engineers,100,6,46050.206458333334,45590.53561342593
2025-08,"2342 Chemists, and Food and Wine Scientists",95,10,45888.64975694445,45638.62123842593
2025-08,"2342 Chemists, and Food and Wine Scientists",90,19,45972.20482638889,45332.759108796294
2025-08,"2342 Chemists, and Food and Wine Scientists",110,1,45860.932974537034,45860.932974537034
2025-08,"2342 Chemists, and Food and Wine Scientists",100,6,45888.20484953704,45548.99141203704
2025-08,"2342 Chemists, and Food and Wine Scientists",105,1,45701.23767361111,45694.76855324074
2025-08,2713 Solicitors,95,8,45835.20474537037,45616.84641203703
2025-08,2713 Solicitors,90,51,45951.20533564815,45391.19767361111
2025-08,2713 Solicitors,100,1,45815.20438657407,45675.36005787037
2025-08,2331 Chemical and Materials Engineers,95,29,46198.20940972222,45648.021319444444
2025-08,2331 Chemical and Materials Engineers,90,35,45951.20533564815,45263.90837962963
2025-08,2331 Chemical and Materials Engineers,100,9,45884.73002314815,45741.77296296296
2025-08,2331 Chemical and Materials Engineers,105,1,45711.848275462966,45711.848275462966
2025-08,3123 Electrical Engineering Draftspersons and Technicians,90,6,45821.20417824074,45494.450740740744
2025-08,2321 Architects and Landscape Architects,90,9,45973.2052662037,45625.206921296296
2025-08,2321 Architects and Landscape Architects,110,1,45885.20774305556,45735.57418981481
2025-08,2531 General Practitioners and Resident Medical officers,80,92,45951.293761574074,45540.468356481484
2025-08,2531 General Practitioners and Resident Medical officers,95,1,45955.204988425925,45701.23767361111
2025-08,2531 General Practitioners and Resident Medical officers,90,23,45951.20533564815,45614.71225694445
2025-08,2531 General Practitioners and Resident Medical officers,85,60,46262.20508101852,45617.95483796296
2025-08,2247 Management and Organisation Analysts,95,3,45856.70009259259,45646.1146875
2025-08,2247 Management and Organisation Analysts,90,24,45972.827152777776,45357.193333333336
2025-08,2347 Veterinarians,95,3,45951.20533564815,45777.20434027778
2025-08,2347 Veterinarians,90,11,45856.20549768519,45236.62121527778
2025-08,2414 Secondary School Teachers,90,8,45884.20525462963,45685.38144675926
2025-08,2414 Secondary School Teachers,85,44,45867.20471064815,45629.83445601852
2025-08,"2241 Actuaries, Mathematicians and Statisticians",95,28,45951.20533564815,45555.53199074074
2025-08,"2241 Actuaries, Mathematicians and Statisticians",90,61,45966.205347222225,45269.59775462963
2025-08,"2241 Actuaries, Mathematicians and Statisticians",100,2,45851.80331018518,45769.707141203704
2025-08,3331 Glaziers,65,6,45951.20533564815,45631.019594907404
2025-08,3331 Glaziers,75,1,45875.20459490741,45841.86280092593
2025-08,3331 Glaziers,70,1,45951.20533564815,45643.779178240744
2025-08,2421 University Lecturers and Tutors,95,35,46203.207650462966,45573.20730324074
2025-08,2421 University Lecturers and Tutors,90,84,46195.20458333333,45190.74119212963
2025-08,2421 University Lecturers and Tutors,85,84,46232.20520833333,45185.025289351855
2025-08,2421 University Lecturers and Tutors,110,1,45814.222719907404,45814.222719907404
2025-08,2421 University Lecturers and Tutors,100,14,45951.20533564815,45616.572222222225
2025-08,2421 University Lecturers and Tutors,105,4,45883.721238425926,45702.19881944444
2025-08,1332 Engineering Managers,90,1,45875.20459490741,45342.803402777776
2025-08,3122 Civil Engineering Draftspersons and Technicians,95,3,45886.38511574074,45702.469363425924
2025-08,3122 Civil Engineering Draftspersons and Technicians,90,4,45777.91237268518,45621.539143518516
2025-08,1399 Other Specialist Managers,95,2,45877.20646990741,45552.97939814815
2025-08,1399 Other Specialist Managers,90,2,45951.20533564815,45712.260034722225
2025-08,2322 Cartographers and Surveyors,95,1,45845.203622685185,45711.663981481484
2025-08,2322 Cartographers and Surveyors,90,7,45784.20568287037,45622.38841435185
2025-08,2245 Land Economists and Valuers,90,4,45839.21480324074,45622.24969907408
2025-08,2336 Mining Engineers,95,3,45876.70140046296,45802.70143518518
2025-08,2336 Mining Engineers,90,8,45841.209502314814,45522.82946759259
2025-08,3223 Structural Steel and Welding Trades Workers,90,1,45770.20414351852,45516.72041666666
2025-08,2349 Other Natural and Physical Science Professionals,95,4,45951.20533564815,45619.33090277778
2025-08,2349 Other Natural and Physical Science Professionals,90,4,45828.202418981484,45695.57046296296
2025-08,2349 Other Natural and Physical Science Professionals,100,6,45951.20533564815,45551.67565972222
2025-08,2349 Other Natural and Physical Science Professionals,115,1,45951.20533564815,45749.01571759259
2025-08,1331 Construction Managers,95,1,45951.20533564815,45847.2028587963
2025-08,1331 Construction Managers,90,8,45889.20517361111,45632.74118055555
2025-08,1331 Construction Managers,100,1,45822.04760416667,45822.04760416667
2025-08,2343 Environmental Scientists,95,15,45967.20537037037,45603.976481481484
2025-08,2343 Environmental Scientists,90,22,46224.208078703705,45356.73229166667
2025-08,2343 Environmental Scientists,110,1,45586.574108796296,45586.574108796296
2025-08,2343 Environmental Scientists,100,8,45885.91930555556,45608.520266203705
2025-08,2711 Barristers,95,1,46179.20520833333,45748.53
2025-08,3312 Carpenters and Joiners,65,141,46200.211064814815,45541.72613425926
2025-08,3312 Carpenters and Joiners,75,75,45951.20533564815,45573.61376157407
2025-08,3312 Carpenters and Joiners,70,153,45967.20537037037,45603.50791666667
2025-08,3312 Carpenters and Joiners,80,28,45951.20533564815,45190.486979166664
2025-08,3312 Carpenters and Joiners,90,1,45804.56469907407,45804.56469907407
2025-08,3312 Carpenters and Joiners,85,9,45951.20533564815,45603.79452546296
2025-08,2725 Social Workers,95,1,45644.631319444445,45644.631319444445
2025-08,2725 Social Workers,90,10,45951.20533564815,45614.81039351852
2025-08,2725 Social Workers,85,56,45951.20533564815,45552.73232638889
2025-08,3322 Painting Trades Workers,75,39,45958.20761574074,45610.43875
2025-08,3322 Painting Trades Workers,70,42,45952.205034722225,45579.53944444445
2025-08,3322 Painting Trades Workers,80,12,46048.20523148148,45644.83362268518
2025-08,3322 Painting Trades Workers,85,3,45889.20517361111,45603.709398148145
2025-08,3423 Electronics Trades Workers,110,1,45734.616215277776,45734.616215277776
2025-08,2243 Economists,95,4,45877.32009259259,45699.71471064815
2025-08,2243 Economists,90,4,45881.2046412037,45637.40346064815
2025-08,3311 Bricklayers and Stonemasons,65,24,45951.20533564815,45545.561203703706
2025-08,3311 Bricklayers and Stonemasons,75,6,46023.20457175926,45671.784421296295
2025-08,3311 Bricklayers and Stonemasons,70,15,45951.20533564815,45630.3999537037
2025-08,3311 Bricklayers and Stonemasons,80,3,45859.62783564815,45680.799895833334
2025-08,3311 Bricklayers and Stonemasons,90,1,45709.42905092592,45709.42905092592
2025-08,3311 Bricklayers and Stonemasons,85,1,45747.79150462963,45747.79150462963
2025-08,1342 Health and Welfare Services Managers,90,1,45860.21960648148,45704.20545138889
2025-08,2539 Other Medical Practitioners,80,72,45964.204618055555,45540.80498842592
2025-08,2539 Other Medical Practitioners,95,1,45886.5925462963,45886.5925462963
2025-08,2539 Other Medical Practitioners,90,15,46003.21107638889,45552.04440972222
2025-08,2539 Other Medical Practitioners,85,59,46262.20508101852,45544.945185185185
2025-08,2539 Other Medical Practitioners,100,1,45781.20457175926,45748.90258101852
2025-08,3411 Electricians,65,36,46090.206030092595,45541.77371527778
2025-08,3411 Electricians,75,12,45954.20462962963,45562.72253472222
2025-08,3411 Electricians,70,18,45889.660219907404,45631.800625
2025-08,3411 Electricians,80,6,45881.86708333333,45779.72583333333
2025-08,3411 Electricians,85,1,45746.50177083333,45746.50177083333
2025-08,3411 Electricians,100,1,45807.204560185186,45563.286203703705
2025-08,2525 Physiotherapists,80,52,45951.20533564815,45545.895520833335
2025-08,2525 Physiotherapists,95,2,45824.89328703703,45793.22375
2025-08,2525 Physiotherapists,90,9,45951.20533564815,45732.937002314815
2025-08,2525 Physiotherapists,85,34,45957.2046875,45625.76262731481
2025-08,2512 Medical Imaging Professionals,80,19,46126.20585648148,45626.42833333334
2025-08,2512 Medical Imaging Professionals,95,3,45951.20533564815,45776.93479166667
2025-08,2512 Medical Imaging Professionals,90,9,45951.20533564815,45642.79221064815
2025-08,2512 Medical Imaging Professionals,85,12,45964.204618055555,45714.78003472222
2025-08,"4523 Sports Coaches, Instructors and Officials",95,1,45821.52222222222,45821.52222222222
2025-08,2527 Speech Professionals and Audiologists,80,20,45972.20482638889,45659.44834490741
2025-08,2527 Speech Professionals and Audiologists,90,6,45877.79418981481,45691.796435185184
2025-08,2527 Speech Professionals and Audiologists,85,18,45887.20469907407,45637.46465277778
2025-08,2524 Occupational Therapists,80,36,45951.20533564815,45542.50232638889
2025-08,2524 Occupational Therapists,95,1,45856.20549768519,45613.81984953704
2025-08,2524 Occupational Therapists,90,2,45951.20533564815,45810.204560185186
2025-08,2524 Occupational Therapists,85,12,45866.69835648148,45604.670277777775
2025-08,2346 Medical Laboratory Scientists,95,1,45848.20394675926,45848.20394675926
2025-08,2346 Medical Laboratory Scientists,90,3,45743.205972222226,45588.993113425924
2025-08,2346 Medical Laboratory Scientists,100,1,45951.20533564815,45738.429918981485
2025-08,2723 Psychologists,95,1,45734.19086805556,45734.19086805556
2025-08,2723 Psychologists,90,1,45794.20574074074,45741.20618055556
2025-08,2723 Psychologists,85,8,45883.20490740741,45662.95832175926
2025-08,2541 Midwives,80,12,45951.20533564815,45610.54638888889
2025-08,2541 Midwives,85,4,45870.03015046296,45729.644953703704
2025-08,3341 Plumbers,65,29,46037.20556712963,45543.886030092595
2025-08,3341 Plumbers,75,8,45887.39340277778,45664.210486111115
2025-08,3341 Plumbers,70,14,45887.20469907407,45545.67197916667
2025-08,3341 Plumbers,80,3,45951.20533564815,45634.188680555555
2025-08,3341 Plumbers,90,1,45868.204247685186,45550.523888888885
2025-08,3341 Plumbers,85,2,45951.20533564815,45646.467569444445
2025-08,3241 Panelbeaters,90,1,45820.20434027778,45681.75712962963
2025-08,3991 Boat Builders and Shipwrights,90,1,45769.20332175926,45714.35973379629
2025-08,2533 Internal Medicine Specialists,80,7,45854.20359953704,45636.47216435185
2025-08,2533 Internal Medicine Specialists,90,3,45951.20533564815,45755.92753472222
2025-08,2533 Internal Medicine Specialists,85,1,45783.20459490741,45751.50753472222
2025-08,3332 Plasterers,65,6,45951.20533564815,45547.025243055556
2025-08,3332 Plasterers,75,4,45951.20533564815,45545.782430555555
2025-08,3334 Wall and Floor Tilers,65,37,45951.20533564815,45549.74204861111
2025-08,3334 Wall and Floor Tilers,75,1,45797.204189814816,45616.63888888889
2025-08,3334 Wall and Floor Tilers,70,13,46061.20533564815,45608.78090277778
2025-08,3334 Wall and Floor Tilers,80,1,46162.204560185186,45616.59892361111
2025-08,3334 Wall and Floor Tilers,85,1,45831.20376157408,45702.88490740741
2025-08,2534 Psychiatrists,80,1,45811.28743055555,45811.28743055555
2025-08,2534 Psychiatrists,85,2,45761.45042824074,45677.9519212963
2025-08,2514 Optometrists and Orthoptists,80,3,45951.20533564815,45755.97048611111
2025-08,2514 Optometrists and Orthoptists,85,1,45812.555625,45812.555625
2025-08,2535 Surgeons,85,1,45839.21480324074,45839.21480324074
2025-08,2526 Podiatrists,80,1,45810.89381944444,45810.89381944444
2025-08,2526 Podiatrists,90,2,45833.20297453704,45719.793032407404
2024-11,2613 Software and Applications Programmers,95,436,46245.210856481484,44899.87881944444
2024-11,2613 Software and Applications Programmers,90,244,46256.2065625,44936.67364583333
2024-11,2613 Software and Applications Programmers,85,8,45595.21034722222,44883.720243055555
2024-11,2613 Software and Applications Programmers,100,51,46106.20457175926,45451.20040509259
2024-11,2613 Software and Applications Programmers,105,4,45574.681666666664,45531.72887731482
2024-11,3212 Motor Mechanics,95,4,45601.205983796295,45509.458032407405
2024-11,3212 Motor Mechanics,90,6,46192.20547453704,45434.45820601852
2024-11,2332 Civil Engineering Professionals,75,164,46258.205046296294,44909.774039351854
2024-11,2332 Civil Engineering Professionals,70,29,45664.210486111115,44901.618263888886
2024-11,2332 Civil Engineering Professionals,80,90,46203.207650462966,44929.459340277775
2024-11,2332 Civil Engineering Professionals,95,20,45664.210486111115,45469.19871527778
2024-11,2332 Civil Engineering Professionals,90,269,46214.205358796295,44944.45591435185
2024-11,2332 Civil Engineering Professionals,85,48,45972.68070601852,44877.9640162037
2024-11,2332 Civil Engineering Professionals,100,1,45601.205983796295,45531.71628472222
2024-11,2332 Civil Engineering Professionals,105,1,45507.9146412037,45507.9146412037
2024-11,2411 Early Childhood (Pre-primary School) Teachers,75,341,46241.20543981482,45016.664305555554
2024-11,2411 Early Childhood (Pre-primary School) Teachers,70,2,45339.19898148148,45072.48815972222
2024-11,2411 Early Childhood (Pre-primary School) Teachers,80,203,46250.20707175926,45275.76646990741
2024-11,2411 Early Childhood (Pre-primary School) Teachers,95,1,45805.20607638889,45574.54138888889
2024-11,2411 Early Childhood (Pre-primary School) Teachers,90,2,45575.892534722225,45472.22238425926
2024-11,2411 Early Childhood (Pre-primary School) Teachers,85,41,45889.20517361111,45464.5691087963
2024-11,2611 ICT Business and Systems Analysts,95,304,46262.20508101852,44880.54540509259
2024-11,2611 ICT Business and Systems Analysts,110,1,45495.624189814815,45495.624189814815
2024-11,2611 ICT Business and Systems Analysts,100,34,46037.20556712963,45445.31895833334
2024-11,2211 Accountants,95,298,46154.20450231482,44903.40508101852
2024-11,2211 Accountants,90,111,46240.20517361111,44904.91013888889
2024-11,2211 Accountants,85,4,45551.20259259259,44904.831666666665
2024-11,2211 Accountants,100,37,46262.20508101852,45451.20040509259
2024-11,2344 Geologists Geophysicists and Hydrogeologists,90,3,45563.70018518518,45421.995729166665
2024-11,"2621 Database and Systems Administrators, and ICT Security Specialists",95,167,46158.20484953704,44904.52222222222
2024-11,"2621 Database and Systems Administrators, and ICT Security Specialists",100,3,46106.20457175926,45464.199479166666
2024-11,"2212 Auditors, Company Secretaries and Corporate Treasurers",95,15,45958.20761574074,45464.199479166666
2024-11,"2212 Auditors, Company Secretaries and Corporate Treasurers",90,290,46240.20517361111,44903.76064814815
2024-11,"2212 Auditors, Company Secretaries and Corporate Treasurers",85,34,45597.20515046296,44903.468125
2024-11,2345 Life Scientists,95,8,45872.20747685185,45541.706967592596
2024-11,2345 Life Scientists,90,53,45822.20416666667,44926.9462037037
2024-11,2345 Life Scientists,100,5,45596.650092592594,45565.60650462963
2024-11,2345 Life Scientists,105,2,45586.70240740741,45570.45736111111
2024-11,"2335 Industrial, Mechanical and Production Engineers",95,28,46007.205717592595,45463.236655092594
2024-11,"2335 Industrial, Mechanical and Production Engineers",90,327,46246.21188657408,44910.027650462966
2024-11,"2335 Industrial, Mechanical and Production Engineers",85,23,45603.20711805556,44880.66678240741
2024-11,"2335 Industrial, Mechanical and Production Engineers",100,2,45836.20675925926,45546.721041666664
2024-11,2339 Other Engineering Professionals,95,12,46175.20494212963,45464.73369212963
2024-11,2339 Other Engineering Professionals,90,236,46109.20630787037,44904.62465277778
2024-11,2339 Other Engineering Professionals,85,19,45573.20730324074,44873.88407407407
2024-11,2339 Other Engineering Professionals,100,3,45601.85236111111,45538.26090277778
2024-11,2339 Other Engineering Professionals,105,1,45601.205983796295,45531.483449074076
2024-11,2341 Agricultural and Forestry Scientists,95,5,45699.20820601852,45554.28177083333
2024-11,2341 Agricultural and Forestry Scientists,90,23,45699.20820601852,45094.7622337963
2024-11,2341 Agricultural and Forestry Scientists,85,2,45548.20313657408,44896.46430555556
2024-11,2341 Agricultural and Forestry Scientists,100,2,45713.20611111111,45560.12731481482
2024-11,2341 Agricultural and Forestry Scientists,105,1,45566.240578703706,45566.240578703706
2024-11,2544 Registered Nurses,75,641,45966.205347222225,45250.69017361111
2024-11,2544 Registered Nurses,70,8,45572.20633101852,45072.65158564815
2024-11,2544 Registered Nurses,80,126,45880.20445601852,45294.948067129626
2024-11,2544 Registered Nurses,95,1,45553.263553240744,45553.263553240744
2024-11,2544 Registered Nurses,90,7,45601.205983796295,45525.41385416667
2024-11,2544 Registered Nurses,85,36,45600.20626157407,45477.97142361111
2024-11,2544 Registered Nurses,100,2,45565.2791087963,45499.76164351852
2024-11,2544 Registered Nurses,105,1,45664.210486111115,45545.48861111111
2024-11,3513 Chefs,95,1,45599.214479166665,45567.81185185185
2024-11,3513 Chefs,90,53,46232.20520833333,44959.01236111111
2024-11,3513 Chefs,85,1,45319.20959490741,44890.97902777778
2024-11,3513 Chefs,100,1,45565.43509259259,45565.43509259259
2024-11,2334 Electronics Engineers,95,12,45806.20425925926,45502.57295138889
2024-11,2334 Electronics Engineers,90,77,46076.206145833334,44905.500393518516
2024-11,2334 Electronics Engineers,85,8,45593.207280092596,44881.66601851852
2024-11,2334 Electronics Engineers,100,2,45824.203935185185,45570.043171296296
2024-11,3232 Metal Fitters and Machinists,90,1,45471.223078703704,45471.223078703704
2024-11,2631 Computer Network Professionals,95,94,45981.20652777778,44892.846041666664
2024-11,2631 Computer Network Professionals,100,6,45778.20569444444,45539.20443287037
2024-11,"2342 Chemists, and Food and Wine Scientists",90,27,45811.204664351855,44903.933842592596
2024-11,"2342 Chemists, and Food and Wine Scientists",100,1,45691.20650462963,45548.99141203704
2024-11,2713 Solicitors,95,4,45601.205983796295,45525.153391203705
2024-11,2713 Solicitors,90,61,45847.2028587963,44905.38164351852
2024-11,2713 Solicitors,85,1,45419.198599537034,44909.33607638889
2024-11,2331 Chemical and Materials Engineers,95,11,45592.2346875,45488.20177083334
2024-11,2331 Chemical and Materials Engineers,90,57,45791.204664351855,44914.67222222222
2024-11,2331 Chemical and Materials Engineers,85,5,45510.20346064815,44877.43252314815
2024-11,2331 Chemical and Materials Engineers,100,3,45601.205983796295,45531.47377314815
2024-11,3123 Electrical Engineering Draftspersons and Technicians,90,1,45821.20417824074,45494.450740740744
2024-11,2333 Electrical Engineers,95,10,45599.214479166665,45509.20396990741
2024-11,2333 Electrical Engineers,90,117,46046.206724537034,44905.528344907405
2024-11,2333 Electrical Engineers,85,6,45522.22236111111,44873.68141203704
2024-11,2321 Architects and Landscape Architects,75,143,46264.213784722226,44905.60796296296
2024-11,2321 Architects and Landscape Architects,70,24,45702.20854166667,44878.965578703705
2024-11,2321 Architects and Landscape Architects,80,70,46122.20525462963,44888.01603009259
2024-11,2321 Architects and Landscape Architects,95,1,45546.86148148148,45546.86148148148
2024-11,2321 Architects and Landscape Architects,90,6,45601.205983796295,45460.42292824074
2024-11,2321 Architects and Landscape Architects,85,26,45929.2043287037,45449.68952546296
2024-11,2321 Architects and Landscape Architects,105,1,45527.29931712963,45527.29931712963
2024-11,2531 General Practitioners and Resident Medical officers,75,47,45932.20553240741,45261.766805555555
2024-11,2531 General Practitioners and Resident Medical officers,80,36,45748.223541666666,45330.41636574074
2024-11,2531 General Practitioners and Resident Medical officers,90,3,45543.888715277775,45510.0624537037
2024-11,2531 General Practitioners and Resident Medical officers,85,15,45601.205983796295,45483.76917824074
2024-11,2531 General Practitioners and Resident Medical officers,110,1,45518.32722222222,45518.32722222222
2024-11,2247 Management and Organisation Analysts,95,4,45599.214479166665,45540.450694444444
2024-11,2247 Management and Organisation Analysts,90,28,45825.20384259259,45077.96747685185
2024-11,2247 Management and Organisation Analysts,85,1,45574.25268518519,44912.666284722225
2024-11,2347 Veterinarians,90,10,45822.20416666667,45233.836122685185
2024-11,2347 Veterinarians,85,1,45290.19851851852,44878.56689814815
2024-11,2347 Veterinarians,115,1,45601.205983796295,45515.701875
2024-11,2414 Secondary School Teachers,75,88,45999.20622685185,45263.19878472222
2024-11,2414 Secondary School Teachers,70,3,45583.20616898148,45072.77922453704
2024-11,2414 Secondary School Teachers,80,43,45945.20515046296,45279.229155092595
2024-11,2414 Secondary School Teachers,95,1,45580.63984953704,45580.63984953704
2024-11,2414 Secondary School Teachers,85,9,45597.59175925926,45518.86278935185
2024-11,1341 Child Care Centre Managers,75,1,45820.20434027778,45574.25268518519
2024-11,"2241 Actuaries, Mathematicians and Statisticians",95,5,45601.205983796295,45545.49752314815
2024-11,"2241 Actuaries, Mathematicians and Statisticians",90,66,45799.204305555555,44984.94315972222
2024-11,"2241 Actuaries, Mathematicians and Statisticians",85,1,45499.22346064815,44914.82246527778
2024-11,2421 University Lecturers and Tutors,95,14,45810.204560185186,45541.366215277776
2024-11,2421 University Lecturers and Tutors,90,71,45714.25811342592,44972.552824074075
2024-11,2421 University Lecturers and Tutors,100,4,45665.20547453704,45547.06886574074
2024-11,2633 Telecommunications Engineering Professionals,95,8,45703.268217592595,45502.57702546296
2024-11,2633 Telecommunications Engineering Professionals,90,58,45843.20413194445,44903.47928240741
2024-11,2633 Telecommunications Engineering Professionals,85,4,45567.20575231482,44886.57236111111
2024-11,1332 Engineering Managers,90,1,45875.20459490741,45342.803402777776
2024-11,3122 Civil Engineering Draftspersons and Technicians,75,395,46224.208078703705,44904.849803240744
2024-11,3122 Civil Engineering Draftspersons and Technicians,70,52,45812.20581018519,44888.00274305556
2024-11,3122 Civil Engineering Draftspersons and Technicians,80,158,46224.208078703705,44933.41799768519
2024-11,3122 Civil Engineering Draftspersons and Technicians,95,3,45718.25438657407,45510.96986111111
2024-11,3122 Civil Engineering Draftspersons and Technicians,90,6,45590.84133101852,45517.89703703704
2024-11,3122 Civil Engineering Draftspersons and Technicians,85,32,45863.20371527778,45463.236655092594
2024-11,1399 Other Specialist Managers,95,3,45559.203356481485,45552.97547453704
2024-11,1399 Other Specialist Managers,90,3,45664.210486111115,45122.70943287037
2024-11,2322 Cartographers and Surveyors,95,1,45587.575266203705,45587.575266203705
2024-11,2322 Cartographers and Surveyors,90,17,45597.20515046296,45151.67565972222
2024-11,2245 Land Economists and Valuers,95,1,45549.2025462963,45549.2025462963
2024-11,2245 Land Economists and Valuers,90,2,45502.60872685185,45426.46655092593
2024-11,2336 Mining Engineers,95,2,45591.20755787037,45585.40665509259
2024-11,2336 Mining Engineers,90,23,45795.205462962964,45110.883518518516
2024-11,2336 Mining Engineers,85,2,45507.20270833333,44890.81780092593
2024-11,2336 Mining Engineers,105,1,45536.239641203705,45524.81104166667
2024-11,2612 Multimedia Specialists and Web Developers,95,4,45589.006944444445,45499.66023148148
2024-11,2612 Multimedia Specialists and Web Developers,90,32,46214.205358796295,44995.738587962966
2024-11,2612 Multimedia Specialists and Web Developers,85,4,45565.20594907407,44876.715104166666
2024-11,3223 Structural Steel and Welding Trades Workers,75,22,45880.20445601852,44967.94405092593
2024-11,3223 Structural Steel and Welding Trades Workers,70,4,45747.208761574075,45023.56048611111
2024-11,3223 Structural Steel and Welding Trades Workers,80,9,45598.65052083333,45427.23125
2024-11,3223 Structural Steel and Welding Trades Workers,85,6,45601.205983796295,45457.23616898148
2024-11,2349 Other Natural and Physical Science Professionals,90,10,45592.2346875,45191.568553240744
2024-11,2349 Other Natural and Physical Science Professionals,100,1,45846.21909722222,45551.67565972222
2024-11,1331 Construction Managers,75,254,46131.20690972222,44930.845405092594
2024-11,1331 Construction Managers,70,36,45719.22162037037,44883.099328703705
2024-11,1331 Construction Managers,80,90,46104.20643518519,44942.83059027778
2024-11,1331 Construction Managers,85,30,45739.20615740741,45455.22206018519
2024-11,1331 Construction Managers,100,1,45499.74826388889,45499.74826388889
2024-11,2343 Environmental Scientists,95,3,45582.95453703704,45571.91740740741
2024-11,2343 Environmental Scientists,90,15,45872.20747685185,45062.02538194445
2024-11,2343 Environmental Scientists,110,1,45586.574108796296,45586.574108796296
2024-11,2343 Environmental Scientists,100,1,45586.575520833336,45586.575520833336
2024-11,3132 Telecommunications Technical Specialists,90,4,45830.230358796296,45117.466574074075
2024-11,3132 Telecommunications Technical Specialists,85,1,45343.19872685185,44902.72324074074
2024-11,3312 Carpenters and Joiners,65,9,45601.205983796295,45456.54454861111
2024-11,3312 Carpenters and Joiners,75,22,45804.20545138889,45475.223449074074
2024-11,3312 Carpenters and Joiners,70,46,45601.84133101852,45275.75108796296
2024-11,3312 Carpenters and Joiners,80,9,45719.22162037037,45190.486979166664
2024-11,3312 Carpenters and Joiners,90,1,45583.81346064815,45583.81346064815
2024-11,3312 Carpenters and Joiners,85,3,45597.20515046296,45476.736550925925
2024-11,2725 Social Workers,75,69,45970.20979166667,45281.90775462963
2024-11,2725 Social Workers,70,1,45441.22461805555,45079.73168981481
2024-11,2725 Social Workers,80,32,45899.20775462963,45372.609768518516
2024-11,2725 Social Workers,90,3,45592.94530092592,45570.1674537037
2024-11,2725 Social Workers,85,17,45873.204780092594,45474.2009375
2024-11,2725 Social Workers,100,1,45601.205983796295,45481.01167824074
2024-11,3322 Painting Trades Workers,65,9,45584.397731481484,45275.759097222224
2024-11,3322 Painting Trades Workers,75,14,45805.20607638889,45488.39387731482
2024-11,3322 Painting Trades Workers,70,32,45759.2046875,45471.76710648148
2024-11,3322 Painting Trades Workers,80,2,45566.67946759259,45489.654398148145
2024-11,3322 Painting Trades Workers,90,3,45576.624930555554,45502.45359953704
2024-11,2521 Chiropractors and Osteopaths,75,4,45569.48034722222,45330.634664351855
2024-11,2521 Chiropractors and Osteopaths,80,1,45375.20658564815,45280.901412037034
2024-11,3941 Cabinetmakers,75,2,45590.705196759256,45570.93869212963
2024-11,3941 Cabinetmakers,70,3,45664.210486111115,45574.776400462964
2024-11,3941 Cabinetmakers,85,2,45601.205983796295,45531.71986111111
2024-11,2243 Economists,90,11,45587.73005787037,44982.019375
2024-11,3311 Bricklayers and Stonemasons,65,3,45533.31047453704,45456.60923611111
2024-11,3311 Bricklayers and Stonemasons,75,1,45493.00947916666,45493.00947916666
2024-11,3311 Bricklayers and Stonemasons,70,1,45565.74506944444,45565.74506944444
2024-11,3311 Bricklayers and Stonemasons,90,1,45488.20177083334,45483.37238425926
2024-11,2539 Other Medical Practitioners,75,35,45948.205879629626,45313.13686342593
2024-11,2539 Other Medical Practitioners,80,32,45840.22282407407,45294.65734953704
2024-11,2539 Other Medical Practitioners,90,5,45729.20594907407,45548.928761574076
2024-11,2539 Other Medical Practitioners,85,10,45664.210486111115,45449.8762037037
2024-11,3411 Electricians,65,5,45601.205983796295,45475.9575462963
2024-11,3411 Electricians,75,6,45833.20297453704,45546.854849537034
2024-11,3411 Electricians,70,4,45603.20711805556,45511.67568287037
2024-11,3411 Electricians,100,1,45807.204560185186,45563.286203703705
2024-11,2525 Physiotherapists,75,69,45966.205347222225,45306.77516203704
2024-11,2525 Physiotherapists,80,36,45766.21913194445,45278.91353009259
2024-11,2525 Physiotherapists,95,1,45602.68579861111,45602.68579861111
2024-11,2525 Physiotherapists,90,6,45600.20626157407,45540.71744212963
2024-11,2525 Physiotherapists,85,9,45586.48936342593,45460.19836805556
2024-11,2512 Medical Imaging Professionals,75,17,45864.20520833333,45303.61200231482
2024-11,2512 Medical Imaging Professionals,80,4,45601.185520833336,45310.46144675926
2024-11,2512 Medical Imaging Professionals,85,5,45601.205983796295,45543.5378125
2024-11,3222 Sheetmetal Trades Workers,70,1,45405.19945601852,45077.018009259256
2024-11,2527 Speech Professionals and Audiologists,75,27,45815.20438657407,45288.501655092594
2024-11,2527 Speech Professionals and Audiologists,80,8,45586.68508101852,45348.353738425925
2024-11,2527 Speech Professionals and Audiologists,85,2,45556.80019675926,45540.68891203704
2024-11,2524 Occupational Therapists,75,49,45949.21847222222,45301.35288194445
2024-11,2524 Occupational Therapists,80,22,45879.208715277775,45306.85015046296
2024-11,2524 Occupational Therapists,95,1,45575.66112268518,45575.66112268518
2024-11,2524 Occupational Therapists,90,3,45588.448842592596,45550.797627314816
2024-11,2524 Occupational Therapists,85,4,45581.749710648146,45541.82784722222
2024-11,2519 Other Health Diagnostic and Promotion Professionals,75,1,45422.20003472222,45369.856099537035
2024-11,2346 Medical Laboratory Scientists,75,37,46121.20502314815,45266.526608796295
2024-11,2346 Medical Laboratory Scientists,80,13,46109.20630787037,45552.43209490741
2024-11,2346 Medical Laboratory Scientists,90,2,45664.210486111115,45540.86980324074
2024-11,2346 Medical Laboratory Scientists,85,6,45602.81637731481,45450.910266203704
2024-11,2415 Special Education Teachers,75,4,45952.205034722225,45309.988703703704
2024-11,2415 Special Education Teachers,80,1,45530.03511574074,45530.03511574074
2024-11,2723 Psychologists,75,13,45763.20444444445,45278.42568287037
2024-11,2723 Psychologists,80,5,45836.20675925926,45544.64179398148
2024-11,2723 Psychologists,90,2,45602.76084490741,45583.347916666666
2024-11,2723 Psychologists,85,6,45601.79314814815,45531.49769675926
2024-11,2541 Midwives,75,5,45664.210486111115,45538.45398148148
2024-11,2541 Midwives,80,4,45597.4978587963,45467.531701388885
2024-11,3341 Plumbers,65,2,45601.205983796295,45511.690613425926
2024-11,3341 Plumbers,75,3,45601.95358796296,45583.21388888889
2024-11,3341 Plumbers,70,4,45667.20769675926,45545.67197916667
2024-11,3341 Plumbers,90,1,45868.204247685186,45550.523888888885
2024-11,3991 Boat Builders and Shipwrights,90,1,45350.19332175926,45348.700740740744
2024-11,2533 Internal Medicine Specialists,75,5,45594.95175925926,45429.055752314816
2024-11,2533 Internal Medicine Specialists,80,1,45573.1537962963,45573.1537962963
2024-11,3332 Plasterers,75,1,45723.20554398148,45545.782430555555
2024-11,3334 Wall and Floor Tilers,65,3,45540.42056712963,45456.81
2024-11,3334 Wall and Floor Tilers,75,1,45589.5240162037,45589.5240162037
2024-11,3334 Wall and Floor Tilers,70,5,45588.628229166665,45502.47516203704
2024-11,3334 Wall and Floor Tilers,80,2,45569.614849537036,45540.75971064815
2024-11,2112 Music Professionals,90,1,45464.199479166666,45230.496145833335
2024-11,2534 Psychiatrists,80,2,45593.71604166667,45542.75702546296
2024-11,2514 Optometrists and Orthoptists,75,2,45567.50361111111,45288.9044212963
2024-11,2514 Optometrists and Orthoptists,80,2,45570.548368055555,45545.48966435185
2024-11,2535 Surgeons,75,1,45523.71623842593,45523.71623842593
2024-11,2535 Surgeons,95,1,45587.86885416666,45587.86885416666
2024-11,2526 Podiatrists,75,4,45602.86460648148,45456.6358912037
2024-11,"2111 Actors, Dancers and Other Entertainers",90,1,45438.19836805556,45152.01525462963
2025-11,2411 Early Childhood (Pre-primary School) Teachers,95,2,45947.726122685184,45695.11216435185
2025-11,2411 Early Childhood (Pre-primary School) Teachers,90,40,46218.20891203704,45612.473807870374
2025-11,2411 Early Childhood (Pre-primary School) Teachers,85,205,46259.20663194444,45522.927152777775
2025-11,2344 Geologists Geophysicists and Hydrogeologists,90,2,45910.20594907407,45698.54491898148
2025-11,2344 Geologists Geophysicists and Hydrogeologists,85,2,45939.204976851855,45540.636354166665
2025-11,2345 Life Scientists,95,19,46143.21550925926,45725.67938657408
2025-11,2345 Life Scientists,90,54,46267.208703703705,45610.57959490741
2025-11,2345 Life Scientists,85,67,46258.205046296294,45249.61849537037
2025-11,2345 Life Scientists,110,1,45913.633472222224,45913.633472222224
2025-11,2345 Life Scientists,100,9,45967.20537037037,45841.69766203704
2025-11,2345 Life Scientists,105,3,45951.20533564815,45631.641388888886
2025-11,2341 Agricultural and Forestry Scientists,95,5,45954.692662037036,45679.39896990741
2025-11,2341 Agricultural and Forestry Scientists,90,33,45972.05604166666,45603.46145833333
2025-11,2341 Agricultural and Forestry Scientists,85,28,46173.20553240741,45479.89630787037
2025-11,2341 Agricultural and Forestry Scientists,100,1,45737.24958333333,45712.990902777776
2025-11,2341 Agricultural and Forestry Scientists,105,1,45944.20553240741,45922.89482638889
2025-11,2544 Registered Nurses,75,634,46162.204560185186,45301.839108796295
2025-11,2544 Registered Nurses,80,539,46171.57042824074,45534.75734953704
2025-11,2544 Registered Nurses,95,2,45951.20533564815,45627.51228009259
2025-11,2544 Registered Nurses,90,25,46088.20559027778,45615.243946759256
2025-11,2544 Registered Nurses,85,176,46172.20578703703,45605.92486111111
2025-11,2544 Registered Nurses,100,1,45841.209502314814,45724.94929398148
2025-11,3232 Metal Fitters and Machinists,85,2,45836.20675925926,45609.13898148148
2025-11,"2342 Chemists, and Food and Wine Scientists",95,7,46035.20686342593,45735.46928240741
2025-11,"2342 Chemists, and Food and Wine Scientists",90,50,46067.20622685185,45670.64738425926
2025-11,"2342 Chemists, and Food and Wine Scientists",85,57,46043.20659722222,45268.0678587963
2025-11,"2342 Chemists, and Food and Wine Scientists",100,3,46061.20533564815,45901.46261574074
2025-11,"2342 Chemists, and Food and Wine Scientists",105,3,45948.36116898148,45694.76855324074
2025-11,2713 Solicitors,95,2,45935.20552083333,45616.84641203703
2025-11,2713 Solicitors,90,73,46153.20520833333,45604.44693287037
2025-11,2713 Solicitors,85,88,46177.20538194444,45273.75534722222
2025-11,2331 Chemical and Materials Engineers,95,12,46182.204201388886,45669.62300925926
2025-11,2331 Chemical and Materials Engineers,90,57,46260.20512731482,45604.4696412037
2025-11,2331 Chemical and Materials Engineers,85,106,46253.205509259256,45261.86040509259
2025-11,2331 Chemical and Materials Engineers,100,2,45901.464907407404,45741.77296296296
2025-11,2331 Chemical and Materials Engineers,105,1,45711.848275462966,45711.848275462966
2025-11,3123 Electrical Engineering Draftspersons and Technicians,90,11,46104.20643518519,45616.732141203705
2025-11,3123 Electrical Engineering Draftspersons and Technicians,85,18,46155.20751157407,45307.857303240744
2025-11,2321 Architects and Landscape Architects,90,30,46123.21460648148,45625.206921296296
2025-11,2321 Architects and Landscape Architects,85,53,46148.20650462963,45542.11006944445
2025-11,2321 Architects and Landscape Architects,110,1,45885.20774305556,45735.57418981481
2025-11,2531 General Practitioners and Resident Medical officers,75,27,46151.20552083333,45303.75108796296
2025-11,2531 General Practitioners and Resident Medical officers,80,69,46166.21834490741,45604.54247685185
2025-11,2531 General Practitioners and Resident Medical officers,95,1,45955.204988425925,45701.23767361111
2025-11,2531 General Practitioners and Resident Medical officers,90,14,46170.20667824074,45691.824212962965
2025-11,2531 General Practitioners and Resident Medical officers,85,29,45973.68136574074,45644.479675925926
2025-11,2247 Management and Organisation Analysts,95,6,45959.79040509259,45707.25497685185
2025-11,2247 Management and Organisation Analysts,90,49,46120.204375,45656.20699074074
2025-11,2247 Management and Organisation Analysts,85,67,46166.21834490741,45258.007268518515
2025-11,2347 Veterinarians,95,3,46035.20686342593,45838.202060185184
2025-11,2347 Veterinarians,90,15,46035.20686342593,45708.60502314815
2025-11,2347 Veterinarians,85,33,46170.20667824074,45296.42344907407
2025-11,2347 Veterinarians,100,2,46059.20523148148,45914.39256944445
2025-11,2414 Secondary School Teachers,75,57,46167.20894675926,45300.71128472222
2025-11,2414 Secondary School Teachers,80,163,46177.20538194444,45540.74829861111
2025-11,2414 Secondary School Teachers,95,1,45960.895162037035,45960.895162037035
2025-11,2414 Secondary School Teachers,90,2,45952.55085648148,45946.46481481481
2025-11,2414 Secondary School Teachers,85,56,46035.20686342593,45660.2065162037
2025-11,2414 Secondary School Teachers,100,1,46086.20568287037,45903.455405092594
2025-11,1341 Child Care Centre Managers,75,1,45820.20434027778,45574.25268518519
2025-11,1341 Child Care Centre Managers,80,1,45934.20520833333,45629.722592592596
2025-11,"2241 Actuaries, Mathematicians and Statisticians",95,10,45972.66388888889,45719.86956018519
2025-11,"2241 Actuaries, Mathematicians and Statisticians",90,98,46107.20554398148,45642.63261574074
2025-11,"2241 Actuaries, Mathematicians and Statisticians",85,79,46192.20547453704,45300.9168287037
2025-11,"2241 Actuaries, Mathematicians and Statisticians",100,1,45769.707141203704,45769.707141203704
2025-11,3331 Glaziers,65,3,45951.20533564815,45820.95695601852
2025-11,3331 Glaziers,75,1,45875.20459490741,45841.86280092593
2025-11,3331 Glaziers,70,2,45951.20533564815,45643.779178240744
2025-11,2633 Telecommunications Engineering Professionals,95,17,46175.20494212963,45548.40354166667
2025-11,2633 Telecommunications Engineering Professionals,90,9,46035.20686342593,45264.59054398148
2025-11,2633 Telecommunications Engineering Professionals,100,3,46076.206145833334,45783.82340277778
2025-11,1332 Engineering Managers,95,1,46045.206655092596,45974.0846875
2025-11,1332 Engineering Managers,90,1,45944.749560185184,45944.749560185184
2025-11,1332 Engineering Managers,85,18,46123.21460648148,45273.76100694444
2025-11,3122 Civil Engineering Draftspersons and Technicians,95,6,45970.03047453704,45814.222719907404
2025-11,3122 Civil Engineering Draftspersons and Technicians,90,39,46259.20663194444,45755.20398148148
2025-11,3122 Civil Engineering Draftspersons and Technicians,85,128,46260.20512731482,45554.028715277775
2025-11,1399 Other Specialist Managers,95,2,45960.72866898148,45912.20457175926
2025-11,1399 Other Specialist Managers,90,7,46035.20686342593,45712.260034722225
2025-11,1399 Other Specialist Managers,85,7,46110.22554398148,45392.19545138889
2025-11,2322 Cartographers and Surveyors,95,3,45930.20506944445,45711.663981481484
2025-11,2322 Cartographers and Surveyors,90,10,45942.388333333336,45687.05253472222
2025-11,2322 Cartographers and Surveyors,85,18,46156.20454861111,45411.19967592593
2025-11,2322 Cartographers and Surveyors,100,1,45968.68934027778,45968.68934027778
2025-11,2245 Land Economists and Valuers,90,2,45916.87185185185,45622.24969907408
2025-11,2245 Land Economists and Valuers,85,16,46137.204976851855,45483.327673611115
2025-11,2336 Mining Engineers,95,2,45971.869039351855,45951.778657407405
2025-11,2336 Mining Engineers,90,14,45972.48866898148,45744.873703703706
2025-11,2336 Mining Engineers,85,22,46129.20722222222,45332.732986111114
2025-11,2336 Mining Engineers,100,1,45971.69935185185,45971.69935185185
2025-11,2612 Multimedia Specialists and Web Developers,95,19,45974.09778935185,45714.884039351855
2025-11,2612 Multimedia Specialists and Web Developers,90,14,46224.208078703705,45281.05076388889
2025-11,2612 Multimedia Specialists and Web Developers,100,1,45943.929027777776,45943.929027777776
2025-11,3223 Structural Steel and Welding Trades Workers,95,1,45951.20533564815,45951.20533564815
2025-11,3223 Structural Steel and Welding Trades Workers,90,1,46035.20686342593,45904.20630787037
2025-11,3223 Structural Steel and Welding Trades Workers,85,5,46150.2055787037,45712.484502314815
2025-11,2349 Other Natural and Physical Science Professionals,95,4,46035.20686342593,45619.33090277778
2025-11,2349 Other Natural and Physical Science Professionals,90,8,45969.71702546296,45695.57046296296
2025-11,2349 Other Natural and Physical Science Professionals,85,11,45947.20484953704,45446.12157407407
2025-11,2349 Other Natural and Physical Science Professionals,115,1,45951.20533564815,45749.01571759259
2025-11,1331 Construction Managers,95,3,46046.206724537034,45847.2028587963
2025-11,1331 Construction Managers,90,18,46145.21537037037,45632.74118055555
2025-11,1331 Construction Managers,85,57,46140.204722222225,45595.79625
2025-11,2343 Environmental Scientists,95,16,46094.20539351852,45603.976481481484
2025-11,2343 Environmental Scientists,90,42,46063.20898148148,45607.206655092596
2025-11,2343 Environmental Scientists,85,38,46174.20638888889,45271.04652777778
2025-11,2343 Environmental Scientists,100,1,45859.20376157408,45715.76188657407
2025-11,2711 Barristers,90,2,45958.20761574074,45918.20475694445
2025-11,3132 Telecommunications Technical Specialists,95,2,45964.52976851852,45701.382523148146
2025-11,3132 Telecommunications Technical Specialists,90,2,45931.20596064815,45425.51646990741
2025-11,3312 Carpenters and Joiners,65,140,46150.2055787037,45542.82472222222
2025-11,3312 Carpenters and Joiners,75,42,46165.206655092596,45629.61431712963
2025-11,3312 Carpenters and Joiners,70,120,46161.20479166666,45603.50791666667
2025-11,3312 Carpenters and Joiners,80,27,46060.20611111111,45603.533229166664
2025-11,3312 Carpenters and Joiners,90,1,45971.73930555556,45971.73930555556
2025-11,3312 Carpenters and Joiners,85,3,46035.20686342593,45708.64784722222
2025-11,2725 Social Workers,75,44,46129.20722222222,45282.013506944444
2025-11,2725 Social Workers,80,161,46151.20552083333,45558.82541666667
2025-11,2725 Social Workers,95,1,45973.79199074074,45973.79199074074
2025-11,2725 Social Workers,90,16,46205.20616898148,45644.86402777778
2025-11,2725 Social Workers,85,62,46172.20578703703,45615.43953703704
2025-11,3322 Painting Trades Workers,75,39,46191.205555555556,45614.68822916667
2025-11,3322 Painting Trades Workers,70,35,46259.20663194444,45605.211064814815
2025-11,3322 Painting Trades Workers,80,13,46163.20476851852,45644.83362268518
2025-11,3322 Painting Trades Workers,90,1,46035.20686342593,45939.90016203704
2025-11,3322 Painting Trades Workers,85,2,45968.20462962963,45712.50648148148
2025-11,3423 Electronics Trades Workers,90,1,45967.80195601852,45967.80195601852
2025-11,3423 Electronics Trades Workers,85,7,46118.20512731482,45329.95162037037
2025-11,3423 Electronics Trades Workers,110,1,45734.616215277776,45734.616215277776
2025-11,2521 Chiropractors and Osteopaths,85,1,45867.537465277775,45867.537465277775
2025-11,2243 Economists,95,1,45916.918657407405,45916.918657407405
2025-11,2243 Economists,90,6,45973.39949074074,45687.04209490741
2025-11,2243 Economists,85,13,45968.20462962963,45258.20880787037
2025-11,3311 Bricklayers and Stonemasons,65,23,46119.2046412037,45545.561203703706
2025-11,3311 Bricklayers and Stonemasons,75,7,45967.709641203706,45671.784421296295
2025-11,3311 Bricklayers and Stonemasons,70,10,46040.20795138889,45656.70726851852
2025-11,3311 Bricklayers and Stonemasons,80,1,45944.90258101852,45944.90258101852
2025-11,3311 Bricklayers and Stonemasons,90,1,45709.42905092592,45709.42905092592
2025-11,3311 Bricklayers and Stonemasons,85,1,46039.2053125,45953.97996527778
2025-11,1342 Health and Welfare Services Managers,90,2,45969.20578703703,45954.20462962963
2025-11,1342 Health and Welfare Services Managers,85,1,46061.20533564815,45783.559652777774
2025-11,2539 Other Medical Practitioners,75,18,46135.2055787037,45313.13686342593
2025-11,2539 Other Medical Practitioners,80,61,46173.20553240741,45635.87829861111
2025-11,2539 Other Medical Practitioners,95,2,45934.474444444444,45921.714050925926
2025-11,2539 Other Medical Practitioners,90,10,45968.20462962963,45674.70528935185
2025-11,2539 Other Medical Practitioners,85,29,46038.20649305556,45606.9718287037
2025-11,3411 Electricians,65,23,46078.205104166664,45541.77371527778
2025-11,3411 Electricians,75,14,45972.75252314815,45619.310208333336
2025-11,3411 Electricians,70,15,46065.20710648148,45631.800625
2025-11,3411 Electricians,80,4,46035.20686342593,45881.86708333333
2025-11,2525 Physiotherapists,75,44,46057.205879629626,45306.77516203704
2025-11,2525 Physiotherapists,80,51,46161.20479166666,45625.89210648148
2025-11,2525 Physiotherapists,90,4,45972.855625,45732.937002314815
2025-11,2525 Physiotherapists,85,17,46067.20622685185,45627.03
2025-11,2512 Medical Imaging Professionals,75,17,45951.20533564815,45303.61200231482
2025-11,2512 Medical Imaging Professionals,80,12,46164.20450231482,45699.7578587963
2025-11,2512 Medical Imaging Professionals,95,4,45951.20533564815,45776.93479166667
2025-11,2512 Medical Imaging Professionals,90,7,45951.20533564815,45776.944756944446
2025-11,2512 Medical Imaging Professionals,85,10,45964.204618055555,45714.78003472222
2025-11,"4523 Sports Coaches, Instructors and Officials",90,1,46087.20458333333,45821.545266203706
2025-11,"4523 Sports Coaches, Instructors and Officials",85,1,46035.20686342593,45640.86540509259
2025-11,2527 Speech Professionals and Audiologists,75,15,46072.20517361111,45515.695706018516
2025-11,2527 Speech Professionals and Audiologists,80,10,46046.206724537034,45747.69912037037
2025-11,2527 Speech Professionals and Audiologists,90,2,45928.87582175926,45691.796435185184
2025-11,2527 Speech Professionals and Audiologists,85,3,45931.309537037036,45637.46465277778
2025-11,2524 Occupational Therapists,75,33,46063.20898148148,45305.903958333336
2025-11,2524 Occupational Therapists,80,24,46135.2055787037,45651.908634259256
2025-11,2524 Occupational Therapists,90,5,45951.20533564815,45810.204560185186
2025-11,2524 Occupational Therapists,85,9,45972.93146990741,45604.670277777775
2025-11,2346 Medical Laboratory Scientists,95,2,45971.2021875,45951.20533564815
2025-11,2346 Medical Laboratory Scientists,90,5,45974.32591435185,45880.20445601852
2025-11,2346 Medical Laboratory Scientists,85,11,46139.204247685186,45733.205983796295
2025-11,2346 Medical Laboratory Scientists,100,1,45951.20533564815,45738.429918981485
2025-11,2415 Special Education Teachers,75,3,45952.205034722225,45391.53162037037
2025-11,2415 Special Education Teachers,80,1,45930.98842592593,45930.98842592593
2025-11,2723 Psychologists,75,3,46106.20457175926,45732.750706018516
2025-11,2723 Psychologists,80,26,46171.20490740741,45548.20313657408
2025-11,2723 Psychologists,95,1,45917.20480324074,45905.29678240741
2025-11,2723 Psychologists,90,2,45901.93785879629,45741.20618055556
2025-11,2723 Psychologists,85,9,46070.20421296296,45773.174733796295
2025-11,2541 Midwives,75,2,45922.21083333333,45538.45398148148
2025-11,2541 Midwives,80,10,46120.204375,45610.54638888889
2025-11,2541 Midwives,85,3,46175.20494212963,45938.31175925926
2025-11,3341 Plumbers,65,19,46076.206145833334,45566.701215277775
2025-11,3341 Plumbers,75,6,46045.206655092596,45760.92681712963
2025-11,3341 Plumbers,70,12,46050.206458333334,45690.979525462964
2025-11,3341 Plumbers,80,5,45951.20533564815,45634.188680555555
2025-11,3341 Plumbers,95,1,45899.02118055556,45899.02118055556
2025-11,3341 Plumbers,85,2,45951.20533564815,45646.467569444445
2025-11,3991 Boat Builders and Shipwrights,90,1,45863.49261574074,45863.49261574074
2025-11,2533 Internal Medicine Specialists,80,9,46087.20458333333,45636.47216435185
2025-11,2533 Internal Medicine Specialists,90,2,45861.21864583333,45859.20376157408
2025-11,3332 Plasterers,65,2,46035.20686342593,45547.025243055556
2025-11,3334 Wall and Floor Tilers,65,27,46089.20905092593,45549.74204861111
2025-11,3334 Wall and Floor Tilers,75,2,45963.806493055556,45616.63888888889
2025-11,3334 Wall and Floor Tilers,70,9,46092.206030092595,45692.55537037037
2025-11,3211 Automotive Electricians,85,1,46035.20686342593,45574.25268518519
2025-11,2534 Psychiatrists,75,1,45864.20520833333,45720.60790509259
2025-11,2534 Psychiatrists,80,2,45974.29592592592,45914.216412037036
2025-11,2534 Psychiatrists,85,1,45917.87875,45917.87875
2025-11,2514 Optometrists and Orthoptists,75,1,45957.2046875,45687.264027777775
2025-11,2514 Optometrists and Orthoptists,80,1,45960.569247685184,45960.569247685184
2025-11,2535 Surgeons,75,1,45819.20501157407,45684.258784722224
2025-11,2535 Surgeons,80,1,45914.91131944444,45914.91131944444
2025-11,2535 Surgeons,85,1,45839.21480324074,45839.21480324074
2025-11,2526 Podiatrists,75,3,45932.20553240741,45631.5628125
2025-11,2526 Podiatrists,80,1,45931.18362268519,45931.18362268519
