Occupation,Score,n
261312 Developer Programmer,65,738
261312 Developer Programmer,75,1101
261312 Developer Programmer,70,931
261312 Developer Programmer,80,1017
261312 Developer Programmer,95,527
261312 Developer Programmer,90,857
261312 Developer Programmer,85,969
261312 Developer Programmer,55,120
261312 Developer Programmer,60,233
261312 Developer Programmer,50,36
261312 Developer Programmer,110,3
261312 Developer Programmer,100,199
261312 Developer Programmer,105,19
261312 Developer Programmer,40,7
261312 Developer Programmer,45,13
261312 Developer Programmer,30,1
261312 Developer Programmer,120,2
261312 Developer Programmer,115,1
261312 Developer Programmer,125,1
261312 Developer Programmer,35,1
321211 Motor Mechanic (General),65,668
321211 Motor Mechanic (General),75,549
321211 Motor Mechanic (General),70,715
321211 Motor Mechanic (General),80,344
321211 Motor Mechanic (General),95,17
321211 Motor Mechanic (General),90,60
321211 Motor Mechanic (General),85,135
321211 Motor Mechanic (General),55,117
321211 Motor Mechanic (General),60,333
321211 Motor Mechanic (General),50,41
321211 Motor Mechanic (General),100,2
321211 Motor Mechanic (General),45,11
321211 Motor Mechanic (General),30,1
321211 Motor Mechanic (General),35,2
233211 Civil Engineer,65,1553
233211 Civil Engineer,75,1558
233211 Civil Engineer,70,1635
233211 Civil Engineer,80,1286
233211 Civil Engineer,95,197
233211 Civil Engineer,90,522
233211 Civil Engineer,85,1013
233211 Civil Engineer,55,330
233211 Civil Engineer,60,560
233211 Civil Engineer,50,112
233211 Civil Engineer,110,2
233211 Civil Engineer,100,40
233211 Civil Engineer,105,4
233211 Civil Engineer,40,6
233211 Civil Engineer,45,34
233211 Civil Engineer,30,1
233211 Civil Engineer,25,1
233211 Civil Engineer,120,1
233211 Civil Engineer,35,3
241111 Early Childhood (Pre-primary School) Teacher,65,1860
241111 Early Childhood (Pre-primary School) Teacher,75,2465
241111 Early Childhood (Pre-primary School) Teacher,70,2673
241111 Early Childhood (Pre-primary School) Teacher,80,2005
241111 Early Childhood (Pre-primary School) Teacher,95,11
241111 Early Childhood (Pre-primary School) Teacher,90,374
241111 Early Childhood (Pre-primary School) Teacher,85,1998
241111 Early Childhood (Pre-primary School) Teacher,55,286
241111 Early Childhood (Pre-primary School) Teacher,60,804
241111 Early Childhood (Pre-primary School) Teacher,50,121
241111 Early Childhood (Pre-primary School) Teacher,40,5
241111 Early Childhood (Pre-primary School) Teacher,45,23
241111 Early Childhood (Pre-primary School) Teacher,30,1
241111 Early Childhood (Pre-primary School) Teacher,125,1
241111 Early Childhood (Pre-primary School) Teacher,35,1
261111 ICT Business Analyst,65,857
261111 ICT Business Analyst,75,1256
261111 ICT Business Analyst,70,1011
261111 ICT Business Analyst,80,1196
261111 ICT Business Analyst,95,638
261111 ICT Business Analyst,90,1137
261111 ICT Business Analyst,85,1105
261111 ICT Business Analyst,55,128
261111 ICT Business Analyst,60,247
261111 ICT Business Analyst,50,39
261111 ICT Business Analyst,110,3
261111 ICT Business Analyst,100,230
261111 ICT Business Analyst,105,13
261111 ICT Business Analyst,40,5
261111 ICT Business Analyst,45,20
261313 Software Engineer,65,1165
261313 Software Engineer,75,1611
261313 Software Engineer,70,1432
261313 Software Engineer,80,1375
261313 Software Engineer,95,613
261313 Software Engineer,90,1199
261313 Software Engineer,85,1210
261313 Software Engineer,55,204
261313 Software Engineer,60,421
261313 Software Engineer,50,75
261313 Software Engineer,110,7
261313 Software Engineer,100,218
261313 Software Engineer,105,35
261313 Software Engineer,40,3
261313 Software Engineer,45,27
261313 Software Engineer,30,5
261313 Software Engineer,25,2
261313 Software Engineer,35,1
221111 Accountant (General),65,1009
221111 Accountant (General),75,1363
221111 Accountant (General),70,1377
221111 Accountant (General),80,1159
221111 Accountant (General),95,340
221111 Accountant (General),90,588
221111 Accountant (General),85,948
221111 Accountant (General),55,122
221111 Accountant (General),60,305
221111 Accountant (General),50,35
221111 Accountant (General),110,2
221111 Accountant (General),100,104
221111 Accountant (General),105,8
221111 Accountant (General),40,3
221111 Accountant (General),45,10
221111 Accountant (General),115,1
221111 Accountant (General),35,3
262112 ICT Security Specialist,65,346
262112 ICT Security Specialist,75,519
262112 ICT Security Specialist,70,419
262112 ICT Security Specialist,80,511
262112 ICT Security Specialist,95,211
262112 ICT Security Specialist,90,402
262112 ICT Security Specialist,85,492
262112 ICT Security Specialist,55,58
262112 ICT Security Specialist,60,93
262112 ICT Security Specialist,50,19
262112 ICT Security Specialist,110,1
262112 ICT Security Specialist,100,72
262112 ICT Security Specialist,105,5
262112 ICT Security Specialist,40,1
262112 ICT Security Specialist,45,5
221213 External Auditor,65,465
221213 External Auditor,75,620
221213 External Auditor,70,617
221213 External Auditor,80,581
221213 External Auditor,95,84
221213 External Auditor,90,385
221213 External Auditor,85,577
221213 External Auditor,55,33
221213 External Auditor,60,122
221213 External Auditor,50,15
221213 External Auditor,100,16
221213 External Auditor,105,1
221213 External Auditor,45,2
234515 Botanist,65,7
234515 Botanist,75,2
234515 Botanist,70,2
234515 Botanist,80,3
234515 Botanist,60,3
234515 Botanist,50,1
233512 Mechanical Engineer,65,1161
233512 Mechanical Engineer,75,1362
233512 Mechanical Engineer,70,1215
233512 Mechanical Engineer,80,1065
233512 Mechanical Engineer,95,209
233512 Mechanical Engineer,90,607
233512 Mechanical Engineer,85,1008
233512 Mechanical Engineer,55,275
233512 Mechanical Engineer,60,566
233512 Mechanical Engineer,50,94
233512 Mechanical Engineer,100,51
233512 Mechanical Engineer,105,3
233512 Mechanical Engineer,40,8
233512 Mechanical Engineer,45,31
233512 Mechanical Engineer,30,1
233512 Mechanical Engineer,25,1
233512 Mechanical Engineer,35,4
233999 Engineering Professionals nec,65,167
233999 Engineering Professionals nec,75,207
233999 Engineering Professionals nec,70,177
233999 Engineering Professionals nec,80,237
233999 Engineering Professionals nec,95,68
233999 Engineering Professionals nec,90,116
233999 Engineering Professionals nec,85,210
233999 Engineering Professionals nec,55,50
233999 Engineering Professionals nec,60,63
233999 Engineering Professionals nec,50,12
233999 Engineering Professionals nec,100,20
233999 Engineering Professionals nec,105,7
233999 Engineering Professionals nec,40,1
233999 Engineering Professionals nec,45,1
234111 Agricultural Consultant,65,277
234111 Agricultural Consultant,75,137
234111 Agricultural Consultant,70,177
234111 Agricultural Consultant,80,100
234111 Agricultural Consultant,95,6
234111 Agricultural Consultant,90,9
234111 Agricultural Consultant,85,25
234111 Agricultural Consultant,55,36
234111 Agricultural Consultant,60,75
234111 Agricultural Consultant,50,16
234111 Agricultural Consultant,40,1
234111 Agricultural Consultant,45,6
234111 Agricultural Consultant,30,1
254418 Registered Nurse (Medical),65,454
254418 Registered Nurse (Medical),75,358
254418 Registered Nurse (Medical),70,406
254418 Registered Nurse (Medical),80,83
254418 Registered Nurse (Medical),90,6
254418 Registered Nurse (Medical),85,29
254418 Registered Nurse (Medical),55,77
254418 Registered Nurse (Medical),60,149
254418 Registered Nurse (Medical),50,34
254418 Registered Nurse (Medical),40,4
254418 Registered Nurse (Medical),45,6
254418 Registered Nurse (Medical),35,2
351311 Chef,65,2440
351311 Chef,75,2019
351311 Chef,70,2435
351311 Chef,80,1128
351311 Chef,95,72
351311 Chef,90,266
351311 Chef,85,542
351311 Chef,55,549
351311 Chef,60,1244
351311 Chef,50,212
351311 Chef,100,8
351311 Chef,105,3
351311 Chef,40,8
351311 Chef,45,52
351311 Chef,30,1
351311 Chef,35,3
233411 Electronics Engineer,65,454
233411 Electronics Engineer,75,424
233411 Electronics Engineer,70,414
233411 Electronics Engineer,80,341
233411 Electronics Engineer,95,302
233411 Electronics Engineer,90,155
233411 Electronics Engineer,85,294
233411 Electronics Engineer,55,127
233411 Electronics Engineer,60,206
233411 Electronics Engineer,50,41
233411 Electronics Engineer,100,5
233411 Electronics Engineer,40,6
233411 Electronics Engineer,45,10
233411 Electronics Engineer,25,1
233411 Electronics Engineer,35,1
323212 Fitter and Turner,65,3
323212 Fitter and Turner,70,5
323212 Fitter and Turner,55,7
323212 Fitter and Turner,60,9
323212 Fitter and Turner,50,8
323212 Fitter and Turner,40,2
323212 Fitter and Turner,45,3
261112 Systems Analyst,65,476
261112 Systems Analyst,75,807
261112 Systems Analyst,70,642
261112 Systems Analyst,80,799
261112 Systems Analyst,95,470
261112 Systems Analyst,90,788
261112 Systems Analyst,85,767
261112 Systems Analyst,55,68
261112 Systems Analyst,60,149
261112 Systems Analyst,50,21
261112 Systems Analyst,110,1
261112 Systems Analyst,100,178
261112 Systems Analyst,105,9
261112 Systems Analyst,40,3
261112 Systems Analyst,45,5
261112 Systems Analyst,30,1
233912 Agricultural Engineer,65,45
233912 Agricultural Engineer,75,29
233912 Agricultural Engineer,70,23
233912 Agricultural Engineer,80,11
233912 Agricultural Engineer,95,2
233912 Agricultural Engineer,90,4
233912 Agricultural Engineer,85,6
233912 Agricultural Engineer,55,9
233912 Agricultural Engineer,60,10
233912 Agricultural Engineer,50,3
233912 Agricultural Engineer,45,1
263111 Computer Network and Systems Engineer,65,412
263111 Computer Network and Systems Engineer,75,639
263111 Computer Network and Systems Engineer,70,487
263111 Computer Network and Systems Engineer,80,548
263111 Computer Network and Systems Engineer,95,246
263111 Computer Network and Systems Engineer,90,489
263111 Computer Network and Systems Engineer,85,512
263111 Computer Network and Systems Engineer,55,82
263111 Computer Network and Systems Engineer,60,141
263111 Computer Network and Systems Engineer,50,26
263111 Computer Network and Systems Engineer,100,129
263111 Computer Network and Systems Engineer,105,6
263111 Computer Network and Systems Engineer,40,4
263111 Computer Network and Systems Engineer,45,13
263111 Computer Network and Systems Engineer,30,2
263111 Computer Network and Systems Engineer,35,2
234211 Chemist,65,165
234211 Chemist,75,116
234211 Chemist,70,92
234211 Chemist,80,100
234211 Chemist,95,7
234211 Chemist,90,17
234211 Chemist,85,64
234211 Chemist,55,25
234211 Chemist,60,27
234211 Chemist,50,10
234211 Chemist,100,2
234211 Chemist,40,2
234211 Chemist,45,3
234211 Chemist,25,1
271311 Solicitor,65,117
271311 Solicitor,75,174
271311 Solicitor,70,120
271311 Solicitor,80,117
271311 Solicitor,95,3
271311 Solicitor,90,26
271311 Solicitor,85,77
271311 Solicitor,55,12
271311 Solicitor,60,29
271311 Solicitor,50,2
271311 Solicitor,100,1
271311 Solicitor,45,2
233111 Chemical Engineer,65,222
233111 Chemical Engineer,75,284
233111 Chemical Engineer,70,278
233111 Chemical Engineer,80,278
233111 Chemical Engineer,95,29
233111 Chemical Engineer,90,98
233111 Chemical Engineer,85,165
233111 Chemical Engineer,55,51
233111 Chemical Engineer,60,74
233111 Chemical Engineer,50,18
233111 Chemical Engineer,100,6
233111 Chemical Engineer,105,1
233111 Chemical Engineer,40,1
233111 Chemical Engineer,45,7
233111 Chemical Engineer,30,1
233914 Engineering Technologist,65,971
233914 Engineering Technologist,75,947
233914 Engineering Technologist,70,1043
233914 Engineering Technologist,80,759
233914 Engineering Technologist,95,146
233914 Engineering Technologist,90,409
233914 Engineering Technologist,85,730
233914 Engineering Technologist,55,258
233914 Engineering Technologist,60,452
233914 Engineering Technologist,50,81
233914 Engineering Technologist,100,52
233914 Engineering Technologist,105,2
233914 Engineering Technologist,40,6
233914 Engineering Technologist,45,38
233914 Engineering Technologist,30,3
233914 Engineering Technologist,35,3
312312 Electrical Engineering Technician,65,61
312312 Electrical Engineering Technician,75,41
312312 Electrical Engineering Technician,70,49
312312 Electrical Engineering Technician,80,13
312312 Electrical Engineering Technician,90,22
312312 Electrical Engineering Technician,85,25
312312 Electrical Engineering Technician,55,21
312312 Electrical Engineering Technician,60,25
312312 Electrical Engineering Technician,50,7
312312 Electrical Engineering Technician,40,1
233913 Biomedical Engineer,65,74
233913 Biomedical Engineer,75,72
233913 Biomedical Engineer,70,83
233913 Biomedical Engineer,80,86
233913 Biomedical Engineer,95,22
233913 Biomedical Engineer,90,41
233913 Biomedical Engineer,85,86
233913 Biomedical Engineer,55,17
233913 Biomedical Engineer,60,25
233913 Biomedical Engineer,50,7
233913 Biomedical Engineer,100,9
233913 Biomedical Engineer,105,2
233913 Biomedical Engineer,45,2
221214 Internal Auditor,65,151
221214 Internal Auditor,75,83
221214 Internal Auditor,70,112
221214 Internal Auditor,80,72
221214 Internal Auditor,95,11
221214 Internal Auditor,90,24
221214 Internal Auditor,85,62
221214 Internal Auditor,55,25
221214 Internal Auditor,60,28
221214 Internal Auditor,50,9
221214 Internal Auditor,100,2
221214 Internal Auditor,40,1
221214 Internal Auditor,45,3
323211 Fitter (General),65,53
323211 Fitter (General),75,32
323211 Fitter (General),70,58
323211 Fitter (General),80,12
323211 Fitter (General),85,4
323211 Fitter (General),55,24
323211 Fitter (General),60,65
323211 Fitter (General),50,37
323211 Fitter (General),40,3
323211 Fitter (General),45,7
323211 Fitter (General),30,1
323211 Fitter (General),35,2
261399 Software and Applications Programmers nec,65,345
261399 Software and Applications Programmers nec,75,546
261399 Software and Applications Programmers nec,70,433
261399 Software and Applications Programmers nec,80,536
261399 Software and Applications Programmers nec,95,424
261399 Software and Applications Programmers nec,90,701
261399 Software and Applications Programmers nec,85,578
261399 Software and Applications Programmers nec,55,42
261399 Software and Applications Programmers nec,60,87
261399 Software and Applications Programmers nec,50,18
261399 Software and Applications Programmers nec,110,1
261399 Software and Applications Programmers nec,100,197
261399 Software and Applications Programmers nec,105,35
261399 Software and Applications Programmers nec,40,1
261399 Software and Applications Programmers nec,45,6
233513 Production or Plant Engineer,65,127
233513 Production or Plant Engineer,75,132
233513 Production or Plant Engineer,70,128
233513 Production or Plant Engineer,80,90
233513 Production or Plant Engineer,95,18
233513 Production or Plant Engineer,90,36
233513 Production or Plant Engineer,85,87
233513 Production or Plant Engineer,55,26
233513 Production or Plant Engineer,60,41
233513 Production or Plant Engineer,50,15
233513 Production or Plant Engineer,40,2
233513 Production or Plant Engineer,45,2
233513 Production or Plant Engineer,30,1
233311 Electrical Engineer,65,723
233311 Electrical Engineer,75,746
233311 Electrical Engineer,70,747
233311 Electrical Engineer,80,634
233311 Electrical Engineer,95,102
233311 Electrical Engineer,90,297
233311 Electrical Engineer,85,459
233311 Electrical Engineer,55,214
233311 Electrical Engineer,60,314
233311 Electrical Engineer,50,74
233311 Electrical Engineer,100,24
233311 Electrical Engineer,105,3
233311 Electrical Engineer,40,7
233311 Electrical Engineer,45,20
233311 Electrical Engineer,120,1
233311 Electrical Engineer,35,1
232111 Architect,65,159
232111 Architect,75,260
232111 Architect,70,226
232111 Architect,80,223
232111 Architect,95,3
232111 Architect,90,28
232111 Architect,85,145
232111 Architect,55,22
232111 Architect,60,66
232111 Architect,50,2
232111 Architect,45,3
234212 Food Technologist,65,116
234212 Food Technologist,75,159
234212 Food Technologist,70,133
234212 Food Technologist,80,111
234212 Food Technologist,95,8
234212 Food Technologist,90,30
234212 Food Technologist,85,89
234212 Food Technologist,55,21
234212 Food Technologist,60,53
234212 Food Technologist,50,7
234212 Food Technologist,40,1
234212 Food Technologist,45,1
221112 Management Accountant,65,222
221112 Management Accountant,75,341
221112 Management Accountant,70,318
221112 Management Accountant,80,272
221112 Management Accountant,95,74
221112 Management Accountant,90,163
221112 Management Accountant,85,225
221112 Management Accountant,55,21
221112 Management Accountant,60,51
221112 Management Accountant,50,18
221112 Management Accountant,100,32
221112 Management Accountant,105,1
221112 Management Accountant,45,2
221112 Management Accountant,35,1
312311 Electrical Engineering Draftsperson,65,33
312311 Electrical Engineering Draftsperson,75,26
312311 Electrical Engineering Draftsperson,70,46
312311 Electrical Engineering Draftsperson,80,12
312311 Electrical Engineering Draftsperson,90,2
312311 Electrical Engineering Draftsperson,85,12
312311 Electrical Engineering Draftsperson,55,6
312311 Electrical Engineering Draftsperson,60,14
312311 Electrical Engineering Draftsperson,50,4
312311 Electrical Engineering Draftsperson,45,1
224711 Management Consultant,65,90
224711 Management Consultant,75,136
224711 Management Consultant,70,95
224711 Management Consultant,80,100
224711 Management Consultant,95,10
224711 Management Consultant,90,36
224711 Management Consultant,85,64
224711 Management Consultant,55,13
224711 Management Consultant,60,25
224711 Management Consultant,50,3
224711 Management Consultant,105,1
224711 Management Consultant,45,3
234711 Veterinarian,65,22
234711 Veterinarian,75,55
234711 Veterinarian,70,29
234711 Veterinarian,80,30
234711 Veterinarian,95,1
234711 Veterinarian,90,13
234711 Veterinarian,85,32
234711 Veterinarian,55,7
234711 Veterinarian,60,8
241411 Secondary School Teacher,65,617
241411 Secondary School Teacher,75,657
241411 Secondary School Teacher,70,665
241411 Secondary School Teacher,80,257
241411 Secondary School Teacher,95,3
241411 Secondary School Teacher,90,23
241411 Secondary School Teacher,85,70
241411 Secondary School Teacher,55,91
241411 Secondary School Teacher,60,218
241411 Secondary School Teacher,50,33
241411 Secondary School Teacher,100,1
241411 Secondary School Teacher,40,3
241411 Secondary School Teacher,45,9
134111 Child Care Centre Manager,65,11
134111 Child Care Centre Manager,75,6
134111 Child Care Centre Manager,70,9
134111 Child Care Centre Manager,95,1
134111 Child Care Centre Manager,85,1
134111 Child Care Centre Manager,55,2
134111 Child Care Centre Manager,60,7
134111 Child Care Centre Manager,50,8
224111 Actuary,65,10
224111 Actuary,75,45
224111 Actuary,70,32
224111 Actuary,80,55
224111 Actuary,95,4
224111 Actuary,90,22
224111 Actuary,85,41
224111 Actuary,55,1
224111 Actuary,60,7
224111 Actuary,45,1
333111 Glazier,65,5
333111 Glazier,75,8
333111 Glazier,70,1
333111 Glazier,80,1
333111 Glazier,55,1
333111 Glazier,60,1
242111 University Lecturer,65,431
242111 University Lecturer,75,380
242111 University Lecturer,70,436
242111 University Lecturer,80,287
242111 University Lecturer,95,100
242111 University Lecturer,90,212
242111 University Lecturer,85,253
242111 University Lecturer,55,74
242111 University Lecturer,60,176
242111 University Lecturer,50,37
242111 University Lecturer,110,1
242111 University Lecturer,100,51
242111 University Lecturer,105,12
242111 University Lecturer,40,2
242111 University Lecturer,45,6
263312 Telecommunications Network Engineer,65,54
263312 Telecommunications Network Engineer,75,47
263312 Telecommunications Network Engineer,70,58
263312 Telecommunications Network Engineer,80,46
263312 Telecommunications Network Engineer,95,8
263312 Telecommunications Network Engineer,90,26
263312 Telecommunications Network Engineer,85,44
263312 Telecommunications Network Engineer,55,7
263312 Telecommunications Network Engineer,60,27
263312 Telecommunications Network Engineer,50,2
263312 Telecommunications Network Engineer,100,1
133211 Engineering Manager,65,75
133211 Engineering Manager,75,56
133211 Engineering Manager,70,69
133211 Engineering Manager,80,21
133211 Engineering Manager,90,1
133211 Engineering Manager,85,6
133211 Engineering Manager,55,30
133211 Engineering Manager,60,26
133211 Engineering Manager,50,2
133211 Engineering Manager,40,2
133211 Engineering Manager,45,4
233213 Quantity Surveyor,65,179
233213 Quantity Surveyor,75,216
233213 Quantity Surveyor,70,215
233213 Quantity Surveyor,80,158
233213 Quantity Surveyor,95,9
233213 Quantity Surveyor,90,64
233213 Quantity Surveyor,85,115
233213 Quantity Surveyor,55,35
233213 Quantity Surveyor,60,64
233213 Quantity Surveyor,50,6
233213 Quantity Surveyor,100,2
233213 Quantity Surveyor,45,3
234599 Life Scientists nec,65,13
234599 Life Scientists nec,75,15
234599 Life Scientists nec,70,15
234599 Life Scientists nec,80,18
234599 Life Scientists nec,95,8
234599 Life Scientists nec,90,21
234599 Life Scientists nec,85,8
234599 Life Scientists nec,55,3
234599 Life Scientists nec,60,2
234599 Life Scientists nec,50,2
234599 Life Scientists nec,110,1
234599 Life Scientists nec,100,1
254422 Registered Nurse (Mental Health),65,46
254422 Registered Nurse (Mental Health),75,134
254422 Registered Nurse (Mental Health),70,98
254422 Registered Nurse (Mental Health),80,38
254422 Registered Nurse (Mental Health),90,2
254422 Registered Nurse (Mental Health),85,11
254422 Registered Nurse (Mental Health),55,22
254422 Registered Nurse (Mental Health),60,25
254422 Registered Nurse (Mental Health),50,2
254422 Registered Nurse (Mental Health),45,1
312211 Civil Engineering Draftsperson,65,1150
312211 Civil Engineering Draftsperson,75,994
312211 Civil Engineering Draftsperson,70,1298
312211 Civil Engineering Draftsperson,80,605
312211 Civil Engineering Draftsperson,95,12
312211 Civil Engineering Draftsperson,90,78
312211 Civil Engineering Draftsperson,85,445
312211 Civil Engineering Draftsperson,55,274
312211 Civil Engineering Draftsperson,60,544
312211 Civil Engineering Draftsperson,50,126
312211 Civil Engineering Draftsperson,100,1
312211 Civil Engineering Draftsperson,40,23
312211 Civil Engineering Draftsperson,45,28
312211 Civil Engineering Draftsperson,25,1
312211 Civil Engineering Draftsperson,35,4
321212 Diesel Motor Mechanic,65,59
321212 Diesel Motor Mechanic,75,36
321212 Diesel Motor Mechanic,70,32
321212 Diesel Motor Mechanic,80,16
321212 Diesel Motor Mechanic,95,4
321212 Diesel Motor Mechanic,90,1
321212 Diesel Motor Mechanic,85,4
321212 Diesel Motor Mechanic,55,39
321212 Diesel Motor Mechanic,60,35
321212 Diesel Motor Mechanic,50,9
321212 Diesel Motor Mechanic,40,3
321212 Diesel Motor Mechanic,45,4
321212 Diesel Motor Mechanic,125,1
234511 Life Scientist (General),65,36
234511 Life Scientist (General),75,48
234511 Life Scientist (General),70,34
234511 Life Scientist (General),80,38
234511 Life Scientist (General),95,12
234511 Life Scientist (General),90,37
234511 Life Scientist (General),85,55
234511 Life Scientist (General),55,7
234511 Life Scientist (General),60,17
234511 Life Scientist (General),50,1
234511 Life Scientist (General),110,1
234511 Life Scientist (General),100,5
234511 Life Scientist (General),105,3
234511 Life Scientist (General),45,1
254423 Registered Nurse (Perioperative),65,159
254423 Registered Nurse (Perioperative),75,117
254423 Registered Nurse (Perioperative),70,121
254423 Registered Nurse (Perioperative),80,35
254423 Registered Nurse (Perioperative),95,1
254423 Registered Nurse (Perioperative),90,1
254423 Registered Nurse (Perioperative),85,6
254423 Registered Nurse (Perioperative),55,25
254423 Registered Nurse (Perioperative),60,53
254423 Registered Nurse (Perioperative),50,10
254423 Registered Nurse (Perioperative),40,2
254423 Registered Nurse (Perioperative),45,1
233212 Geotechnical Engineer,65,30
233212 Geotechnical Engineer,75,53
233212 Geotechnical Engineer,70,56
233212 Geotechnical Engineer,80,35
233212 Geotechnical Engineer,95,5
233212 Geotechnical Engineer,90,22
233212 Geotechnical Engineer,85,30
233212 Geotechnical Engineer,55,1
233212 Geotechnical Engineer,60,14
233212 Geotechnical Engineer,50,2
233212 Geotechnical Engineer,100,2
233212 Geotechnical Engineer,40,1
232212 Surveyor,65,59
232212 Surveyor,75,24
232212 Surveyor,70,39
232212 Surveyor,80,6
232212 Surveyor,90,2
232212 Surveyor,85,7
232212 Surveyor,55,14
232212 Surveyor,60,27
232212 Surveyor,50,1
232212 Surveyor,40,1
254499 Registered Nurses nec,65,1493
254499 Registered Nurses nec,75,2006
254499 Registered Nurses nec,70,2015
254499 Registered Nurses nec,80,719
254499 Registered Nurses nec,95,2
254499 Registered Nurses nec,90,36
254499 Registered Nurses nec,85,171
254499 Registered Nurses nec,55,172
254499 Registered Nurses nec,60,473
254499 Registered Nurses nec,50,68
254499 Registered Nurses nec,100,1
254499 Registered Nurses nec,40,7
254499 Registered Nurses nec,45,19
254499 Registered Nurses nec,30,1
254499 Registered Nurses nec,120,1
254499 Registered Nurses nec,35,4
221113 Taxation Accountant,65,221
221113 Taxation Accountant,75,377
221113 Taxation Accountant,70,356
221113 Taxation Accountant,80,304
221113 Taxation Accountant,95,124
221113 Taxation Accountant,90,222
221113 Taxation Accountant,85,331
221113 Taxation Accountant,55,13
221113 Taxation Accountant,60,51
221113 Taxation Accountant,50,13
221113 Taxation Accountant,100,40
221113 Taxation Accountant,105,2
221113 Taxation Accountant,45,1
323313 Locksmith,65,3
323313 Locksmith,75,2
323313 Locksmith,70,3
323313 Locksmith,55,2
323313 Locksmith,60,1
323313 Locksmith,45,1
224512 Valuer,65,16
224512 Valuer,75,28
224512 Valuer,70,12
224512 Valuer,80,11
224512 Valuer,85,4
224512 Valuer,55,2
224512 Valuer,60,1
224512 Valuer,50,1
224512 Valuer,40,1
224512 Valuer,30,1
261311 Analyst Programmer,65,450
261311 Analyst Programmer,75,761
261311 Analyst Programmer,70,555
261311 Analyst Programmer,80,796
261311 Analyst Programmer,95,561
261311 Analyst Programmer,90,1069
261311 Analyst Programmer,85,871
261311 Analyst Programmer,55,53
261311 Analyst Programmer,60,153
261311 Analyst Programmer,50,31
261311 Analyst Programmer,110,2
261311 Analyst Programmer,100,212
261311 Analyst Programmer,105,19
261311 Analyst Programmer,45,2
261311 Analyst Programmer,30,1
234516 Marine Biologist,65,10
234516 Marine Biologist,75,6
234516 Marine Biologist,70,3
234516 Marine Biologist,80,12
234516 Marine Biologist,95,4
234516 Marine Biologist,90,8
234516 Marine Biologist,85,6
234516 Marine Biologist,55,1
234516 Marine Biologist,60,2
234516 Marine Biologist,105,2
233215 Transport Engineer,65,42
233215 Transport Engineer,75,41
233215 Transport Engineer,70,27
233215 Transport Engineer,80,36
233215 Transport Engineer,95,6
233215 Transport Engineer,90,5
233215 Transport Engineer,85,21
233215 Transport Engineer,55,7
233215 Transport Engineer,60,7
233215 Transport Engineer,100,3
233214 Structural Engineer,65,119
233214 Structural Engineer,75,131
233214 Structural Engineer,70,131
233214 Structural Engineer,80,103
233214 Structural Engineer,95,11
233214 Structural Engineer,90,60
233214 Structural Engineer,85,84
233214 Structural Engineer,55,14
233214 Structural Engineer,60,28
233214 Structural Engineer,50,14
233214 Structural Engineer,110,1
233214 Structural Engineer,100,3
233214 Structural Engineer,45,4
233611 Mining Engineer (excluding Petroleum),65,142
233611 Mining Engineer (excluding Petroleum),75,97
233611 Mining Engineer (excluding Petroleum),70,100
233611 Mining Engineer (excluding Petroleum),80,50
233611 Mining Engineer (excluding Petroleum),95,3
233611 Mining Engineer (excluding Petroleum),90,8
233611 Mining Engineer (excluding Petroleum),85,25
233611 Mining Engineer (excluding Petroleum),55,17
233611 Mining Engineer (excluding Petroleum),60,35
233611 Mining Engineer (excluding Petroleum),50,12
233611 Mining Engineer (excluding Petroleum),45,4
254417 Registered Nurse (Disability and Rehabilitation),65,29
254417 Registered Nurse (Disability and Rehabilitation),75,29
254417 Registered Nurse (Disability and Rehabilitation),70,23
254417 Registered Nurse (Disability and Rehabilitation),80,12
254417 Registered Nurse (Disability and Rehabilitation),85,3
254417 Registered Nurse (Disability and Rehabilitation),55,3
254417 Registered Nurse (Disability and Rehabilitation),60,5
254417 Registered Nurse (Disability and Rehabilitation),50,1
254417 Registered Nurse (Disability and Rehabilitation),45,2
261211 Multimedia Specialist,65,45
261211 Multimedia Specialist,75,60
261211 Multimedia Specialist,70,68
261211 Multimedia Specialist,80,52
261211 Multimedia Specialist,95,44
261211 Multimedia Specialist,90,116
261211 Multimedia Specialist,85,75
261211 Multimedia Specialist,55,6
261211 Multimedia Specialist,60,10
261211 Multimedia Specialist,50,12
261211 Multimedia Specialist,100,8
261211 Multimedia Specialist,40,1
263311 Telecommunications Engineer,65,164
263311 Telecommunications Engineer,75,243
263311 Telecommunications Engineer,70,146
263311 Telecommunications Engineer,80,169
263311 Telecommunications Engineer,95,21
263311 Telecommunications Engineer,90,83
263311 Telecommunications Engineer,85,137
263311 Telecommunications Engineer,55,63
263311 Telecommunications Engineer,60,91
263311 Telecommunications Engineer,50,22
263311 Telecommunications Engineer,100,4
263311 Telecommunications Engineer,40,5
263311 Telecommunications Engineer,45,8
263311 Telecommunications Engineer,35,1
322313 Welder (First Class),65,138
322313 Welder (First Class),75,96
322313 Welder (First Class),70,106
322313 Welder (First Class),80,55
322313 Welder (First Class),90,6
322313 Welder (First Class),85,10
322313 Welder (First Class),55,25
322313 Welder (First Class),60,55
322313 Welder (First Class),50,5
322313 Welder (First Class),45,3
322313 Welder (First Class),30,2
234912 Metallurgist,65,33
234912 Metallurgist,75,30
234912 Metallurgist,70,29
234912 Metallurgist,80,7
234912 Metallurgist,85,3
234912 Metallurgist,55,4
234912 Metallurgist,60,8
234912 Metallurgist,50,4
234912 Metallurgist,105,1
234912 Metallurgist,40,1
232214 Other Spatial Scientist,65,18
232214 Other Spatial Scientist,75,26
232214 Other Spatial Scientist,70,27
232214 Other Spatial Scientist,80,17
232214 Other Spatial Scientist,90,3
232214 Other Spatial Scientist,85,17
232214 Other Spatial Scientist,55,5
232214 Other Spatial Scientist,60,15
232214 Other Spatial Scientist,50,3
133111 Construction Project Manager,65,509
133111 Construction Project Manager,75,531
133111 Construction Project Manager,70,536
133111 Construction Project Manager,80,276
133111 Construction Project Manager,95,13
133111 Construction Project Manager,90,32
133111 Construction Project Manager,85,90
133111 Construction Project Manager,55,96
133111 Construction Project Manager,60,153
133111 Construction Project Manager,50,21
133111 Construction Project Manager,100,1
133111 Construction Project Manager,40,8
133111 Construction Project Manager,45,12
133111 Construction Project Manager,35,2
253111 General Practitioner,65,93
253111 General Practitioner,75,220
253111 General Practitioner,70,173
253111 General Practitioner,80,128
253111 General Practitioner,95,2
253111 General Practitioner,90,18
253111 General Practitioner,85,58
253111 General Practitioner,55,14
253111 General Practitioner,60,46
253111 General Practitioner,50,4
253111 General Practitioner,40,1
253111 General Practitioner,45,1
253111 General Practitioner,125,1
234313 Environmental Research Scientist,65,18
234313 Environmental Research Scientist,75,24
234313 Environmental Research Scientist,70,31
234313 Environmental Research Scientist,80,16
234313 Environmental Research Scientist,95,3
234313 Environmental Research Scientist,90,9
234313 Environmental Research Scientist,85,18
234313 Environmental Research Scientist,55,6
234313 Environmental Research Scientist,60,11
234313 Environmental Research Scientist,100,1
234313 Environmental Research Scientist,45,1
233911 Aeronautical Engineer,65,50
233911 Aeronautical Engineer,75,63
233911 Aeronautical Engineer,70,56
233911 Aeronautical Engineer,80,77
233911 Aeronautical Engineer,95,8
233911 Aeronautical Engineer,90,25
233911 Aeronautical Engineer,85,60
233911 Aeronautical Engineer,55,10
233911 Aeronautical Engineer,60,29
233911 Aeronautical Engineer,50,16
233911 Aeronautical Engineer,100,2
233911 Aeronautical Engineer,105,3
233911 Aeronautical Engineer,45,2
233911 Aeronautical Engineer,30,1
234112 Agricultural Scientist,65,48
234112 Agricultural Scientist,75,45
234112 Agricultural Scientist,70,58
234112 Agricultural Scientist,80,42
234112 Agricultural Scientist,95,9
234112 Agricultural Scientist,90,13
234112 Agricultural Scientist,85,22
234112 Agricultural Scientist,55,6
234112 Agricultural Scientist,60,13
234112 Agricultural Scientist,50,7
234112 Agricultural Scientist,100,4
234112 Agricultural Scientist,45,1
234113 Forester,65,25
234113 Forester,75,15
234113 Forester,70,13
234113 Forester,80,2
234113 Forester,85,3
234113 Forester,55,2
234113 Forester,60,5
234113 Forester,50,1
271111 Barrister,65,1
271111 Barrister,75,1
271111 Barrister,70,1
271111 Barrister,80,4
271111 Barrister,85,1
271111 Barrister,55,1
313213 Telecommunications Network Planner,65,105
313213 Telecommunications Network Planner,75,65
313213 Telecommunications Network Planner,70,95
313213 Telecommunications Network Planner,80,43
313213 Telecommunications Network Planner,90,11
313213 Telecommunications Network Planner,85,22
313213 Telecommunications Network Planner,55,37
313213 Telecommunications Network Planner,60,64
313213 Telecommunications Network Planner,50,23
313213 Telecommunications Network Planner,40,3
313213 Telecommunications Network Planner,45,8
313213 Telecommunications Network Planner,35,1
331212 Carpenter,65,490
331212 Carpenter,75,74
331212 Carpenter,70,200
331212 Carpenter,80,23
331212 Carpenter,90,4
331212 Carpenter,85,5
331212 Carpenter,55,113
331212 Carpenter,60,234
331212 Carpenter,50,24
331212 Carpenter,100,1
331212 Carpenter,40,3
331212 Carpenter,45,10
331212 Carpenter,30,1
272511 Social Worker,65,250
272511 Social Worker,75,416
272511 Social Worker,70,437
272511 Social Worker,80,158
272511 Social Worker,90,7
272511 Social Worker,85,56
272511 Social Worker,55,27
272511 Social Worker,60,46
272511 Social Worker,50,7
272511 Social Worker,40,1
272511 Social Worker,45,3
332211 Painting Trades Worker,65,423
332211 Painting Trades Worker,75,186
332211 Painting Trades Worker,70,341
332211 Painting Trades Worker,80,90
332211 Painting Trades Worker,90,5
332211 Painting Trades Worker,85,22
332211 Painting Trades Worker,55,71
332211 Painting Trades Worker,60,173
332211 Painting Trades Worker,50,25
332211 Painting Trades Worker,40,5
332211 Painting Trades Worker,45,6
332211 Painting Trades Worker,35,1
342313 Electronic Equipment Trades Worker,65,59
342313 Electronic Equipment Trades Worker,75,34
342313 Electronic Equipment Trades Worker,70,49
342313 Electronic Equipment Trades Worker,80,13
342313 Electronic Equipment Trades Worker,90,1
342313 Electronic Equipment Trades Worker,85,2
342313 Electronic Equipment Trades Worker,55,39
342313 Electronic Equipment Trades Worker,60,19
342313 Electronic Equipment Trades Worker,50,2
342313 Electronic Equipment Trades Worker,45,4
233612 Petroleum Engineer,65,51
233612 Petroleum Engineer,75,54
233612 Petroleum Engineer,70,58
233612 Petroleum Engineer,80,46
233612 Petroleum Engineer,95,1
233612 Petroleum Engineer,90,6
233612 Petroleum Engineer,85,14
233612 Petroleum Engineer,55,17
233612 Petroleum Engineer,60,19
233612 Petroleum Engineer,50,7
233612 Petroleum Engineer,40,1
233612 Petroleum Engineer,45,2
252111 Chiropractor,65,9
252111 Chiropractor,75,78
252111 Chiropractor,70,16
252111 Chiropractor,80,13
252111 Chiropractor,85,5
252111 Chiropractor,60,3
252111 Chiropractor,50,2
313212 Telecommunications Field Engineer,65,29
313212 Telecommunications Field Engineer,75,29
313212 Telecommunications Field Engineer,70,33
313212 Telecommunications Field Engineer,80,17
313212 Telecommunications Field Engineer,90,13
313212 Telecommunications Field Engineer,85,10
313212 Telecommunications Field Engineer,55,8
313212 Telecommunications Field Engineer,60,13
313212 Telecommunications Field Engineer,50,1
313212 Telecommunications Field Engineer,40,1
233915 Environmental Engineer,65,62
233915 Environmental Engineer,75,73
233915 Environmental Engineer,70,55
233915 Environmental Engineer,80,77
233915 Environmental Engineer,95,17
233915 Environmental Engineer,90,40
233915 Environmental Engineer,85,62
233915 Environmental Engineer,55,19
233915 Environmental Engineer,60,23
233915 Environmental Engineer,50,2
233915 Environmental Engineer,100,1
233915 Environmental Engineer,45,1
394111 Cabinetmaker,65,44
394111 Cabinetmaker,75,23
394111 Cabinetmaker,70,45
394111 Cabinetmaker,80,7
394111 Cabinetmaker,85,5
394111 Cabinetmaker,55,5
394111 Cabinetmaker,60,13
394111 Cabinetmaker,50,8
394111 Cabinetmaker,45,2
254415 Registered Nurse (Critical Care and Emergency),65,490
254415 Registered Nurse (Critical Care and Emergency),75,335
254415 Registered Nurse (Critical Care and Emergency),70,368
254415 Registered Nurse (Critical Care and Emergency),80,82
254415 Registered Nurse (Critical Care and Emergency),95,2
254415 Registered Nurse (Critical Care and Emergency),90,2
254415 Registered Nurse (Critical Care and Emergency),85,22
254415 Registered Nurse (Critical Care and Emergency),55,127
254415 Registered Nurse (Critical Care and Emergency),60,141
254415 Registered Nurse (Critical Care and Emergency),50,34
254415 Registered Nurse (Critical Care and Emergency),40,6
254415 Registered Nurse (Critical Care and Emergency),45,16
254415 Registered Nurse (Critical Care and Emergency),35,3
224311 Economist,65,40
224311 Economist,75,31
224311 Economist,70,32
224311 Economist,80,40
224311 Economist,90,9
224311 Economist,85,18
224311 Economist,55,6
224311 Economist,60,13
224311 Economist,100,1
224311 Economist,105,1
224311 Economist,45,1
234514 Biotechnologist,65,53
234514 Biotechnologist,75,97
234514 Biotechnologist,70,67
234514 Biotechnologist,80,75
234514 Biotechnologist,95,11
234514 Biotechnologist,90,67
234514 Biotechnologist,85,72
234514 Biotechnologist,55,13
234514 Biotechnologist,60,22
234514 Biotechnologist,50,2
234514 Biotechnologist,100,4
234514 Biotechnologist,45,2
331111 Bricklayer,65,72
331111 Bricklayer,75,18
331111 Bricklayer,70,31
331111 Bricklayer,80,3
331111 Bricklayer,85,1
331111 Bricklayer,55,25
331111 Bricklayer,60,35
331111 Bricklayer,50,16
331111 Bricklayer,40,1
331111 Bricklayer,45,3
139912 Environmental Manager,65,28
139912 Environmental Manager,75,43
139912 Environmental Manager,70,35
139912 Environmental Manager,80,14
139912 Environmental Manager,90,2
139912 Environmental Manager,85,8
139912 Environmental Manager,55,8
139912 Environmental Manager,60,23
139912 Environmental Manager,50,4
139912 Environmental Manager,40,1
139912 Environmental Manager,45,1
233511 Industrial Engineer,65,150
233511 Industrial Engineer,75,121
233511 Industrial Engineer,70,120
233511 Industrial Engineer,80,94
233511 Industrial Engineer,95,18
233511 Industrial Engineer,90,48
233511 Industrial Engineer,85,79
233511 Industrial Engineer,55,23
233511 Industrial Engineer,60,41
233511 Industrial Engineer,50,9
233511 Industrial Engineer,100,1
233511 Industrial Engineer,40,2
233511 Industrial Engineer,45,4
139911 Arts Administrator or Manager,65,7
139911 Arts Administrator or Manager,75,5
139911 Arts Administrator or Manager,70,7
139911 Arts Administrator or Manager,80,3
139911 Arts Administrator or Manager,90,1
139911 Arts Administrator or Manager,85,2
139911 Arts Administrator or Manager,55,11
139911 Arts Administrator or Manager,60,2
254412 Registered Nurse (Aged Care),65,351
254412 Registered Nurse (Aged Care),75,564
254412 Registered Nurse (Aged Care),70,494
254412 Registered Nurse (Aged Care),80,177
254412 Registered Nurse (Aged Care),90,3
254412 Registered Nurse (Aged Care),85,37
254412 Registered Nurse (Aged Care),55,40
254412 Registered Nurse (Aged Care),60,99
254412 Registered Nurse (Aged Care),50,16
254412 Registered Nurse (Aged Care),110,1
254412 Registered Nurse (Aged Care),105,1
254412 Registered Nurse (Aged Care),40,2
254412 Registered Nurse (Aged Care),45,10
254412 Registered Nurse (Aged Care),35,1
253999 Medical Practitioners nec,65,84
253999 Medical Practitioners nec,75,162
253999 Medical Practitioners nec,70,120
253999 Medical Practitioners nec,80,98
253999 Medical Practitioners nec,90,19
253999 Medical Practitioners nec,85,57
253999 Medical Practitioners nec,55,8
253999 Medical Practitioners nec,60,24
253999 Medical Practitioners nec,50,3
234412 Geophysicist,65,11
234412 Geophysicist,75,12
234412 Geophysicist,70,7
234412 Geophysicist,80,6
234412 Geophysicist,90,5
234412 Geophysicist,85,3
234412 Geophysicist,55,4
234412 Geophysicist,60,4
224113 Statistician,65,73
224113 Statistician,75,117
224113 Statistician,70,71
224113 Statistician,80,112
224113 Statistician,95,27
224113 Statistician,90,93
224113 Statistician,85,129
224113 Statistician,55,10
224113 Statistician,60,27
224113 Statistician,50,1
224113 Statistician,100,5
224113 Statistician,105,3
224113 Statistician,45,2
341111 Electrician (General),65,98
341111 Electrician (General),75,15
341111 Electrician (General),70,37
341111 Electrician (General),80,5
341111 Electrician (General),85,1
341111 Electrician (General),55,34
341111 Electrician (General),60,62
341111 Electrician (General),50,41
341111 Electrician (General),40,1
341111 Electrician (General),45,7
341111 Electrician (General),35,2
252511 Physiotherapist,65,113
252511 Physiotherapist,75,183
252511 Physiotherapist,70,168
252511 Physiotherapist,80,77
252511 Physiotherapist,95,2
252511 Physiotherapist,90,6
252511 Physiotherapist,85,33
252511 Physiotherapist,55,26
252511 Physiotherapist,60,21
252511 Physiotherapist,50,7
252511 Physiotherapist,40,2
252511 Physiotherapist,45,2
251211 Medical Diagnostic Radiographer,65,28
251211 Medical Diagnostic Radiographer,75,62
251211 Medical Diagnostic Radiographer,70,51
251211 Medical Diagnostic Radiographer,80,12
251211 Medical Diagnostic Radiographer,90,1
251211 Medical Diagnostic Radiographer,85,4
251211 Medical Diagnostic Radiographer,55,4
251211 Medical Diagnostic Radiographer,60,4
232213 Cartographer,75,1
232213 Cartographer,70,3
232213 Cartographer,85,1
232213 Cartographer,55,1
232213 Cartographer,60,2
342315 Electronic Instrument Trades Worker (Special Class),65,20
342315 Electronic Instrument Trades Worker (Special Class),75,13
342315 Electronic Instrument Trades Worker (Special Class),70,12
342315 Electronic Instrument Trades Worker (Special Class),80,3
342315 Electronic Instrument Trades Worker (Special Class),55,1
342315 Electronic Instrument Trades Worker (Special Class),60,5
342315 Electronic Instrument Trades Worker (Special Class),50,1
312212 Civil Engineering Technician,65,433
312212 Civil Engineering Technician,75,417
312212 Civil Engineering Technician,70,429
312212 Civil Engineering Technician,80,288
312212 Civil Engineering Technician,95,14
312212 Civil Engineering Technician,90,92
312212 Civil Engineering Technician,85,190
312212 Civil Engineering Technician,55,118
312212 Civil Engineering Technician,60,165
312212 Civil Engineering Technician,50,43
312212 Civil Engineering Technician,100,1
312212 Civil Engineering Technician,105,1
312212 Civil Engineering Technician,40,5
312212 Civil Engineering Technician,45,16
312212 Civil Engineering Technician,35,1
253912 Emergency Medicine Specialist,65,7
253912 Emergency Medicine Specialist,75,12
253912 Emergency Medicine Specialist,70,9
253912 Emergency Medicine Specialist,80,8
253912 Emergency Medicine Specialist,90,3
253912 Emergency Medicine Specialist,85,2
253912 Emergency Medicine Specialist,55,2
253912 Emergency Medicine Specialist,60,1
234312 Environmental Consultant,65,87
234312 Environmental Consultant,75,89
234312 Environmental Consultant,70,95
234312 Environmental Consultant,80,53
234312 Environmental Consultant,95,1
234312 Environmental Consultant,90,16
234312 Environmental Consultant,85,46
234312 Environmental Consultant,55,6
234312 Environmental Consultant,60,27
234312 Environmental Consultant,50,3
234312 Environmental Consultant,100,1
234312 Environmental Consultant,40,2
234312 Environmental Consultant,45,1
234517 Microbiologist,65,70
234517 Microbiologist,75,63
234517 Microbiologist,70,70
234517 Microbiologist,80,26
234517 Microbiologist,95,7
234517 Microbiologist,90,17
234517 Microbiologist,85,34
234517 Microbiologist,55,24
234517 Microbiologist,60,26
234517 Microbiologist,50,2
234517 Microbiologist,100,1
234517 Microbiologist,45,8
322211 Sheetmetal Trades Worker,65,4
322211 Sheetmetal Trades Worker,75,3
322211 Sheetmetal Trades Worker,70,2
322211 Sheetmetal Trades Worker,80,2
322211 Sheetmetal Trades Worker,85,1
322211 Sheetmetal Trades Worker,60,1
232112 Landscape Architect,65,44
232112 Landscape Architect,75,51
232112 Landscape Architect,70,56
232112 Landscape Architect,80,37
232112 Landscape Architect,90,5
232112 Landscape Architect,85,25
232112 Landscape Architect,55,4
232112 Landscape Architect,60,19
232112 Landscape Architect,50,2
252712 Speech Pathologist,65,22
252712 Speech Pathologist,75,47
252712 Speech Pathologist,70,33
252712 Speech Pathologist,80,23
252712 Speech Pathologist,90,2
252712 Speech Pathologist,85,13
252712 Speech Pathologist,55,3
252712 Speech Pathologist,60,7
252712 Speech Pathologist,50,3
322311 Metal Fabricator,65,71
322311 Metal Fabricator,75,36
322311 Metal Fabricator,70,58
322311 Metal Fabricator,80,18
322311 Metal Fabricator,90,1
322311 Metal Fabricator,55,17
322311 Metal Fabricator,60,31
322311 Metal Fabricator,50,12
322311 Metal Fabricator,40,3
322311 Metal Fabricator,45,7
234999 Natural and Physical Science Professionals nec,65,4
234999 Natural and Physical Science Professionals nec,75,5
234999 Natural and Physical Science Professionals nec,70,1
234999 Natural and Physical Science Professionals nec,80,1
234999 Natural and Physical Science Professionals nec,95,1
234999 Natural and Physical Science Professionals nec,90,1
234999 Natural and Physical Science Professionals nec,85,6
234999 Natural and Physical Science Professionals nec,60,1
234914 Physicist,65,14
234914 Physicist,75,15
234914 Physicist,70,11
234914 Physicist,80,10
234914 Physicist,95,2
234914 Physicist,90,2
234914 Physicist,85,10
234914 Physicist,55,2
234914 Physicist,60,2
234914 Physicist,100,3
234914 Physicist,105,1
233112 Materials Engineer,65,51
233112 Materials Engineer,75,44
233112 Materials Engineer,70,39
233112 Materials Engineer,80,62
233112 Materials Engineer,95,7
233112 Materials Engineer,90,21
233112 Materials Engineer,85,42
233112 Materials Engineer,55,5
233112 Materials Engineer,60,18
233112 Materials Engineer,50,4
233112 Materials Engineer,100,2
233112 Materials Engineer,45,2
252411 Occupational Therapist,65,82
252411 Occupational Therapist,75,174
252411 Occupational Therapist,70,153
252411 Occupational Therapist,80,45
252411 Occupational Therapist,95,1
252411 Occupational Therapist,90,2
252411 Occupational Therapist,85,15
252411 Occupational Therapist,55,13
252411 Occupational Therapist,60,20
252411 Occupational Therapist,50,5
252411 Occupational Therapist,40,1
252411 Occupational Therapist,45,2
252411 Occupational Therapist,115,3
342111 Airconditioning and Refrigeration Mechanic,65,18
342111 Airconditioning and Refrigeration Mechanic,75,5
342111 Airconditioning and Refrigeration Mechanic,70,11
342111 Airconditioning and Refrigeration Mechanic,80,1
342111 Airconditioning and Refrigeration Mechanic,55,6
342111 Airconditioning and Refrigeration Mechanic,60,6
342111 Airconditioning and Refrigeration Mechanic,50,3
342111 Airconditioning and Refrigeration Mechanic,45,1
342111 Airconditioning and Refrigeration Mechanic,35,1
234513 Biochemist,65,19
234513 Biochemist,75,24
234513 Biochemist,70,17
234513 Biochemist,80,10
234513 Biochemist,95,8
234513 Biochemist,90,5
234513 Biochemist,85,13
234513 Biochemist,55,3
234513 Biochemist,60,7
234513 Biochemist,50,1
234513 Biochemist,100,2
234513 Biochemist,105,1
234611 Medical Laboratory Scientist,65,99
234611 Medical Laboratory Scientist,75,199
234611 Medical Laboratory Scientist,70,140
234611 Medical Laboratory Scientist,80,93
234611 Medical Laboratory Scientist,95,1
234611 Medical Laboratory Scientist,90,11
234611 Medical Laboratory Scientist,85,31
234611 Medical Laboratory Scientist,55,7
234611 Medical Laboratory Scientist,60,20
234611 Medical Laboratory Scientist,50,1
234611 Medical Laboratory Scientist,100,1
234611 Medical Laboratory Scientist,45,3
241511 Special Needs Teacher,65,25
241511 Special Needs Teacher,75,17
241511 Special Needs Teacher,70,16
241511 Special Needs Teacher,80,6
241511 Special Needs Teacher,55,2
241511 Special Needs Teacher,60,2
241511 Special Needs Teacher,30,1
254425 Registered Nurse (Paediatrics),65,54
254425 Registered Nurse (Paediatrics),75,47
254425 Registered Nurse (Paediatrics),70,50
254425 Registered Nurse (Paediatrics),80,13
254425 Registered Nurse (Paediatrics),90,1
254425 Registered Nurse (Paediatrics),85,13
254425 Registered Nurse (Paediatrics),55,13
254425 Registered Nurse (Paediatrics),60,19
254425 Registered Nurse (Paediatrics),50,5
234399 Environmental Scientists nec,65,4
234399 Environmental Scientists nec,75,4
234399 Environmental Scientists nec,70,1
234399 Environmental Scientists nec,80,6
234399 Environmental Scientists nec,90,1
234399 Environmental Scientists nec,85,3
234399 Environmental Scientists nec,60,1
272399 Psychologists nec,65,35
272399 Psychologists nec,75,39
272399 Psychologists nec,70,47
272399 Psychologists nec,80,22
272399 Psychologists nec,90,2
272399 Psychologists nec,85,10
272399 Psychologists nec,55,6
272399 Psychologists nec,60,13
272399 Psychologists nec,50,6
272399 Psychologists nec,105,1
323214 Metal Machinist (First Class),65,15
323214 Metal Machinist (First Class),75,10
323214 Metal Machinist (First Class),70,6
323214 Metal Machinist (First Class),80,1
323214 Metal Machinist (First Class),55,6
323214 Metal Machinist (First Class),60,6
323214 Metal Machinist (First Class),50,4
323214 Metal Machinist (First Class),40,1
323214 Metal Machinist (First Class),45,1
251912 Orthotist or Prosthetist,65,3
251912 Orthotist or Prosthetist,75,5
251912 Orthotist or Prosthetist,70,4
251912 Orthotist or Prosthetist,80,1
251912 Orthotist or Prosthetist,55,1
331211 Carpenter and Joiner,65,23
331211 Carpenter and Joiner,75,8
331211 Carpenter and Joiner,70,18
331211 Carpenter and Joiner,80,3
331211 Carpenter and Joiner,85,1
331211 Carpenter and Joiner,55,7
331211 Carpenter and Joiner,60,6
331211 Carpenter and Joiner,50,5
254111 Midwife,65,23
254111 Midwife,75,29
254111 Midwife,70,32
254111 Midwife,80,13
254111 Midwife,90,1
254111 Midwife,85,1
254111 Midwife,60,7
254111 Midwife,50,1
254111 Midwife,40,1
254111 Midwife,45,1
233916 Naval Architect,65,11
233916 Naval Architect,75,6
233916 Naval Architect,70,10
233916 Naval Architect,80,7
233916 Naval Architect,90,4
233916 Naval Architect,85,2
233916 Naval Architect,55,1
233916 Naval Architect,60,1
233916 Naval Architect,45,1
252112 Osteopath,65,2
252112 Osteopath,75,2
252112 Osteopath,70,7
252112 Osteopath,80,1
252112 Osteopath,55,1
252112 Osteopath,60,2
234911 Conservator,75,1
234911 Conservator,50,1
342314 Electronic Instrument Trades Worker (General),65,31
342314 Electronic Instrument Trades Worker (General),75,16
342314 Electronic Instrument Trades Worker (General),70,23
342314 Electronic Instrument Trades Worker (General),80,4
342314 Electronic Instrument Trades Worker (General),85,2
342314 Electronic Instrument Trades Worker (General),55,7
342314 Electronic Instrument Trades Worker (General),60,18
342314 Electronic Instrument Trades Worker (General),50,3
342314 Electronic Instrument Trades Worker (General),45,1
334111 Plumber (General),65,12
334111 Plumber (General),75,2
334111 Plumber (General),70,4
334111 Plumber (General),80,5
334111 Plumber (General),85,1
334111 Plumber (General),55,6
334111 Plumber (General),60,12
334111 Plumber (General),50,3
334111 Plumber (General),40,2
334111 Plumber (General),45,3
234413 Hydrogeologist,65,9
234413 Hydrogeologist,75,11
234413 Hydrogeologist,70,12
234413 Hydrogeologist,80,4
234413 Hydrogeologist,90,1
234413 Hydrogeologist,55,4
234413 Hydrogeologist,60,8
254421 Registered Nurse (Medical Practice),65,32
254421 Registered Nurse (Medical Practice),75,32
254421 Registered Nurse (Medical Practice),70,39
254421 Registered Nurse (Medical Practice),80,7
254421 Registered Nurse (Medical Practice),85,2
254421 Registered Nurse (Medical Practice),55,4
254421 Registered Nurse (Medical Practice),60,5
254421 Registered Nurse (Medical Practice),50,3
254421 Registered Nurse (Medical Practice),45,1
254424 Registered Nurse (Surgical),65,179
254424 Registered Nurse (Surgical),75,158
254424 Registered Nurse (Surgical),70,191
254424 Registered Nurse (Surgical),80,45
254424 Registered Nurse (Surgical),85,14
254424 Registered Nurse (Surgical),55,48
254424 Registered Nurse (Surgical),60,59
254424 Registered Nurse (Surgical),50,8
254424 Registered Nurse (Surgical),40,1
254424 Registered Nurse (Surgical),45,3
324111 Panelbeater,65,9
324111 Panelbeater,70,3
324111 Panelbeater,80,1
324111 Panelbeater,85,1
324111 Panelbeater,55,2
324111 Panelbeater,60,1
324111 Panelbeater,45,1
224511 Land Economist,65,4
224511 Land Economist,75,7
224511 Land Economist,70,3
224511 Land Economist,80,5
224511 Land Economist,90,1
224511 Land Economist,85,1
224511 Land Economist,60,3
224511 Land Economist,45,1
452316 Tennis Coach,65,3
452316 Tennis Coach,75,5
452316 Tennis Coach,70,3
452316 Tennis Coach,80,2
452316 Tennis Coach,85,2
452316 Tennis Coach,55,1
452316 Tennis Coach,60,2
399111 Boat Builder and Repairer,65,7
399111 Boat Builder and Repairer,75,6
399111 Boat Builder and Repairer,70,6
399111 Boat Builder and Repairer,55,1
399111 Boat Builder and Repairer,60,2
253312 Cardiologist,65,2
253312 Cardiologist,75,1
253312 Cardiologist,70,1
253312 Cardiologist,60,3
333212 Solid Plasterer,65,24
333212 Solid Plasterer,75,7
333212 Solid Plasterer,70,11
333212 Solid Plasterer,55,4
333212 Solid Plasterer,60,7
333212 Solid Plasterer,50,1
333411 Wall and Floor Tiler,65,75
333411 Wall and Floor Tiler,75,13
333411 Wall and Floor Tiler,70,35
333411 Wall and Floor Tiler,80,3
333411 Wall and Floor Tiler,85,3
333411 Wall and Floor Tiler,55,15
333411 Wall and Floor Tiler,60,40
333411 Wall and Floor Tiler,50,3
313211 Radiocommunications Technician,70,2
313211 Radiocommunications Technician,80,1
313211 Radiocommunications Technician,85,1
254414 Registered Nurse (Community Health),65,22
254414 Registered Nurse (Community Health),75,33
254414 Registered Nurse (Community Health),70,25
254414 Registered Nurse (Community Health),80,6
254414 Registered Nurse (Community Health),85,5
254414 Registered Nurse (Community Health),55,5
254414 Registered Nurse (Community Health),60,8
254414 Registered Nurse (Community Health),50,2
254414 Registered Nurse (Community Health),40,4
254414 Registered Nurse (Community Health),45,1
254414 Registered Nurse (Community Health),35,1
254413 Registered Nurse (Child and Family Health),65,12
254413 Registered Nurse (Child and Family Health),75,5
254413 Registered Nurse (Child and Family Health),70,4
254413 Registered Nurse (Child and Family Health),80,1
254413 Registered Nurse (Child and Family Health),90,2
254413 Registered Nurse (Child and Family Health),55,1
254413 Registered Nurse (Child and Family Health),60,3
254413 Registered Nurse (Child and Family Health),50,1
254413 Registered Nurse (Child and Family Health),100,1
252711 Audiologist,65,39
252711 Audiologist,75,21
252711 Audiologist,70,32
252711 Audiologist,80,8
252711 Audiologist,85,3
252711 Audiologist,55,8
252711 Audiologist,60,11
252711 Audiologist,50,1
252711 Audiologist,100,1
252711 Audiologist,45,1
313214 Telecommunications Technical Officer or Technologist,65,35
313214 Telecommunications Technical Officer or Technologist,75,43
313214 Telecommunications Technical Officer or Technologist,70,32
313214 Telecommunications Technical Officer or Technologist,80,22
313214 Telecommunications Technical Officer or Technologist,90,8
313214 Telecommunications Technical Officer or Technologist,85,14
313214 Telecommunications Technical Officer or Technologist,55,10
313214 Telecommunications Technical Officer or Technologist,60,18
313214 Telecommunications Technical Officer or Technologist,50,9
134213 Primary Health Organisation Manager,65,24
134213 Primary Health Organisation Manager,75,7
134213 Primary Health Organisation Manager,70,17
134213 Primary Health Organisation Manager,80,7
134213 Primary Health Organisation Manager,55,6
134213 Primary Health Organisation Manager,60,13
134213 Primary Health Organisation Manager,50,7
253321 Paediatrician,65,3
253321 Paediatrician,75,2
253321 Paediatrician,70,2
253321 Paediatrician,80,2
253321 Paediatrician,85,1
253321 Paediatrician,55,1
253321 Paediatrician,60,2
253321 Paediatrician,50,1
253317 Intensive Care Specialist,65,1
253317 Intensive Care Specialist,75,1
253317 Intensive Care Specialist,80,1
253317 Intensive Care Specialist,55,1
253317 Intensive Care Specialist,60,2
253917 Diagnostic and Interventional Radiologist,65,4
253917 Diagnostic and Interventional Radiologist,75,1
253917 Diagnostic and Interventional Radiologist,70,3
253917 Diagnostic and Interventional Radiologist,80,1
253917 Diagnostic and Interventional Radiologist,85,1
253917 Diagnostic and Interventional Radiologist,55,1
331213 Joiner,65,2
331213 Joiner,70,4
331213 Joiner,55,1
331213 Joiner,60,1
331213 Joiner,50,1
331213 Joiner,45,1
234913 Meteorologist,65,12
234913 Meteorologist,75,1
234913 Meteorologist,70,7
234913 Meteorologist,85,1
234913 Meteorologist,50,1
341112 Electrician (Special Class),65,1
341112 Electrician (Special Class),55,1
341112 Electrician (Special Class),60,1
341112 Electrician (Special Class),20,1
272313 Organisational Psychologist,65,2
211212 Music Director,70,1
211212 Music Director,50,1
211213 Musician (Instrumental),65,5
211213 Musician (Instrumental),75,1
211213 Musician (Instrumental),70,2
211213 Musician (Instrumental),85,2
211213 Musician (Instrumental),55,1
211213 Musician (Instrumental),60,1
211213 Musician (Instrumental),45,1
234518 Zoologist,65,3
234518 Zoologist,70,2
234518 Zoologist,80,2
234518 Zoologist,95,3
234518 Zoologist,90,4
234518 Zoologist,85,9
234518 Zoologist,60,1
321111 Automotive Electrician,65,28
321111 Automotive Electrician,75,7
321111 Automotive Electrician,70,18
321111 Automotive Electrician,80,6
321111 Automotive Electrician,95,1
321111 Automotive Electrician,55,5
321111 Automotive Electrician,60,13
321111 Automotive Electrician,50,15
321111 Automotive Electrician,40,3
321111 Automotive Electrician,45,4
399112 Shipwright,65,1
399112 Shipwright,80,1
253411 Psychiatrist,65,3
253411 Psychiatrist,75,5
253411 Psychiatrist,70,7
253411 Psychiatrist,80,2
253411 Psychiatrist,85,2
253411 Psychiatrist,55,1
253411 Psychiatrist,60,3
323213 Fitter-Welder,65,1
323213 Fitter-Welder,70,1
323213 Fitter-Welder,80,2
323213 Fitter-Welder,60,1
253918 Radiation Oncologist,70,1
251411 Optometrist,65,3
251411 Optometrist,75,14
251411 Optometrist,70,9
251411 Optometrist,80,6
251411 Optometrist,95,1
251411 Optometrist,85,5
251411 Optometrist,60,1
251411 Optometrist,50,1
253399 Specialist Physicians nec,65,3
253399 Specialist Physicians nec,70,3
253399 Specialist Physicians nec,95,1
253399 Specialist Physicians nec,85,2
253399 Specialist Physicians nec,55,1
253399 Specialist Physicians nec,60,1
251214 Sonographer,65,4
251214 Sonographer,75,4
251214 Sonographer,70,3
251214 Sonographer,80,1
251214 Sonographer,90,1
334112 Airconditioning and Mechanical Services Plumber,65,11
334112 Airconditioning and Mechanical Services Plumber,75,1
334112 Airconditioning and Mechanical Services Plumber,70,2
334112 Airconditioning and Mechanical Services Plumber,95,1
334112 Airconditioning and Mechanical Services Plumber,55,2
334112 Airconditioning and Mechanical Services Plumber,60,2
334112 Airconditioning and Mechanical Services Plumber,45,1
253511 Surgeon (General),65,2
253511 Surgeon (General),75,2
253511 Surgeon (General),70,1
253511 Surgeon (General),95,1
253511 Surgeon (General),50,1
253318 Neurologist,65,1
253318 Neurologist,75,2
253318 Neurologist,70,1
253318 Neurologist,80,1
253318 Neurologist,55,1
253318 Neurologist,50,1
334115 Roof Plumber,65,3
334115 Roof Plumber,70,3
334115 Roof Plumber,80,1
334115 Roof Plumber,55,1
334115 Roof Plumber,60,2
272311 Clinical Psychologist,65,4
272311 Clinical Psychologist,75,5
272311 Clinical Psychologist,70,4
272311 Clinical Psychologist,95,1
272311 Clinical Psychologist,90,1
272311 Clinical Psychologist,85,1
272311 Clinical Psychologist,60,1
254411 Nurse Practitioner,65,2
254411 Nurse Practitioner,75,2
254411 Nurse Practitioner,70,9
254411 Nurse Practitioner,80,1
254411 Nurse Practitioner,50,1
342212 Technical Cable Jointer,70,1
342212 Technical Cable Jointer,60,1
251212 Medical Radiation Therapist,65,2
251212 Medical Radiation Therapist,75,13
251212 Medical Radiation Therapist,70,2
251212 Medical Radiation Therapist,80,2
251212 Medical Radiation Therapist,55,1
341113 Lift Mechanic,65,6
341113 Lift Mechanic,75,1
341113 Lift Mechanic,70,1
341113 Lift Mechanic,80,1
341113 Lift Mechanic,55,2
341113 Lift Mechanic,60,1
252611 Podiatrist,65,6
252611 Podiatrist,75,16
252611 Podiatrist,70,8
252611 Podiatrist,80,5
252611 Podiatrist,55,1
252611 Podiatrist,60,4
241599 Special Education Teachers nec,65,4
241599 Special Education Teachers nec,75,5
241599 Special Education Teachers nec,70,3
241599 Special Education Teachers nec,80,1
241599 Special Education Teachers nec,55,1
241599 Special Education Teachers nec,60,7
253311 Specialist Physician (General Medicine),65,5
253311 Specialist Physician (General Medicine),75,3
253311 Specialist Physician (General Medicine),70,4
253311 Specialist Physician (General Medicine),80,2
253311 Specialist Physician (General Medicine),95,1
253311 Specialist Physician (General Medicine),90,1
253311 Specialist Physician (General Medicine),85,2
253311 Specialist Physician (General Medicine),55,1
253311 Specialist Physician (General Medicine),60,1
211112 Dancer or Choreographer,65,3
211112 Dancer or Choreographer,75,4
211112 Dancer or Choreographer,70,1
211112 Dancer or Choreographer,80,3
211112 Dancer or Choreographer,85,1
134214 Welfare Centre Manager,65,2
134214 Welfare Centre Manager,75,2
134214 Welfare Centre Manager,70,2
134214 Welfare Centre Manager,80,2
134214 Welfare Centre Manager,60,1
134214 Welfare Centre Manager,50,1
361112 Horse Trainer,65,2
361112 Horse Trainer,80,1
272312 Educational Psychologist,65,2
272312 Educational Psychologist,75,3
272312 Educational Psychologist,70,1
272312 Educational Psychologist,85,1
253913 Obstetrician and Gynaecologist,65,4
253913 Obstetrician and Gynaecologist,75,4
253913 Obstetrician and Gynaecologist,70,5
253913 Obstetrician and Gynaecologist,90,1
253913 Obstetrician and Gynaecologist,60,1
253913 Obstetrician and Gynaecologist,50,2
241512 Teacher of the Hearing Impaired,70,1
253512 Cardiothoracic Surgeon,65,2
253324 Thoracic Medicine Specialist,65,1
134212 Nursing Clinical Director,75,1
333211 Fibrous Plasterer,65,2
333211 Fibrous Plasterer,75,2
333211 Fibrous Plasterer,70,3
333211 Fibrous Plasterer,80,1
333211 Fibrous Plasterer,55,1
333211 Fibrous Plasterer,60,3
333211 Fibrous Plasterer,45,2
334113 Drainer,65,4
334113 Drainer,75,2
334113 Drainer,60,1
334114 Gasfitter,65,1
334114 Gasfitter,70,2
334114 Gasfitter,45,1
253514 Orthopaedic Surgeon,65,1
253514 Orthopaedic Surgeon,75,1
253514 Orthopaedic Surgeon,70,1
253514 Orthopaedic Surgeon,80,1
253514 Orthopaedic Surgeon,85,1
253514 Orthopaedic Surgeon,55,1
253514 Orthopaedic Surgeon,60,1
254416 Registered Nurse (Developmental Disability),65,1
254416 Registered Nurse (Developmental Disability),75,2
254416 Registered Nurse (Developmental Disability),70,8
254416 Registered Nurse (Developmental Disability),60,1
254416 Registered Nurse (Developmental Disability),50,1
253517 Plastic and Reconstructive Surgeon,65,1
253517 Plastic and Reconstructive Surgeon,80,1
253517 Plastic and Reconstructive Surgeon,55,1
253316 Gastroenterologist,65,1
253316 Gastroenterologist,75,1
253316 Gastroenterologist,85,1
253316 Gastroenterologist,60,1
253316 Gastroenterologist,40,1
321213 Motorcycle Mechanic,65,2
321213 Motorcycle Mechanic,70,1
321213 Motorcycle Mechanic,85,1
331112 Stonemason,65,4
331112 Stonemason,60,2
253313 Clinical Haematologist,60,1
253315 Endocrinologist,65,1
253315 Endocrinologist,80,1
253915 Pathologist,70,3
251213 Nuclear Medicine Technologist,70,1
251213 Nuclear Medicine Technologist,60,1
253518 Urologist,65,1
253518 Urologist,75,1
253518 Urologist,100,1
253914 Ophthalmologist,65,1
253914 Ophthalmologist,80,1
253914 Ophthalmologist,85,1
253513 Neurosurgeon,85,1
452411 Footballer,70,1
452411 Footballer,80,1
452411 Footballer,55,1
253911 Dermatologist,85,1
253911 Dermatologist,50,1
253322 Renal Medicine Specialist,70,1
253322 Renal Medicine Specialist,55,1
253322 Renal Medicine Specialist,50,1
253314 Medical Oncologist,70,2
241513 Teacher of the Sight Impaired,75,1
