StatusMonth,OccGroup,Score,n,maxsub,minsub
2024-09,2613 Software and Applications Programmers,95,66,45535.04108776621,44903.48626574074
2024-09,2613 Software and Applications Programmers,90,18,44976.99142731482,44812.70883938657
2024-09,2613 Software and Applications Programmers,100,73,45510.673667442126,44820.52811087963
2024-09,2613 Software and Applications Programmers,105,8,45512.48707164352,44945.93475138889
2024-09,2613 Software and Applications Programmers,120,1,45344.962867442126,45344.962867442126
2024-09,3212 Motor Mechanics,95,2,45459.54365771991,44904.4194278588
2024-09,3212 Motor Mechanics,90,2,44911.72643792824,44818.4939863426
2024-09,2332 Civil Engineering Professionals,75,71,45246.00549228009,44814.69412190972
2024-09,2332 Civil Engineering Professionals,80,173,45530.59728287037,44840.59093738426
2024-09,2332 Civil Engineering Professionals,95,63,45527.43918854167,44818.56438865741
2024-09,2332 Civil Engineering Professionals,90,58,45506.5620002662,44812.726169409725
2024-09,2332 Civil Engineering Professionals,85,107,45540.07438599537,44829.960269710646
2024-09,2332 Civil Engineering Professionals,100,15,45531.716317708335,44907.539652280095
2024-09,2332 Civil Engineering Professionals,105,3,45507.91466851852,44945.67491021991
2024-09,2411 Early Childhood (Pre-primary School) Teachers,75,11,45237.71588792824,45088.416488310184
2024-09,2411 Early Childhood (Pre-primary School) Teachers,80,186,45539.3353871875,45061.77568032408
2024-09,2411 Early Childhood (Pre-primary School) Teachers,90,6,45530.80727751157,45302.35130894676
2024-09,2411 Early Childhood (Pre-primary School) Teachers,85,58,45536.94564293981,45244.506214270834
2024-09,2611 ICT Business and Systems Analysts,95,1,44822.805539849534,44822.805539849534
2024-09,2611 ICT Business and Systems Analysts,110,1,45495.624203506944,45495.624203506944
2024-09,2611 ICT Business and Systems Analysts,100,47,45471.598847534726,44812.68850833333
2024-09,2611 ICT Business and Systems Analysts,105,3,45030.7294837963,44931.894900231484
2024-09,2211 Accountants,95,26,45538.5703477662,44818.686970752315
2024-09,2211 Accountants,90,9,44981.848881909726,44903.93109293981
2024-09,2211 Accountants,110,1,45085.19472746528,45085.19472746528
2024-09,2211 Accountants,100,101,45513.80163445602,44819.83707693287
2024-09,2211 Accountants,105,13,45418.06610142361,44903.85255454861
2024-09,"2621 Database and Systems Administrators, and ICT Security Specialists",100,8,45498.53928506945,44872.39510193287
2024-09,"2212 Auditors, Company Secretaries and Corporate Treasurers",95,48,45499.49508202546,44847.68121292824
2024-09,"2212 Auditors, Company Secretaries and Corporate Treasurers",90,54,44982.643189699076,44811.615819212966
2024-09,"2212 Auditors, Company Secretaries and Corporate Treasurers",100,8,45261.829615625,44904.4836403125
2024-09,"2212 Auditors, Company Secretaries and Corporate Treasurers",105,2,44965.6708994213,44911.67542442129
2024-09,2345 Life Scientists,95,10,45529.89122337963,44919.64031994213
2024-09,2345 Life Scientists,90,5,44950.74905787037,44833.566654594906
2024-09,2345 Life Scientists,110,1,44911.73836122685,44911.73836122685
2024-09,2345 Life Scientists,100,3,45491.98822114583,45474.62356929398
2024-09,2345 Life Scientists,105,1,45159.953580208334,45159.953580208334
2024-09,"2335 Industrial, Mechanical and Production Engineers",95,54,45498.41395243056,44810.471593553244
2024-09,"2335 Industrial, Mechanical and Production Engineers",90,58,44984.779268715276,44812.74623012732
2024-09,"2335 Industrial, Mechanical and Production Engineers",100,6,45491.480127083334,44882.54614560185
2024-09,2339 Other Engineering Professionals,95,61,45534.67846755787,44811.89636701389
2024-09,2339 Other Engineering Professionals,90,35,44975.26362943287,44810.850184456016
2024-09,2339 Other Engineering Professionals,100,9,45482.692584062504,44909.652782986115
2024-09,2339 Other Engineering Professionals,105,4,45531.483466122685,45072.507682372685
2024-09,2341 Agricultural and Forestry Scientists,95,3,45489.54048611111,45465.55444105324
2024-09,2341 Agricultural and Forestry Scientists,100,4,45472.99193931713,45217.45918880787
2024-09,2341 Agricultural and Forestry Scientists,105,1,45413.51076122685,45413.51076122685
2024-09,2544 Registered Nurses,75,40,45244.75083121528,45071.56349216435
2024-09,2544 Registered Nurses,80,215,45540.21214699074,45071.47748364583
2024-09,2544 Registered Nurses,90,5,45525.37833634259,45349.50524745371
2024-09,2544 Registered Nurses,85,49,45525.516699155094,45135.594926122685
2024-09,2544 Registered Nurses,100,1,45499.76166130787,45499.76166130787
2024-09,2544 Registered Nurses,115,1,45428.463421064815,45428.463421064815
2024-09,3513 Chefs,95,3,45377.67814251158,45021.759539502316
2024-09,3513 Chefs,90,1,44905.941110879634,44905.941110879634
2024-09,2334 Electronics Engineers,95,12,45536.529258912036,44934.01501427083
2024-09,2334 Electronics Engineers,90,12,44960.602571875,44830.68593353009
2024-09,2334 Electronics Engineers,100,2,45266.47077581019,45188.75606820602
2024-09,2334 Electronics Engineers,105,2,45377.86367519676,44921.49888414352
2024-09,2631 Computer Network Professionals,100,18,45419.75204841435,44811.55879980324
2024-09,2631 Computer Network Professionals,105,1,44938.75080995371,44938.75080995371
2024-09,"2342 Chemists, and Food and Wine Scientists",95,6,45518.8420965625,45026.39379371528
2024-09,"2342 Chemists, and Food and Wine Scientists",90,1,44903.93385405093,44903.93385405093
2024-09,"2342 Chemists, and Food and Wine Scientists",100,1,45210.73683707176,45210.73683707176
2024-09,"2342 Chemists, and Food and Wine Scientists",105,1,45166.07252769676,45166.07252769676
2024-09,2713 Solicitors,95,8,45314.89895231482,44962.95226805555
2024-09,2713 Solicitors,90,7,44982.94478510416,44844.96964228009
2024-09,2331 Chemical and Materials Engineers,95,16,45533.616481018515,44844.82936496528
2024-09,2331 Chemical and Materials Engineers,90,10,44986.63124390046,44823.41999618056
2024-09,2331 Chemical and Materials Engineers,100,4,45531.47379108796,44929.71535763889
2024-09,2331 Chemical and Materials Engineers,105,3,45042.94622237269,44868.588609375
2024-09,2333 Electrical Engineers,95,25,45270.480442245374,44823.51850100694
2024-09,2333 Electrical Engineers,90,20,44978.839699537035,44812.58696269676
2024-09,2333 Electrical Engineers,110,1,45196.75341373843,45196.75341373843
2024-09,2333 Electrical Engineers,100,4,45476.67352592593,44984.80161736111
2024-09,2321 Architects and Landscape Architects,75,62,45246.63890686342,44811.78005069445
2024-09,2321 Architects and Landscape Architects,80,140,45538.48632376157,44811.620955011575
2024-09,2321 Architects and Landscape Architects,95,6,45166.73985601852,44903.725072534726
2024-09,2321 Architects and Landscape Architects,90,40,45525.55792947917,44813.48458052083
2024-09,2321 Architects and Landscape Architects,85,86,45534.487904166665,44820.50861380787
2024-09,2321 Architects and Landscape Architects,105,1,45527.29932650463,45527.29932650463
2024-09,2531 General Practitioners and Resident Medical officers,75,6,45189.44854950231,45082.88548888889
2024-09,2531 General Practitioners and Resident Medical officers,80,61,45538.67219201389,45076.5172090625
2024-09,2531 General Practitioners and Resident Medical officers,90,8,45523.51162372685,45471.99290142361
2024-09,2531 General Practitioners and Resident Medical officers,85,27,45532.69636292824,45316.41856550926
2024-09,2531 General Practitioners and Resident Medical officers,110,1,45518.32723009259,45518.32723009259
2024-09,2531 General Practitioners and Resident Medical officers,100,1,45485.857665972224,45485.857665972224
2024-09,2247 Management and Organisation Analysts,95,2,45245.794171215275,45093.709235381946
2024-09,2247 Management and Organisation Analysts,90,1,44904.332194710645,44904.332194710645
2024-09,2347 Veterinarians,95,4,45448.89939837963,44862.560890243054
2024-09,2347 Veterinarians,115,2,45515.70188105324,45244.29742928241
2024-09,2414 Secondary School Teachers,75,8,45231.34613900463,45073.127576273146
2024-09,2414 Secondary School Teachers,80,63,45533.60257028935,45073.588500659724
2024-09,2414 Secondary School Teachers,85,16,45532.76702572917,45302.99144170139
2024-09,1341 Child Care Centre Managers,80,1,45192.412643055555,45192.412643055555
2024-09,1341 Child Care Centre Managers,90,1,45476.810768634256,45476.810768634256
2024-09,1341 Child Care Centre Managers,85,1,45490.51264140046,45490.51264140046
2024-09,"2241 Actuaries, Mathematicians and Statisticians",95,7,45203.75301327546,44937.844773495366
2024-09,"2241 Actuaries, Mathematicians and Statisticians",90,3,44988.71033090277,44961.683443368056
2024-09,"2241 Actuaries, Mathematicians and Statisticians",105,1,45067.80229918982,45067.80229918982
2024-09,3331 Glaziers,65,1,44910.7249775463,44910.7249775463
2024-09,3331 Glaziers,70,2,45490.57357083334,44910.73112592593
2024-09,2421 University Lecturers and Tutors,95,13,45530.69765011574,44976.44388950231
2024-09,2421 University Lecturers and Tutors,90,4,44976.935626273145,44907.96818950232
2024-09,2421 University Lecturers and Tutors,100,12,45506.70359942129,45127.79763221065
2024-09,2421 University Lecturers and Tutors,105,1,45073.525790706015,45073.525790706015
2024-09,2633 Telecommunications Engineering Professionals,95,9,45319.07333996528,44857.40584922454
2024-09,2633 Telecommunications Engineering Professionals,90,15,44958.48844143518,44838.73154984954
2024-09,3122 Civil Engineering Draftspersons and Technicians,75,97,45245.16486134259,44812.67697060185
2024-09,3122 Civil Engineering Draftspersons and Technicians,80,195,45538.65868599537,44828.93216940972
2024-09,3122 Civil Engineering Draftspersons and Technicians,95,2,45510.96987372685,44905.999440625004
2024-09,3122 Civil Engineering Draftspersons and Technicians,90,15,45520.99510130787,44913.61964513889
2024-09,3122 Civil Engineering Draftspersons and Technicians,85,51,45538.9224121875,44910.843523877316
2024-09,2322 Cartographers and Surveyors,95,2,45396.304550891204,44955.63440003472
2024-09,2322 Cartographers and Surveyors,100,2,45007.855387268515,44992.551326851855
2024-09,2245 Land Economists and Valuers,95,1,45155.67531535879,45155.67531535879
2024-09,2336 Mining Engineers,95,2,45092.009353738424,45071.76114672454
2024-09,2336 Mining Engineers,100,2,45529.92805019676,45207.87105042824
2024-09,2336 Mining Engineers,105,1,45524.81105069444,45524.81105069444
2024-09,2336 Mining Engineers,115,1,44942.209746215274,44942.209746215274
2024-09,2612 Multimedia Specialists and Web Developers,95,4,45499.66024197917,45036.629673958334
2024-09,2612 Multimedia Specialists and Web Developers,90,3,44896.762676701386,44826.51829278935
2024-09,3223 Structural Steel and Welding Trades Workers,75,1,44967.94405640046,44967.94405640046
2024-09,3223 Structural Steel and Welding Trades Workers,80,13,45530.818768020836,44834.64844603009
2024-09,3223 Structural Steel and Welding Trades Workers,90,2,45367.18419965278,45006.76727222222
2024-09,3223 Structural Steel and Welding Trades Workers,85,8,45516.86374560185,44998.84330489583
2024-09,2349 Other Natural and Physical Science Professionals,95,2,45261.83795170139,44993.77972615741
2024-09,2349 Other Natural and Physical Science Professionals,100,1,45529.94422800926,45529.94422800926
2024-09,1331 Construction Managers,75,74,45249.23128730324,44827.9174258912
2024-09,1331 Construction Managers,80,120,45536.84392565972,44825.78846319445
2024-09,1331 Construction Managers,95,1,45195.21961130787,45195.21961130787
2024-09,1331 Construction Managers,90,12,45527.62390428241,44958.672653738424
2024-09,1331 Construction Managers,85,38,45538.12283707176,44942.40042792824
2024-09,1331 Construction Managers,100,2,45511.8989528125,45499.748271909724
2024-09,2343 Environmental Scientists,95,3,45442.70449255787,45027.68128561343
2024-09,2343 Environmental Scientists,100,2,45302.540271527774,45265.85428738426
2024-09,2343 Environmental Scientists,105,1,45502.57631079861,45502.57631079861
2024-09,3312 Carpenters and Joiners,65,113,45539.631297534725,44810.81991967592
2024-09,3312 Carpenters and Joiners,75,44,45526.093789583334,44907.696903854165
2024-09,3312 Carpenters and Joiners,70,66,45538.541005011575,44912.70213726852
2024-09,3312 Carpenters and Joiners,80,21,45533.537115625004,44903.76261767361
2024-09,3312 Carpenters and Joiners,85,4,45476.73656689815,45091.52442855324
2024-09,2725 Social Workers,75,3,45245.55134760417,45085.758129050926
2024-09,2725 Social Workers,80,52,45538.99786415509,45071.57059633102
2024-09,2725 Social Workers,90,1,45497.708881631945,45497.708881631945
2024-09,2725 Social Workers,85,26,45537.45224679398,45173.84512716435
2024-09,2725 Social Workers,100,1,45481.01169131944,45481.01169131944
2024-09,3322 Painting Trades Workers,65,97,45539.60950034722,44906.63163422454
2024-09,3322 Painting Trades Workers,75,34,45534.72522827546,44903.891749849536
2024-09,3322 Painting Trades Workers,70,64,45537.71573287037,44903.826409456015
2024-09,3322 Painting Trades Workers,80,15,45520.66057357639,44904.86892951389
2024-09,3322 Painting Trades Workers,90,2,45502.453611689816,45481.494898958335
2024-09,3322 Painting Trades Workers,85,2,45238.26507688657,44904.13747577547
2024-09,2521 Chiropractors and Osteopaths,80,3,45534.627124074075,45280.9014196412
2024-09,3941 Cabinetmakers,65,7,45538.73200462963,44900.69052873843
2024-09,3941 Cabinetmakers,75,3,45504.73871747685,44976.753069756945
2024-09,3941 Cabinetmakers,70,4,45513.89276859954,45175.57901079861
2024-09,3941 Cabinetmakers,80,2,45502.86586574074,45063.74073784722
2024-09,3941 Cabinetmakers,85,3,45531.80188425926,45531.71987372685
2024-09,2243 Economists,95,2,45389.52527866898,44977.54581952546
2024-09,2243 Economists,90,1,44967.23428012732,44967.23428012732
2024-09,2243 Economists,100,1,45176.284997951385,45176.284997951385
2024-09,3311 Bricklayers and Stonemasons,65,22,45533.31048518518,44903.79738645833
2024-09,3311 Bricklayers and Stonemasons,75,2,45493.00949293982,45478.88174394676
2024-09,3311 Bricklayers and Stonemasons,70,4,45537.50222392361,45105.713445138885
2024-09,3311 Bricklayers and Stonemasons,80,2,45084.802345219905,44943.64162488426
2024-09,3311 Bricklayers and Stonemasons,90,2,45483.372393287034,44931.44898730324
2024-09,3311 Bricklayers and Stonemasons,85,1,45460.76716875,45460.76716875
2024-09,2539 Other Medical Practitioners,75,2,45154.87968283565,45102.68295478009
2024-09,2539 Other Medical Practitioners,80,59,45536.21977476852,45071.78426956019
2024-09,2539 Other Medical Practitioners,95,1,45520.93354305555,45520.93354305555
2024-09,2539 Other Medical Practitioners,90,8,45513.63711200231,45337.606234108796
2024-09,2539 Other Medical Practitioners,85,26,45530.405887071756,45058.64900887731
2024-09,3411 Electricians,65,25,45533.77570304398,44897.38636512731
2024-09,3411 Electricians,75,9,45534.8244471875,44904.04577751157
2024-09,3411 Electricians,70,16,45520.21893753472,44982.596155590276
2024-09,3411 Electricians,80,3,45385.039289548615,45043.5361565162
2024-09,2525 Physiotherapists,75,5,45209.94059424769,45107.07232010417
2024-09,2525 Physiotherapists,80,46,45533.32184128472,45071.430918287035
2024-09,2525 Physiotherapists,90,2,45507.47318804398,45397.65207121528
2024-09,2525 Physiotherapists,85,12,45489.84745752315,45312.046346875
2024-09,2512 Medical Imaging Professionals,75,2,45201.93941211805,45127.67984494213
2024-09,2512 Medical Imaging Professionals,80,7,45483.12061114583,45191.59076438657
2024-09,2512 Medical Imaging Professionals,85,1,45509.23740925926,45509.23740925926
2024-09,2527 Speech Professionals and Audiologists,75,2,45159.63176226852,45146.50451319444
2024-09,2527 Speech Professionals and Audiologists,80,23,45539.6227190162,45104.9929471875
2024-09,2527 Speech Professionals and Audiologists,85,8,45530.959909641206,45282.40644841435
2024-09,2524 Occupational Therapists,75,4,45191.82853885417,45090.671777083335
2024-09,2524 Occupational Therapists,80,35,45539.396904664354,45071.46748773148
2024-09,2524 Occupational Therapists,90,3,45531.60093518518,45371.87146608796
2024-09,2524 Occupational Therapists,85,7,45503.0835775463,45339.53216670139
2024-09,2519 Other Health Diagnostic and Promotion Professionals,80,1,45387.81713834491,45387.81713834491
2024-09,2346 Medical Laboratory Scientists,80,11,45533.730890590276,45071.665227314814
2024-09,2346 Medical Laboratory Scientists,85,4,45524.62890640047,45433.88065150463
2024-09,2415 Special Education Teachers,80,2,45530.03513318287,45428.136212233796
2024-09,2723 Psychologists,80,10,45531.50650740741,45025.73839155093
2024-09,2723 Psychologists,90,3,45497.6065752662,45378.77368622685
2024-09,2723 Psychologists,85,7,45540.36666461806,45398.614428125
2024-09,2541 Midwives,75,2,45141.03549189815,45104.395900891206
2024-09,2541 Midwives,80,7,45510.67547248842,45436.73590173611
2024-09,2541 Midwives,90,1,45362.85305532407,45362.85305532407
2024-09,2541 Midwives,85,1,45511.797915393516,45511.797915393516
2024-09,3341 Plumbers,65,14,45533.991120914354,45016.744350347224
2024-09,3341 Plumbers,75,4,45513.00398059028,44988.94973295139
2024-09,3341 Plumbers,70,6,45527.83302222222,45194.93799849537
2024-09,3341 Plumbers,80,2,45363.92111130787,45109.98932653935
2024-09,3991 Boat Builders and Shipwrights,105,1,44956.001672488426,44956.001672488426
2024-09,2533 Internal Medicine Specialists,80,3,45445.45717577546,45231.752541284724
2024-09,2533 Internal Medicine Specialists,85,4,45504.994150694445,45205.84438996528
2024-09,3332 Plasterers,65,5,45539.43003711806,45272.51231975695
2024-09,3334 Wall and Floor Tilers,65,12,45518.90310173611,44920.640402743054
2024-09,3334 Wall and Floor Tilers,75,3,45523.68245767361,45251.940616747685
2024-09,3334 Wall and Floor Tilers,70,17,45532.56021157408,44945.40375694445
2024-09,3334 Wall and Floor Tilers,80,2,45495.472424074076,45477.75562924769
2024-09,2534 Psychiatrists,80,1,45330.06525940972,45330.06525940972
2024-09,2534 Psychiatrists,85,1,45151.88344452546,45151.88344452546
2024-09,2514 Optometrists and Orthoptists,80,3,45329.92250760417,45309.774836956014
2024-09,2514 Optometrists and Orthoptists,85,2,45434.64814583333,45423.786534722225
2024-09,2535 Surgeons,80,1,45387.29899811342,45387.29899811342
2024-09,2526 Podiatrists,80,1,45296.61971010417,45296.61971010417
2024-09,2526 Podiatrists,90,1,45503.959219826385,45503.959219826385
2024-09,2526 Podiatrists,85,1,45471.57089394676,45471.57089394676
2026-06,2344 Geologists Geophysicists and Hydrogeologists,80,4,46104.964216863424,45479.85401273148
2026-06,2344 Geologists Geophysicists and Hydrogeologists,90,3,46174.84843383102,45910.42888283565
2026-06,2344 Geologists Geophysicists and Hydrogeologists,85,3,46053.92241076389,45908.67344008102
2026-06,2344 Geologists Geophysicists and Hydrogeologists,100,1,46173.44565327546,46173.44565327546
2026-06,2345 Life Scientists,95,10,46095.02652905093,45697.86012237269
2026-06,2345 Life Scientists,100,11,46160.63982114583,45587.64910552083
2026-06,2345 Life Scientists,105,1,46131.8871028588,46131.8871028588
2026-06,2341 Agricultural and Forestry Scientists,80,49,46094.82085019676,45450.92161716435
2026-06,2341 Agricultural and Forestry Scientists,95,5,46170.90402670139,45866.52140211806
2026-06,2341 Agricultural and Forestry Scientists,90,20,46176.67598194444,45498.683272106486
2026-06,2341 Agricultural and Forestry Scientists,85,52,46140.94674186343,45457.17137696759
2026-06,2341 Agricultural and Forestry Scientists,100,3,46117.34448028935,45611.278867280096
2026-06,2544 Registered Nurses,75,108,45772.80298457176,45447.63432508102
2026-06,2544 Registered Nurses,80,916,46177.22167627315,45449.4333147338
2026-06,2544 Registered Nurses,95,1,45973.98705466435,45973.98705466435
2026-06,2544 Registered Nurses,90,44,46177.023791354164,45463.475788854164
2026-06,2544 Registered Nurses,85,320,46177.024312002315,45450.66497665509
2026-06,2544 Registered Nurses,110,1,46127.77865439815,46127.77865439815
2026-06,2544 Registered Nurses,100,2,46177.00904016204,45936.58734684028
2026-06,2544 Registered Nurses,105,1,46173.5415128125,46173.5415128125
2026-06,2334 Electronics Engineers,95,3,45810.69508599537,45506.49001971065
2026-06,2334 Electronics Engineers,100,5,45988.54292137732,45590.53901126157
2026-06,2334 Electronics Engineers,105,1,45885.41609806713,45885.41609806713
2026-06,3232 Metal Fitters and Machinists,80,4,45918.70193318287,45609.13899047454
2026-06,3232 Metal Fitters and Machinists,85,4,46167.92357083333,45918.5292875
2026-06,"2342 Chemists, and Food and Wine Scientists",95,10,46173.008365891204,45550.01933252315
2026-06,"2342 Chemists, and Food and Wine Scientists",90,49,46171.85302792824,45458.70454965278
2026-06,"2342 Chemists, and Food and Wine Scientists",85,9,45922.63691369213,45513.534615937504
2026-06,"2342 Chemists, and Food and Wine Scientists",100,4,46155.625950497684,45893.465197337966
2026-06,"2342 Chemists, and Food and Wine Scientists",105,2,46085.906838229166,45908.6392815162
2026-06,2713 Solicitors,80,89,46108.447678819444,45448.574322650464
2026-06,2713 Solicitors,95,3,46005.930158483796,45807.50641307871
2026-06,2713 Solicitors,90,50,46161.74873831018,45477.971711805556
2026-06,2713 Solicitors,85,98,46171.99238931713,45456.50220200232
2026-06,3123 Electrical Engineering Draftspersons and Technicians,80,17,46091.1014505787,45450.00440362268
2026-06,3123 Electrical Engineering Draftspersons and Technicians,90,26,46076.85593333333,45499.71472103009
2026-06,3123 Electrical Engineering Draftspersons and Technicians,85,35,46161.86115783565,45524.92621655093
2026-06,2321 Architects and Landscape Architects,95,5,46174.05077410879,45903.59164105324
2026-06,2321 Architects and Landscape Architects,90,32,46175.6681994213,45645.02404016204
2026-06,2321 Architects and Landscape Architects,85,39,45989.63160269676,45464.477317592595
2026-06,2531 General Practitioners and Resident Medical officers,75,9,45762.64554525463,45611.85608232639
2026-06,2531 General Practitioners and Resident Medical officers,80,98,46176.696394872684,45606.49193290509
2026-06,2531 General Practitioners and Resident Medical officers,95,2,46086.25720836806,46038.855083449074
2026-06,2531 General Practitioners and Resident Medical officers,90,13,46175.68062225694,45896.44341921296
2026-06,2531 General Practitioners and Resident Medical officers,85,60,46174.41032943287,45608.5480962963
2026-06,2247 Management and Organisation Analysts,80,60,46102.50632126157,45447.74584351852
2026-06,2247 Management and Organisation Analysts,95,4,46177.02309398148,46111.93008480324
2026-06,2247 Management and Organisation Analysts,90,42,46176.65597476852,45704.5463840625
2026-06,2247 Management and Organisation Analysts,85,73,46176.695136539354,45450.53235462963
2026-06,2347 Veterinarians,80,15,46080.43745917824,45518.99501292824
2026-06,2347 Veterinarians,95,4,46071.96730127315,45751.843139965276
2026-06,2347 Veterinarians,90,16,46155.04089903935,45727.69418730324
2026-06,2347 Veterinarians,85,28,46175.60115170139,45448.59435625
2026-06,2347 Veterinarians,100,1,45924.803899502316,45924.803899502316
2026-06,2414 Secondary School Teachers,75,31,45832.79760153935,45495.76697491898
2026-06,2414 Secondary School Teachers,80,170,46177.038208680555,45450.555434375
2026-06,2414 Secondary School Teachers,95,2,46177.02948445602,46074.86906469907
2026-06,2414 Secondary School Teachers,90,17,46174.61579915509,45708.819078622684
2026-06,2414 Secondary School Teachers,85,86,46175.2985528125,45534.475327314816
2026-06,2414 Secondary School Teachers,100,2,46176.99754603009,45903.45545390046
2026-06,1341 Child Care Centre Managers,80,2,45842.65833275463,45546.53739297454
2026-06,"2241 Actuaries, Mathematicians and Statisticians",95,25,46177.23209829861,45533.42164082176
2026-06,"2241 Actuaries, Mathematicians and Statisticians",90,78,46149.54580335648,45509.08328290509
2026-06,"2241 Actuaries, Mathematicians and Statisticians",100,3,46145.526647025465,46013.90649320602
2026-06,"2241 Actuaries, Mathematicians and Statisticians",105,3,46062.04537792824,46013.070576122685
2026-06,3331 Glaziers,65,2,46046.98191944444,45936.52199837963
2026-06,3331 Glaziers,75,1,46000.77976855324,46000.77976855324
2026-06,2633 Telecommunications Engineering Professionals,95,10,45989.44930763889,45648.94284221065
2026-06,2633 Telecommunications Engineering Professionals,100,3,46076.97509447917,45783.82340949074
2026-06,1332 Engineering Managers,80,15,46058.69523417824,45493.83039452546
2026-06,1332 Engineering Managers,95,1,45974.06031049768,45974.06031049768
2026-06,1332 Engineering Managers,90,3,46177.09279224537,45778.68795443287
2026-06,1332 Engineering Managers,85,15,46173.69314170139,45623.873866932874
2026-06,1399 Other Specialist Managers,80,12,46083.61373105324,45487.732476157405
2026-06,1399 Other Specialist Managers,90,7,46138.458637118056,45583.445278935185
2026-06,1399 Other Specialist Managers,85,9,46029.551136423615,45485.64535092593
2026-06,2322 Cartographers and Surveyors,80,13,46099.03223012731,45548.63478966435
2026-06,2322 Cartographers and Surveyors,95,1,46139.48419710648,46139.48419710648
2026-06,2322 Cartographers and Surveyors,90,4,46173.89696878472,45658.78342045139
2026-06,2322 Cartographers and Surveyors,85,25,46177.14673295139,45504.819357291664
2026-06,2245 Land Economists and Valuers,80,20,46030.11253533565,45449.40788105324
2026-06,2245 Land Economists and Valuers,90,3,46051.818469212965,45454.70665304398
2026-06,2245 Land Economists and Valuers,85,12,46101.407794363426,45518.442634837964
2026-06,2336 Mining Engineers,80,35,46097.895164814814,45449.97894244213
2026-06,2336 Mining Engineers,95,6,46176.685731631944,45890.6885690625
2026-06,2336 Mining Engineers,90,6,46171.95147453704,45554.89769505787
2026-06,2336 Mining Engineers,85,49,46168.85137766204,45526.38581230324
2026-06,2336 Mining Engineers,105,1,46114.58909302083,46114.58909302083
2026-06,2612 Multimedia Specialists and Web Developers,95,12,46052.64635185185,45602.61631258102
2026-06,2612 Multimedia Specialists and Web Developers,110,1,46119.99519259259,46119.99519259259
2026-06,2612 Multimedia Specialists and Web Developers,100,6,46169.37195486111,45915.596932291664
2026-06,2612 Multimedia Specialists and Web Developers,105,1,46066.43469927083,46066.43469927083
2026-06,3223 Structural Steel and Welding Trades Workers,80,39,46044.87400447916,45474.78815983796
2026-06,3223 Structural Steel and Welding Trades Workers,90,6,46057.75998665509,45946.32543163194
2026-06,3223 Structural Steel and Welding Trades Workers,85,12,46174.02630868056,45475.72586265046
2026-06,2349 Other Natural and Physical Science Professionals,80,11,46016.203214733796,45561.84724560185
2026-06,2349 Other Natural and Physical Science Professionals,95,3,46074.040122025464,45992.423142858795
2026-06,2349 Other Natural and Physical Science Professionals,90,4,46172.70009699074,45843.796313113424
2026-06,2349 Other Natural and Physical Science Professionals,85,11,46173.32005648148,45495.007598530094
2026-06,2349 Other Natural and Physical Science Professionals,100,4,46149.37945497685,46067.28023202546
2026-06,2349 Other Natural and Physical Science Professionals,105,2,46149.389280324074,46127.604276122685
2026-06,1331 Construction Managers,80,142,46096.90952878472,45467.97878101852
2026-06,1331 Construction Managers,95,8,46177.06476608796,45974.07046296296
2026-06,1331 Construction Managers,90,35,46175.74850482639,45618.46567538194
2026-06,1331 Construction Managers,85,95,46174.96591890046,45574.39512650463
2026-06,1331 Construction Managers,100,1,46176.0684662037,46176.0684662037
2026-06,2343 Environmental Scientists,80,33,46106.64413414352,45448.8136619213
2026-06,2343 Environmental Scientists,95,4,46174.733891435186,45833.775559525464
2026-06,2343 Environmental Scientists,90,28,46174.89464255787,45541.71989386574
2026-06,2343 Environmental Scientists,85,45,46155.51123001157,45532.60347253472
2026-06,2343 Environmental Scientists,100,3,46126.461296180554,45960.63665717593
2026-06,2343 Environmental Scientists,105,2,46028.398275960644,46012.64514424768
2026-06,2711 Barristers,80,1,46071.47944174769,46071.47944174769
2026-06,2711 Barristers,85,1,46071.47071721065,46071.47071721065
2026-06,3312 Carpenters and Joiners,65,148,46133.50957488426,45462.53822268519
2026-06,3312 Carpenters and Joiners,75,64,46172.67124814815,45862.590695833336
2026-06,3312 Carpenters and Joiners,70,143,46177.02552905092,45609.63716377315
2026-06,3312 Carpenters and Joiners,80,19,46176.57895431713,45552.80714853009
2026-06,3312 Carpenters and Joiners,90,3,46176.9864409375,46001.70488275463
2026-06,3312 Carpenters and Joiners,85,6,46175.964006284725,45974.312135451386
2026-06,3312 Carpenters and Joiners,100,1,46149.928314351855,46149.928314351855
2026-06,2725 Social Workers,75,39,45847.59251454861,45552.627716400464
2026-06,2725 Social Workers,80,153,46177.025383182874,45539.586105243055
2026-06,2725 Social Workers,90,15,46161.49539189815,45708.81383518518
2026-06,2725 Social Workers,85,70,46174.670643136575,45697.54941605324
2026-06,3423 Electronics Trades Workers,80,11,46076.9766346875,45463.78902476852
2026-06,3423 Electronics Trades Workers,90,1,45953.527494444446,45953.527494444446
2026-06,3423 Electronics Trades Workers,85,6,46165.84997268519,45502.77052832176
2026-06,2521 Chiropractors and Osteopaths,80,8,46073.646469328705,45593.47897149305
2026-06,2521 Chiropractors and Osteopaths,90,1,45706.52742060185,45706.52742060185
2026-06,2521 Chiropractors and Osteopaths,85,6,46058.700322916666,45794.77353017361
2026-06,3941 Cabinetmakers,80,2,46055.9904372338,45666.548107870374
2026-06,3941 Cabinetmakers,85,2,45971.73779452546,45971.65346689815
2026-06,2243 Economists,80,18,46104.784107060186,45497.55319097222
2026-06,2243 Economists,90,10,46121.42709556713,45858.66269039352
2026-06,2243 Economists,85,21,46154.485877280094,45533.57912962963
2026-06,3311 Bricklayers and Stonemasons,65,35,46134.693140393516,45465.01374841435
2026-06,3311 Bricklayers and Stonemasons,75,10,46177.112536886576,45663.86825162037
2026-06,3311 Bricklayers and Stonemasons,70,12,46175.57096385417,45884.70653457176
2026-06,3311 Bricklayers and Stonemasons,80,3,46175.00681496528,45951.58876871528
2026-06,3311 Bricklayers and Stonemasons,90,1,46176.75043792824,46176.75043792824
2026-06,3311 Bricklayers and Stonemasons,85,1,45953.97997728009,45953.97997728009
2026-06,1342 Health and Welfare Services Managers,80,2,45898.45663741898,45511.66971990741
2026-06,1342 Health and Welfare Services Managers,90,1,45551.82320277778,45551.82320277778
2026-06,1342 Health and Welfare Services Managers,85,3,46155.67403391204,45783.5596653588
2026-06,2539 Other Medical Practitioners,75,4,45720.86740393518,45603.95962890046
2026-06,2539 Other Medical Practitioners,80,75,46177.00630289352,45669.87631600694
2026-06,2539 Other Medical Practitioners,90,13,46165.086023807875,45972.978645717594
2026-06,2539 Other Medical Practitioners,85,52,46165.263018831014,45697.991591516206
2026-06,3411 Electricians,65,16,46127.76438090278,45685.695311724536
2026-06,3411 Electricians,75,6,46175.814717939815,46007.400131793984
2026-06,3411 Electricians,70,19,46177.026567361114,45923.54550019676
2026-06,3411 Electricians,80,10,46177.18145621528,45972.80486936343
2026-06,2525 Physiotherapists,75,7,45770.16844702546,45520.78121570602
2026-06,2525 Physiotherapists,80,63,46176.752124189814,45474.49528113426
2026-06,2525 Physiotherapists,95,1,46006.869479016204,46006.869479016204
2026-06,2525 Physiotherapists,90,4,46171.800093715276,46009.57745385417
2026-06,2525 Physiotherapists,85,23,46162.43862380787,45751.76882353009
2026-06,2525 Physiotherapists,100,1,46177.002893206016,46177.002893206016
2026-06,2512 Medical Imaging Professionals,80,28,46174.95166762731,45478.63934513889
2026-06,2512 Medical Imaging Professionals,90,1,45863.59070315972,45863.59070315972
2026-06,2512 Medical Imaging Professionals,85,3,46091.82457635416,45663.42185575231
2026-06,"4523 Sports Coaches, Instructors and Officials",90,1,45821.54528052083,45821.54528052083
2026-06,"4523 Sports Coaches, Instructors and Officials",85,2,45970.63644887731,45640.865422916664
2026-06,2527 Speech Professionals and Audiologists,75,2,45708.050218634264,45699.84232005787
2026-06,2527 Speech Professionals and Audiologists,80,46,46177.07431643519,45691.92455362268
2026-06,2527 Speech Professionals and Audiologists,90,3,46050.43528765046,46009.531368634256
2026-06,2527 Speech Professionals and Audiologists,85,24,46175.58526832176,45725.03800714121
2026-06,2527 Speech Professionals and Audiologists,100,1,46176.74596114583,46176.74596114583
2026-06,2524 Occupational Therapists,75,6,45766.75276859954,45509.88028356482
2026-06,2524 Occupational Therapists,80,36,46176.65673954861,45496.845028668984
2026-06,2524 Occupational Therapists,90,2,46121.650833252315,46087.55917554398
2026-06,2524 Occupational Therapists,85,12,46169.87573425926,45656.73727488426
2026-06,3421 Airconditioning and Refrigeration Mechanics,80,1,45551.31320859954,45551.31320859954
2026-06,2346 Medical Laboratory Scientists,80,38,46108.59949521991,45497.70256929398
2026-06,2346 Medical Laboratory Scientists,90,10,46157.49295975694,45680.764293900465
2026-06,2346 Medical Laboratory Scientists,85,24,46176.99753700232,45594.705992627314
2026-06,2415 Special Education Teachers,75,1,45821.32351909722,45821.32351909722
2026-06,2415 Special Education Teachers,80,2,46075.908674224534,45984.743663692134
2026-06,2415 Special Education Teachers,85,1,45930.988442939815,45930.988442939815
2026-06,2723 Psychologists,75,2,45750.02226269676,45733.83001990741
2026-06,2723 Psychologists,80,28,46176.813885613425,45718.4962943287
2026-06,2723 Psychologists,95,2,46177.032197569446,46141.890280555555
2026-06,2723 Psychologists,90,3,46132.72434945602,45980.65110309028
2026-06,2723 Psychologists,85,16,46144.59299984954,45735.71789552084
2026-06,2541 Midwives,80,10,46143.8393212963,45637.8859693287
2026-06,2541 Midwives,90,1,46177.02489652778,46177.02489652778
2026-06,2541 Midwives,85,3,46057.264480555554,45938.31177704861
2026-06,3341 Plumbers,65,15,46132.784385416664,45910.57530466435
2026-06,3341 Plumbers,75,3,46136.85598287037,45910.62875366898
2026-06,3341 Plumbers,70,8,46155.72636901621,45974.35990509259
2026-06,3341 Plumbers,80,5,46177.08664359954,46155.40261909722
2026-06,3341 Plumbers,95,2,46177.01105949074,45899.02118888889
2026-06,3341 Plumbers,85,1,46046.80595454861,46046.80595454861
2026-06,3241 Panelbeaters,80,2,45965.2058778125,45912.66493854167
2026-06,3241 Panelbeaters,85,1,46011.861032291665,46011.861032291665
2026-06,3991 Boat Builders and Shipwrights,80,1,45509.49914186342,45509.49914186342
2026-06,3991 Boat Builders and Shipwrights,85,2,46010.73741724537,45585.5445568287
2026-06,2533 Internal Medicine Specialists,80,7,46170.20874621528,45862.89573989583
2026-06,2533 Internal Medicine Specialists,95,1,46083.579902627316,46083.579902627316
2026-06,2533 Internal Medicine Specialists,85,1,45811.97455373843,45811.97455373843
2026-06,3332 Plasterers,65,4,46135.809822256946,45615.768665509255
2026-06,3332 Plasterers,75,1,46176.96833306713,46176.96833306713
2026-06,3332 Plasterers,70,4,46175.542899305554,46064.742285960645
2026-06,3332 Plasterers,95,1,46176.741065821756,46176.741065821756
2026-06,3332 Plasterers,85,1,46160.85254019676,46160.85254019676
2026-06,3334 Wall and Floor Tilers,65,22,46133.9622283912,45539.48619980324
2026-06,3334 Wall and Floor Tilers,75,5,46112.89633711806,46008.527722025465
2026-06,3334 Wall and Floor Tilers,70,16,46175.61931693287,45890.56295949074
2026-06,3334 Wall and Floor Tilers,80,1,46132.6641440625,46132.6641440625
2026-06,3334 Wall and Floor Tilers,85,1,46062.76111721065,46062.76111721065
2026-06,2112 Music Professionals,95,1,45969.790183136574,45969.790183136574
2026-06,2112 Music Professionals,90,1,46078.47940107639,46078.47940107639
2026-06,2112 Music Professionals,100,1,46103.787240625,46103.787240625
2026-06,3211 Automotive Electricians,80,4,46080.110297025465,45495.94809290509
2026-06,3211 Automotive Electricians,85,1,46136.77251142361,46136.77251142361
2026-06,2534 Psychiatrists,90,1,46168.84857149306,46168.84857149306
2026-06,2534 Psychiatrists,85,1,46157.20497399305,46157.20497399305
2026-06,2514 Optometrists and Orthoptists,80,4,46161.84157060185,45592.76924336806
2026-06,2514 Optometrists and Orthoptists,95,1,46177.01710350694,46177.01710350694
2026-06,2514 Optometrists and Orthoptists,85,1,46029.57177037037,46029.57177037037
2026-06,2535 Surgeons,85,1,46051.84355304398,46051.84355304398
2026-06,2535 Surgeons,100,1,46176.80202916667,46176.80202916667
2026-06,2526 Podiatrists,75,1,45734.447227199074,45734.447227199074
2026-06,2526 Podiatrists,80,3,46135.490425428245,45700.59763587963
2026-06,2526 Podiatrists,85,2,45984.805718599535,45878.688862696756
2026-06,"2111 Actors, Dancers and Other Entertainers",80,3,45974.65991967593,45586.90887172454
2026-06,"2111 Actors, Dancers and Other Entertainers",85,1,46115.042938425926,46115.042938425926
2025-08,2411 Early Childhood (Pre-primary School) Teachers,95,3,45806.68838561342,45574.541395486114
2025-08,2411 Early Childhood (Pre-primary School) Teachers,90,38,45883.58553715278,45327.51596111111
2025-08,2411 Early Childhood (Pre-primary School) Teachers,85,324,45850.91693784722,45265.49157303241
2025-08,2344 Geologists Geophysicists and Hydrogeologists,95,1,45543.604744247685,45543.604744247685
2025-08,2344 Geologists Geophysicists and Hydrogeologists,90,2,45663.9125653588,45585.629028090276
2025-08,2345 Life Scientists,95,34,45884.50502480324,45265.85152523148
2025-08,2345 Life Scientists,90,31,45720.783443900465,45167.60127662037
2025-08,2345 Life Scientists,100,15,45889.4772005787,45623.776523611115
2025-08,2345 Life Scientists,105,5,45851.52537103009,45405.397187118055
2025-08,2341 Agricultural and Forestry Scientists,95,18,45820.60072372685,45166.512663113426
2025-08,2341 Agricultural and Forestry Scientists,90,23,45785.43811134259,45172.70152346065
2025-08,2341 Agricultural and Forestry Scientists,100,4,45882.426921412036,45576.45447175926
2025-08,2544 Registered Nurses,80,596,45850.07532870371,45266.48779991898
2025-08,2544 Registered Nurses,95,6,45799.91605806713,45344.85542931713
2025-08,2544 Registered Nurses,90,42,45855.8732772338,45280.68460540509
2025-08,2544 Registered Nurses,85,269,45889.250355358796,45266.619132604166
2025-08,2544 Registered Nurses,100,1,45724.94930605324,45724.94930605324
2025-08,2544 Registered Nurses,105,1,45545.488619097225,45545.488619097225
2025-08,2334 Electronics Engineers,95,7,45688.001442939814,45359.45707010417
2025-08,2334 Electronics Engineers,100,6,45825.69643773148,45415.10042195602
2025-08,"2342 Chemists, and Food and Wine Scientists",95,10,45888.64976612269,45212.496438807866
2025-08,"2342 Chemists, and Food and Wine Scientists",90,19,45785.7792503125,45174.407400578704
2025-08,"2342 Chemists, and Food and Wine Scientists",110,1,45536.5978363426,45536.5978363426
2025-08,"2342 Chemists, and Food and Wine Scientists",100,6,45808.88209771991,45397.92288417824
2025-08,"2342 Chemists, and Food and Wine Scientists",105,1,45694.768561377314,45694.768561377314
2025-08,2713 Solicitors,95,8,45616.84644849537,45231.68701574074
2025-08,2713 Solicitors,90,51,45765.05864895834,45162.8982253125
2025-08,2713 Solicitors,100,1,45675.36007549769,45675.36007549769
2025-08,2331 Chemical and Materials Engineers,95,29,45878.78211342593,45274.698705324074
2025-08,2331 Chemical and Materials Engineers,90,35,45781.98058109954,45175.62201898148
2025-08,2331 Chemical and Materials Engineers,100,9,45883.47611195602,45181.74791481481
2025-08,2331 Chemical and Materials Engineers,105,1,45310.53319876157,45310.53319876157
2025-08,3123 Electrical Engineering Draftspersons and Technicians,90,6,45673.794637962965,45270.692713888886
2025-08,2321 Architects and Landscape Architects,90,9,45781.997283564815,45546.86149505787
2025-08,2321 Architects and Landscape Architects,110,1,45735.574209108796,45735.574209108796
2025-08,2531 General Practitioners and Resident Medical officers,80,92,45844.68958827546,45359.81371666667
2025-08,2531 General Practitioners and Resident Medical officers,95,1,45337.456672685184,45337.456672685184
2025-08,2531 General Practitioners and Resident Medical officers,90,23,45886.015483877316,45557.774345868056
2025-08,2531 General Practitioners and Resident Medical officers,85,60,45886.04093163194,45469.6898272338
2025-08,2247 Management and Organisation Analysts,95,3,45856.700100497685,45275.10495054398
2025-08,2247 Management and Organisation Analysts,90,24,45739.82009892361,45164.45041053241
2025-08,2347 Veterinarians,95,3,45868.57209097222,45233.83142002315
2025-08,2347 Veterinarians,90,11,45782.890988391206,45236.62122048611
2025-08,2414 Secondary School Teachers,90,8,45859.93555725695,45607.93913024306
2025-08,2414 Secondary School Teachers,85,44,45834.99439861111,45316.71508672454
2025-08,"2241 Actuaries, Mathematicians and Statisticians",95,28,45867.81657974537,45224.78624070602
2025-08,"2241 Actuaries, Mathematicians and Statisticians",90,61,45785.388987962964,45195.733638969905
2025-08,"2241 Actuaries, Mathematicians and Statisticians",100,2,45644.70237283565,45497.90112704861
2025-08,3331 Glaziers,65,6,45842.789977546294,45631.01960378472
2025-08,3331 Glaziers,75,1,45841.86281759259,45841.86281759259
2025-08,3331 Glaziers,70,1,45643.77919424768,45643.77919424768
2025-08,2421 University Lecturers and Tutors,95,35,45886.838012928245,45361.8193290162
2025-08,2421 University Lecturers and Tutors,90,84,45889.493894328705,45163.924457326386
2025-08,2421 University Lecturers and Tutors,85,84,45851.97753070602,45162.61848440972
2025-08,2421 University Lecturers and Tutors,110,1,45740.92616519676,45740.92616519676
2025-08,2421 University Lecturers and Tutors,100,14,45882.136692395834,45512.57031863426
2025-08,2421 University Lecturers and Tutors,105,4,45883.6862477199,45280.524486574075
2025-08,1332 Engineering Managers,90,1,45342.80340899306,45342.80340899306
2025-08,3122 Civil Engineering Draftspersons and Technicians,95,3,45886.38512457176,45702.46938422454
2025-08,3122 Civil Engineering Draftspersons and Technicians,90,4,45656.931325,45607.88437222222
2025-08,1399 Other Specialist Managers,95,2,45712.864181481484,45312.5798690625
2025-08,1399 Other Specialist Managers,90,2,45372.80436805556,45296.65903700232
2025-08,2322 Cartographers and Surveyors,95,1,45711.663990706016,45711.663990706016
2025-08,2322 Cartographers and Surveyors,90,7,45746.94227241898,45199.59095309028
2025-08,2245 Land Economists and Valuers,90,4,45763.57815486111,45441.780329710644
2025-08,2336 Mining Engineers,95,3,45876.69593920139,45665.43
2025-08,2336 Mining Engineers,90,8,45744.87371565972,45178.92166354167
2025-08,3223 Structural Steel and Welding Trades Workers,90,1,45516.72042855324,45516.72042855324
2025-08,2349 Other Natural and Physical Science Professionals,95,4,45833.81234074074,45513.590466284724
2025-08,2349 Other Natural and Physical Science Professionals,90,4,45778.78100092593,45299.427473460644
2025-08,2349 Other Natural and Physical Science Professionals,100,6,45672.724591666665,45330.39740042824
2025-08,2349 Other Natural and Physical Science Professionals,115,1,45749.01573414352,45749.01573414352
2025-08,1331 Construction Managers,95,1,45637.9358900463,45637.9358900463
2025-08,1331 Construction Managers,90,8,45785.933488194445,45543.06038761574
2025-08,1331 Construction Managers,100,1,45822.04761554398,45822.04761554398
2025-08,2343 Environmental Scientists,95,15,45889.87073792824,45204.715668055556
2025-08,2343 Environmental Scientists,90,22,45757.71918047454,45211.54691851852
2025-08,2343 Environmental Scientists,110,1,45555.61694528935,45555.61694528935
2025-08,2343 Environmental Scientists,100,8,45885.91931542824,45311.53666168982
2025-08,2711 Barristers,95,1,45748.53001863426,45748.53001863426
2025-08,3312 Carpenters and Joiners,65,141,45814.73626605324,45334.624536655094
2025-08,3312 Carpenters and Joiners,75,75,45887.643476006946,45192.540331828706
2025-08,3312 Carpenters and Joiners,70,153,45889.81991651621,45512.67366871527
2025-08,3312 Carpenters and Joiners,80,28,45887.83988310185,45190.48699236111
2025-08,3312 Carpenters and Joiners,90,1,45759.51818587963,45759.51818587963
2025-08,3312 Carpenters and Joiners,85,9,45852.65379471065,45603.77316651621
2025-08,2725 Social Workers,95,1,45604.89257758102,45604.89257758102
2025-08,2725 Social Workers,90,10,45832.752897453705,45614.81040960648
2025-08,2725 Social Workers,85,56,45838.731408645835,45302.637866122684
2025-08,3322 Painting Trades Workers,75,39,45881.62454417824,45580.76823353009
2025-08,3322 Painting Trades Workers,70,42,45753.82078460648,45478.64789664352
2025-08,3322 Painting Trades Workers,80,12,45873.39656292824,45588.59825949074
2025-08,3322 Painting Trades Workers,85,3,45762.41702820602,45603.709415474535
2025-08,3423 Electronics Trades Workers,110,1,45734.61622777778,45734.61622777778
2025-08,2243 Economists,95,4,45820.14922184028,45350.4646028125
2025-08,2243 Economists,90,4,45687.042109409726,45219.86799305555
2025-08,3311 Bricklayers and Stonemasons,65,24,45888.59036519676,45540.79769166667
2025-08,3311 Bricklayers and Stonemasons,75,6,45841.530754085645,45456.89096079861
2025-08,3311 Bricklayers and Stonemasons,70,15,45862.831552233794,45568.679168090275
2025-08,3311 Bricklayers and Stonemasons,80,3,45859.62785385417,45679.632979201386
2025-08,3311 Bricklayers and Stonemasons,90,1,45709.42906616898,45709.42906616898
2025-08,3311 Bricklayers and Stonemasons,85,1,45747.791517858794,45747.791517858794
2025-08,1342 Health and Welfare Services Managers,90,1,45394.703493981484,45394.703493981484
2025-08,2539 Other Medical Practitioners,80,72,45846.508409918984,45319.02188827546
2025-08,2539 Other Medical Practitioners,95,1,45886.59256377315,45886.59256377315
2025-08,2539 Other Medical Practitioners,90,15,45852.52489494213,45299.69362453704
2025-08,2539 Other Medical Practitioners,85,59,45859.34796508102,45540.84889366898
2025-08,2539 Other Medical Practitioners,100,1,45748.90262792824,45748.90262792824
2025-08,3411 Electricians,65,36,45889.80896570602,45541.77373059028
2025-08,3411 Electricians,75,12,45885.83270520833,45561.671743900464
2025-08,3411 Electricians,70,18,45889.660231828704,45624.06415744213
2025-08,3411 Electricians,80,6,45881.86709140046,45779.72584417824
2025-08,3411 Electricians,85,1,45746.50178425926,45746.50178425926
2025-08,3411 Electricians,100,1,45563.28621493056,45563.28621493056
2025-08,2525 Physiotherapists,80,52,45850.886566203706,45329.320303472225
2025-08,2525 Physiotherapists,95,2,45763.7720403125,45540.71745755787
2025-08,2525 Physiotherapists,90,9,45828.57553984954,45274.23086597222
2025-08,2525 Physiotherapists,85,34,45884.48499332176,45438.64629806713
2025-08,2512 Medical Imaging Professionals,80,19,45832.853017974536,45338.67931501157
2025-08,2512 Medical Imaging Professionals,95,3,45783.43756238426,45776.93480396991
2025-08,2512 Medical Imaging Professionals,90,9,45783.450759988424,45230.85240309028
2025-08,2512 Medical Imaging Professionals,85,12,45855.7778216088,45649.79967662037
2025-08,"4523 Sports Coaches, Instructors and Officials",95,1,45716.63685737269,45716.63685737269
2025-08,2527 Speech Professionals and Audiologists,80,20,45841.98391122685,45278.5610940162
2025-08,2527 Speech Professionals and Audiologists,90,6,45838.929558993055,45635.51482037037
2025-08,2527 Speech Professionals and Audiologists,85,18,45873.73117341435,45454.92721350695
2025-08,2524 Occupational Therapists,80,36,45825.986965972224,45323.7860556713
2025-08,2524 Occupational Therapists,95,1,45613.81986076389,45613.81986076389
2025-08,2524 Occupational Therapists,90,2,45623.797840706015,45356.95506018519
2025-08,2524 Occupational Therapists,85,12,45866.67804409722,45604.67029383102
2025-08,2346 Medical Laboratory Scientists,95,1,45668.08639178241,45668.08639178241
2025-08,2346 Medical Laboratory Scientists,90,3,45692.64342175926,45588.99312653935
2025-08,2346 Medical Laboratory Scientists,100,1,45738.429933252315,45738.429933252315
2025-08,2723 Psychologists,95,1,45734.19088758102,45734.19088758102
2025-08,2723 Psychologists,90,1,45668.683554166666,45668.683554166666
2025-08,2723 Psychologists,85,8,45777.592266168984,45587.677973645834
2025-08,2541 Midwives,80,12,45846.32764383102,45314.561641203705
2025-08,2541 Midwives,85,4,45870.03016674769,45729.64496184028
2025-08,3341 Plumbers,65,29,45884.95253761574,45224.80319637732
2025-08,3341 Plumbers,75,8,45887.39341438658,45586.86643854166
2025-08,3341 Plumbers,70,14,45863.83701322917,45513.76625474537
2025-08,3341 Plumbers,80,3,45690.87363275463,45634.18869548611
2025-08,3341 Plumbers,90,1,45550.52391107639,45550.52391107639
2025-08,3341 Plumbers,85,2,45765.26180355324,45646.467585300925
2025-08,3241 Panelbeaters,90,1,45681.75714756944,45681.75714756944
2025-08,3991 Boat Builders and Shipwrights,90,1,45646.566090011576,45646.566090011576
2025-08,2533 Internal Medicine Specialists,80,7,45774.92191420139,45537.63202827546
2025-08,2533 Internal Medicine Specialists,90,3,45755.92754467593,45659.06237673611
2025-08,2533 Internal Medicine Specialists,85,1,45712.48884197917,45712.48884197917
2025-08,3332 Plasterers,65,6,45806.82847581019,45547.025253125
2025-08,3332 Plasterers,75,4,45866.52030228009,45545.782437766204
2025-08,3334 Wall and Floor Tilers,65,37,45877.632518784725,45525.99121828704
2025-08,3334 Wall and Floor Tilers,75,1,45616.63890038194,45616.63890038194
2025-08,3334 Wall and Floor Tilers,70,13,45876.75736832176,45575.76015324074
2025-08,3334 Wall and Floor Tilers,80,1,45616.59893116898,45616.59893116898
2025-08,3334 Wall and Floor Tilers,85,1,45664.9133147338,45664.9133147338
2025-08,2534 Psychiatrists,80,1,45811.28744568287,45811.28744568287
2025-08,2534 Psychiatrists,85,2,45761.4504349537,45677.95193383102
2025-08,2514 Optometrists and Orthoptists,80,3,45828.73601728009,45589.70330274306
2025-08,2514 Optometrists and Orthoptists,85,1,45695.86096478009,45695.86096478009
2025-08,2535 Surgeons,85,1,45710.808995405096,45710.808995405096
2025-08,2526 Podiatrists,80,1,45810.893828472224,45810.893828472224
2025-08,2526 Podiatrists,90,2,45520.92722815972,45516.09383521991
2024-11,2613 Software and Applications Programmers,95,436,45602.68008668981,44875.549867939815
2024-11,2613 Software and Applications Programmers,90,244,45602.629799884264,44877.33730894676
2024-11,2613 Software and Applications Programmers,85,8,44915.36191253472,44883.63978923611
2024-11,2613 Software and Applications Programmers,100,51,45593.806548726854,44904.73413159722
2024-11,2613 Software and Applications Programmers,105,4,45574.68167789352,45401.92913869213
2024-11,3212 Motor Mechanics,95,4,45459.54365771991,44904.4194278588
2024-11,3212 Motor Mechanics,90,6,45553.87700061343,44903.686472650465
2024-11,2332 Civil Engineering Professionals,75,164,45602.90386304398,44904.45339841435
2024-11,2332 Civil Engineering Professionals,70,29,45078.95038822917,44901.614160613426
2024-11,2332 Civil Engineering Professionals,80,90,45602.54266994213,44873.40867800926
2024-11,2332 Civil Engineering Professionals,95,20,45574.70829459491,44900.62494513889
2024-11,2332 Civil Engineering Professionals,90,269,45603.24132862269,44886.5469434375
2024-11,2332 Civil Engineering Professionals,85,48,45600.83247025463,44874.849750775466
2024-11,2332 Civil Engineering Professionals,100,1,45531.716317708335,45531.716317708335
2024-11,2332 Civil Engineering Professionals,105,1,45507.91466851852,45507.91466851852
2024-11,2411 Early Childhood (Pre-primary School) Teachers,75,341,45602.48449710648,45016.66432103009
2024-11,2411 Early Childhood (Pre-primary School) Teachers,70,2,45092.45389131944,45072.48817376157
2024-11,2411 Early Childhood (Pre-primary School) Teachers,80,203,45597.59179965278,44873.91620355324
2024-11,2411 Early Childhood (Pre-primary School) Teachers,95,1,45574.541395486114,45574.541395486114
2024-11,2411 Early Childhood (Pre-primary School) Teachers,90,2,45575.89254760416,45466.58851392361
2024-11,2411 Early Childhood (Pre-primary School) Teachers,85,41,45602.86309413194,45279.74875636574
2024-11,2611 ICT Business and Systems Analysts,95,304,45579.6162315625,44880.54541056713
2024-11,2611 ICT Business and Systems Analysts,110,1,45495.624203506944,45495.624203506944
2024-11,2611 ICT Business and Systems Analysts,100,34,45562.10480528935,44904.78301099537
2024-11,2211 Accountants,95,298,45598.6058221875,44879.82417619213
2024-11,2211 Accountants,90,111,45601.73492025463,44874.65495054398
2024-11,2211 Accountants,85,4,44910.578032060184,44904.8277752662
2024-11,2211 Accountants,100,37,45565.531135150464,44903.913853969905
2024-11,2344 Geologists Geophysicists and Hydrogeologists,90,3,45563.70019394676,45421.99573707176
2024-11,"2621 Database and Systems Administrators, and ICT Security Specialists",95,167,45570.410383912036,44883.790401736114
2024-11,"2621 Database and Systems Administrators, and ICT Security Specialists",100,3,45565.74873880787,44908.99124869213
2024-11,"2212 Auditors, Company Secretaries and Corporate Treasurers",95,15,45559.45804394676,44903.71811072917
2024-11,"2212 Auditors, Company Secretaries and Corporate Treasurers",90,290,45601.824614930556,44903.76065952546
2024-11,"2212 Auditors, Company Secretaries and Corporate Treasurers",85,34,44915.54328730324,44903.46813359954
2024-11,2345 Life Scientists,95,8,45571.92932769676,45051.58936273148
2024-11,2345 Life Scientists,90,53,45583.59232357639,44904.97943912037
2024-11,2345 Life Scientists,100,5,45596.612372337964,45447.647194641206
2024-11,2345 Life Scientists,105,2,45570.4573818287,45354.71300520834
2024-11,"2335 Industrial, Mechanical and Production Engineers",95,28,45585.910592326385,44903.497374687504
2024-11,"2335 Industrial, Mechanical and Production Engineers",90,327,45602.83255532407,44872.474692592594
2024-11,"2335 Industrial, Mechanical and Production Engineers",85,23,44915.63151284722,44873.481329166665
2024-11,"2335 Industrial, Mechanical and Production Engineers",100,2,45546.7210565162,45412.557827743054
2024-11,2339 Other Engineering Professionals,95,12,45568.73286697917,44903.79347415509
2024-11,2339 Other Engineering Professionals,90,236,45599.76647584491,44873.44698318287
2024-11,2339 Other Engineering Professionals,85,19,44915.57984479167,44872.47322079861
2024-11,2339 Other Engineering Professionals,100,3,45601.852377233794,45280.79323263889
2024-11,2339 Other Engineering Professionals,105,1,45531.483466122685,45531.483466122685
2024-11,2341 Agricultural and Forestry Scientists,95,5,45576.45447175926,45149.67766901621
2024-11,2341 Agricultural and Forestry Scientists,90,23,45573.59640555555,44913.815383877314
2024-11,2341 Agricultural and Forestry Scientists,85,2,44912.67315188657,44896.4643133912
2024-11,2341 Agricultural and Forestry Scientists,100,2,45560.1273212963,45140.987646608795
2024-11,2341 Agricultural and Forestry Scientists,105,1,45566.24058680556,45566.24058680556
2024-11,2544 Registered Nurses,75,641,45603.3748457176,44887.762469560184
2024-11,2544 Registered Nurses,70,8,45086.81897565972,45071.66662337963
2024-11,2544 Registered Nurses,80,126,45600.76722743055,45273.516729016206
2024-11,2544 Registered Nurses,95,1,45358.70922719907,45358.70922719907
2024-11,2544 Registered Nurses,90,7,45600.98729614583,45321.523676701385
2024-11,2544 Registered Nurses,85,36,45593.96181403935,45279.05301478009
2024-11,2544 Registered Nurses,100,2,45565.279126469904,45499.76166130787
2024-11,2544 Registered Nurses,105,1,45545.488619097225,45545.488619097225
2024-11,3513 Chefs,95,1,45559.41413075232,45559.41413075232
2024-11,3513 Chefs,90,53,45597.73986195602,44875.606927430556
2024-11,3513 Chefs,85,1,44890.979057557866,44890.979057557866
2024-11,3513 Chefs,100,1,45540.96098070602,45540.96098070602
2024-11,2334 Electronics Engineers,95,12,45590.382306747684,45019.86499386574
2024-11,2334 Electronics Engineers,90,77,45601.48567858797,44903.74926646991
2024-11,2334 Electronics Engineers,85,8,44914.77551709491,44881.66602858796
2024-11,2334 Electronics Engineers,100,2,45590.53563356481,45081.812397534726
2024-11,3232 Metal Fitters and Machinists,90,1,44920.68568086805,44920.68568086805
2024-11,2631 Computer Network Professionals,95,94,45566.996841817134,44892.846047534724
2024-11,2631 Computer Network Professionals,100,6,45543.6515409375,44908.75721041667
2024-11,"2342 Chemists, and Food and Wine Scientists",90,27,45593.72729065972,44874.601936886575
2024-11,"2342 Chemists, and Food and Wine Scientists",100,1,45397.92288417824,45397.92288417824
2024-11,2713 Solicitors,95,4,45282.21060590278,44945.147523761574
2024-11,2713 Solicitors,90,61,45568.366936770835,44903.679578090276
2024-11,2713 Solicitors,85,1,44909.33608287037,44909.33608287037
2024-11,2331 Chemical and Materials Engineers,95,11,45590.86223429398,45075.635977314814
2024-11,2331 Chemical and Materials Engineers,90,57,45589.79210038194,44891.51903869213
2024-11,2331 Chemical and Materials Engineers,85,5,44910.49195494213,44877.43253460648
2024-11,2331 Chemical and Materials Engineers,100,3,45555.56535636574,45531.47379108796
2024-11,3123 Electrical Engineering Draftspersons and Technicians,90,1,45494.45075181713,45494.45075181713
2024-11,2333 Electrical Engineers,95,10,45559.65389174769,44883.89155431713
2024-11,2333 Electrical Engineers,90,117,45590.57188541666,44881.612463391204
2024-11,2333 Electrical Engineers,85,6,44907.893776585646,44873.681422187496
2024-11,2321 Architects and Landscape Architects,75,143,45601.70973163194,44872.526590625
2024-11,2321 Architects and Landscape Architects,70,24,45085.902370104166,44872.779725266206
2024-11,2321 Architects and Landscape Architects,80,70,45595.894166666665,44876.61219313658
2024-11,2321 Architects and Landscape Architects,95,1,45546.86149505787,45546.86149505787
2024-11,2321 Architects and Landscape Architects,90,6,45566.546214699076,45100.74024267361
2024-11,2321 Architects and Landscape Architects,85,26,45601.67800150463,44903.85335347222
2024-11,2321 Architects and Landscape Architects,105,1,45527.29932650463,45527.29932650463
2024-11,2531 General Practitioners and Resident Medical officers,75,47,45597.7773224537,45145.80953452546
2024-11,2531 General Practitioners and Resident Medical officers,80,36,45603.36962716435,45314.425912349536
2024-11,2531 General Practitioners and Resident Medical officers,90,3,45543.88872141203,45510.06246137731
2024-11,2531 General Practitioners and Resident Medical officers,85,15,45596.959355706014,45483.769189004626
2024-11,2531 General Practitioners and Resident Medical officers,110,1,45518.32723009259,45518.32723009259
2024-11,2247 Management and Organisation Analysts,95,4,45588.864849537036,45075.71782021991
2024-11,2247 Management and Organisation Analysts,90,28,45600.98049548611,44943.553712037035
2024-11,2247 Management and Organisation Analysts,85,1,44912.66629853009,44912.66629853009
2024-11,2347 Veterinarians,90,10,45585.82629479167,44966.71983703704
2024-11,2347 Veterinarians,85,1,44878.56690983796,44878.56690983796
2024-11,2347 Veterinarians,115,1,45515.70188105324,45515.70188105324
2024-11,2414 Secondary School Teachers,75,88,45600.97107280092,45093.496395636575
2024-11,2414 Secondary School Teachers,70,3,45090.41807384259,45072.77923619213
2024-11,2414 Secondary School Teachers,80,43,45596.806561192134,45160.18039332176
2024-11,2414 Secondary School Teachers,95,1,45580.63992554398,45580.63992554398
2024-11,2414 Secondary School Teachers,85,9,45597.544129050926,45418.57860841435
2024-11,1341 Child Care Centre Managers,75,1,45294.34077523148,45294.34077523148
2024-11,"2241 Actuaries, Mathematicians and Statisticians",95,5,45548.609021261575,44984.57574714121
2024-11,"2241 Actuaries, Mathematicians and Statisticians",90,66,45595.836411805554,44903.72909158565
2024-11,"2241 Actuaries, Mathematicians and Statisticians",85,1,44914.82247971065,44914.82247971065
2024-11,2421 University Lecturers and Tutors,95,14,45597.628570520836,44953.93450292824
2024-11,2421 University Lecturers and Tutors,90,71,45599.80580667824,44907.96818950232
2024-11,2421 University Lecturers and Tutors,100,4,45585.68975494213,45125.59575381945
2024-11,2633 Telecommunications Engineering Professionals,95,8,45576.492980173614,44963.93905335648
2024-11,2633 Telecommunications Engineering Professionals,90,58,45544.89013295139,44903.479296261576
2024-11,2633 Telecommunications Engineering Professionals,85,4,44911.62148221065,44875.559760219905
2024-11,1332 Engineering Managers,90,1,45342.80340899306,45342.80340899306
2024-11,3122 Civil Engineering Draftspersons and Technicians,75,395,45601.99740555556,44879.756213078705
2024-11,3122 Civil Engineering Draftspersons and Technicians,70,52,45092.53255818287,44888.00276038195
2024-11,3122 Civil Engineering Draftspersons and Technicians,80,158,45598.921268784725,44904.71259545139
2024-11,3122 Civil Engineering Draftspersons and Technicians,95,3,45558.994527662035,45510.96987372685
2024-11,3122 Civil Engineering Draftspersons and Technicians,90,6,45590.84134737268,45084.04673607639
2024-11,3122 Civil Engineering Draftspersons and Technicians,85,32,45597.09530300926,45051.65936496528
2024-11,1399 Other Specialist Managers,95,3,45365.8388028125,44906.83087457176
2024-11,1399 Other Specialist Managers,90,3,45583.03415494213,45122.709445520835
2024-11,2322 Cartographers and Surveyors,95,1,45357.638818402775,45357.638818402775
2024-11,2322 Cartographers and Surveyors,90,17,45458.62131504629,44966.89461203704
2024-11,2245 Land Economists and Valuers,95,1,45092.507481712964,45092.507481712964
2024-11,2245 Land Economists and Valuers,90,2,45164.79245497685,45138.89572291667
2024-11,2336 Mining Engineers,95,2,45148.71999116898,44893.81572766203
2024-11,2336 Mining Engineers,90,23,45530.12257523148,44939.493852430554
2024-11,2336 Mining Engineers,85,2,44914.68778252315,44890.816122337965
2024-11,2336 Mining Engineers,105,1,45524.81105069444,45524.81105069444
2024-11,2612 Multimedia Specialists and Web Developers,95,4,45589.00696747685,44876.656112268516
2024-11,2612 Multimedia Specialists and Web Developers,90,32,45601.50791990741,44905.844985185184
2024-11,2612 Multimedia Specialists and Web Developers,85,4,44914.99408726852,44876.715119560184
2024-11,3223 Structural Steel and Welding Trades Workers,75,22,45590.46388981481,44967.94405640046
2024-11,3223 Structural Steel and Welding Trades Workers,70,4,45082.633439386576,45023.54712916667
2024-11,3223 Structural Steel and Welding Trades Workers,80,9,45594.559389270835,44926.42811894676
2024-11,3223 Structural Steel and Welding Trades Workers,85,6,45516.86374560185,45180.50426608796
2024-11,2349 Other Natural and Physical Science Professionals,90,10,45481.734355520835,44972.72480034722
2024-11,2349 Other Natural and Physical Science Professionals,100,1,45502.54382222222,45502.54382222222
2024-11,1331 Construction Managers,75,254,45602.88380509259,44904.404091516204
2024-11,1331 Construction Managers,70,36,45090.9776403588,44883.0993440625
2024-11,1331 Construction Managers,80,90,45601.74207704861,44908.6633650463
2024-11,1331 Construction Managers,85,30,45602.55878417824,44953.083281134255
2024-11,1331 Construction Managers,100,1,45499.748271909724,45499.748271909724
2024-11,2343 Environmental Scientists,95,3,45582.95455069444,45429.746469756945
2024-11,2343 Environmental Scientists,90,15,45602.65278738426,44966.703302974536
2024-11,2343 Environmental Scientists,110,1,45555.61694528935,45555.61694528935
2024-11,2343 Environmental Scientists,100,1,45559.53297056713,45559.53297056713
2024-11,3132 Telecommunications Technical Specialists,90,4,45569.78521623842,45117.4665815162
2024-11,3132 Telecommunications Technical Specialists,85,1,44902.7232528125,44902.7232528125
2024-11,3312 Carpenters and Joiners,65,9,45540.81551508102,45451.81206898148
2024-11,3312 Carpenters and Joiners,75,22,45603.35024988426,45460.75222106482
2024-11,3312 Carpenters and Joiners,70,46,45601.84134267361,45267.71393503472
2024-11,3312 Carpenters and Joiners,80,9,45579.74984950232,45190.48699236111
2024-11,3312 Carpenters and Joiners,90,1,45583.81348603009,45583.81348603009
2024-11,3312 Carpenters and Joiners,85,3,45575.69960535879,45476.73656689815
2024-11,2725 Social Workers,75,69,45600.52833796296,45093.64674059028
2024-11,2725 Social Workers,70,1,45079.73170443287,45079.73170443287
2024-11,2725 Social Workers,80,32,45600.73809980324,45140.01493903935
2024-11,2725 Social Workers,90,3,45570.16746805556,45428.258286840275
2024-11,2725 Social Workers,85,17,45595.60819795139,45279.12284899306
2024-11,2725 Social Workers,100,1,45481.01169131944,45481.01169131944
2024-11,3322 Painting Trades Workers,65,9,45540.74193611111,45275.759105902776
2024-11,3322 Painting Trades Workers,75,14,45589.7848306713,45488.39388541666
2024-11,3322 Painting Trades Workers,70,32,45601.18988121528,45471.76711681713
2024-11,3322 Painting Trades Workers,80,2,45566.67947870371,45456.46178128472
2024-11,3322 Painting Trades Workers,90,3,45562.632712349536,45502.453611689816
2024-11,2521 Chiropractors and Osteopaths,75,4,45569.480367048614,45330.58917947917
2024-11,2521 Chiropractors and Osteopaths,80,1,45280.9014196412,45280.9014196412
2024-11,3941 Cabinetmakers,75,2,45590.70521114583,45570.9387431713
2024-11,3941 Cabinetmakers,70,3,45593.599464733794,45574.77641689815
2024-11,3941 Cabinetmakers,85,2,45531.80188425926,45531.71987372685
2024-11,2243 Economists,90,11,45412.03899197916,44958.66633278935
2024-11,3311 Bricklayers and Stonemasons,65,3,45533.31048518518,45456.60924903935
2024-11,3311 Bricklayers and Stonemasons,75,1,45493.00949293982,45493.00949293982
2024-11,3311 Bricklayers and Stonemasons,70,1,45456.89096079861,45456.89096079861
2024-11,3311 Bricklayers and Stonemasons,90,1,45483.372393287034,45483.372393287034
2024-11,2539 Other Medical Practitioners,75,35,45569.51773460648,45188.01366049769
2024-11,2539 Other Medical Practitioners,80,32,45594.50357380787,45223.07093954861
2024-11,2539 Other Medical Practitioners,90,5,45601.296482060185,45535.43816484953
2024-11,2539 Other Medical Practitioners,85,10,45590.83571241898,45277.639753587966
2024-11,3411 Electricians,65,5,45541.079125000004,45427.98862068287
2024-11,3411 Electricians,75,6,45562.93911709491,45475.551261608794
2024-11,3411 Electricians,70,4,45582.54738506945,45511.67569892361
2024-11,3411 Electricians,100,1,45563.28621493056,45563.28621493056
2024-11,2525 Physiotherapists,75,69,45600.96235543981,45015.69642056713
2024-11,2525 Physiotherapists,80,36,45600.936947835646,45241.85549042824
2024-11,2525 Physiotherapists,95,1,45602.68580694444,45602.68580694444
2024-11,2525 Physiotherapists,90,6,45582.77899806713,45540.71745755787
2024-11,2525 Physiotherapists,85,9,45586.489375543984,45324.731109988425
2024-11,2512 Medical Imaging Professionals,75,17,45602.02690373843,45303.61201423611
2024-11,2512 Medical Imaging Professionals,80,4,45601.18553888889,45294.536827696764
2024-11,2512 Medical Imaging Professionals,85,5,45599.615402662035,45338.60805555555
2024-11,3222 Sheetmetal Trades Workers,70,1,44908.75672056713,44908.75672056713
2024-11,2527 Speech Professionals and Audiologists,75,27,45582.91279976852,45224.688017824075
2024-11,2527 Speech Professionals and Audiologists,80,8,45524.694253043985,45282.56894336805
2024-11,2527 Speech Professionals and Audiologists,85,2,45556.8002059375,45540.68892511574
2024-11,2524 Occupational Therapists,75,49,45592.52743298611,45132.77191542824
2024-11,2524 Occupational Therapists,80,22,45601.784893206015,45306.850164780095
2024-11,2524 Occupational Therapists,95,1,45575.66113356481,45575.66113356481
2024-11,2524 Occupational Therapists,90,3,45588.394769293984,45550.79763880787
2024-11,2524 Occupational Therapists,85,4,45581.74973174768,45541.82785408565
2024-11,2519 Other Health Diagnostic and Promotion Professionals,75,1,45369.856116469906,45369.856116469906
2024-11,2346 Medical Laboratory Scientists,75,37,45601.992944247686,45266.52661616898
2024-11,2346 Medical Laboratory Scientists,80,13,45601.57403819445,45308.75066547454
2024-11,2346 Medical Laboratory Scientists,90,2,45588.99312653935,45540.869815046295
2024-11,2346 Medical Laboratory Scientists,85,6,45602.81639788194,45433.88065150463
2024-11,2415 Special Education Teachers,75,4,45527.51339375,45309.9887153588
2024-11,2415 Special Education Teachers,80,1,45530.03513318287,45530.03513318287
2024-11,2723 Psychologists,75,13,45602.82354456019,45175.03022584491
2024-11,2723 Psychologists,80,5,45600.45442353009,45429.640995636575
2024-11,2723 Psychologists,90,2,45602.76085590278,45428.09190806713
2024-11,2723 Psychologists,85,6,45601.7931647338,45300.85757306713
2024-11,2541 Midwives,75,5,45599.69956130787,45444.80954618056
2024-11,2541 Midwives,80,4,45597.49789085648,45467.53171496528
2024-11,3341 Plumbers,65,2,45516.84079166667,45511.690620520836
2024-11,3341 Plumbers,75,3,45601.953595520834,45583.213908715275
2024-11,3341 Plumbers,70,4,45587.7584584838,45513.76625474537
2024-11,3341 Plumbers,90,1,45550.52391107639,45550.52391107639
2024-11,3991 Boat Builders and Shipwrights,90,1,45146.69927523148,45146.69927523148
2024-11,2533 Internal Medicine Specialists,75,5,45594.95177407407,45429.055763344906
2024-11,2533 Internal Medicine Specialists,80,1,45573.1538159375,45573.1538159375
2024-11,3332 Plasterers,75,1,45545.782437766204,45545.782437766204
2024-11,3334 Wall and Floor Tilers,65,3,45540.420583761574,45456.810014930554
2024-11,3334 Wall and Floor Tilers,75,1,45589.524031712965,45589.524031712965
2024-11,3334 Wall and Floor Tilers,70,5,45588.628245949076,45481.69082916666
2024-11,3334 Wall and Floor Tilers,80,2,45569.614875960644,45540.69600902778
2024-11,2112 Music Professionals,90,1,45142.56842989584,45142.56842989584
2024-11,2534 Psychiatrists,80,2,45593.71605740741,45449.90566130787
2024-11,2514 Optometrists and Orthoptists,75,2,45567.50362931713,45279.95623553241
2024-11,2514 Optometrists and Orthoptists,80,2,45570.54838622685,45545.48968032407
2024-11,2535 Surgeons,75,1,45523.71625188657,45523.71625188657
2024-11,2535 Surgeons,95,1,45587.86887160879,45587.86887160879
2024-11,2526 Podiatrists,75,4,45570.59990686343,45180.63682403935
2024-11,"2111 Actors, Dancers and Other Entertainers",90,1,45069.569507673616,45069.569507673616
2025-11,2411 Early Childhood (Pre-primary School) Teachers,95,2,45938.65153001157,45695.11218052083
2025-11,2411 Early Childhood (Pre-primary School) Teachers,90,40,45974.02248634259,45368.92717283565
2025-11,2411 Early Childhood (Pre-primary School) Teachers,85,205,45900.0105809375,45265.49157303241
2025-11,2344 Geologists Geophysicists and Hydrogeologists,90,2,45856.004303622685,45663.9125653588
2025-11,2344 Geologists Geophysicists and Hydrogeologists,85,2,45540.63637334491,45374.890254513884
2025-11,2345 Life Scientists,95,19,45956.545256944446,45310.65737233796
2025-11,2345 Life Scientists,90,54,45971.83333221065,45271.434365706016
2025-11,2345 Life Scientists,85,67,45892.88393024306,45249.61850517361
2025-11,2345 Life Scientists,110,1,45913.63348217592,45913.63348217592
2025-11,2345 Life Scientists,100,9,45958.54310616898,45731.90676119213
2025-11,2345 Life Scientists,105,3,45904.57031967593,45624.82408680556
2025-11,2341 Agricultural and Forestry Scientists,95,5,45954.692678506945,45667.69056577546
2025-11,2341 Agricultural and Forestry Scientists,90,33,45972.05605092592,45263.97629575231
2025-11,2341 Agricultural and Forestry Scientists,85,28,45879.79074976852,45260.71701790509
2025-11,2341 Agricultural and Forestry Scientists,100,1,45712.990912650464,45712.990912650464
2025-11,2341 Agricultural and Forestry Scientists,105,1,45922.894841284724,45922.894841284724
2025-11,2544 Registered Nurses,75,634,45757.5096915162,45247.66088984954
2025-11,2544 Registered Nurses,80,539,45974.30711519676,45264.47664328704
2025-11,2544 Registered Nurses,95,2,45799.91605806713,45627.512292708336
2025-11,2544 Registered Nurses,90,25,45973.98705466435,45316.7338409375
2025-11,2544 Registered Nurses,85,176,45974.30210393519,45310.79975150463
2025-11,2544 Registered Nurses,100,1,45724.94930605324,45724.94930605324
2025-11,3232 Metal Fitters and Machinists,85,2,45698.62254383102,45609.13899047454
2025-11,"2342 Chemists, and Food and Wine Scientists",95,7,45973.528066666666,45313.5172596875
2025-11,"2342 Chemists, and Food and Wine Scientists",90,50,45971.34084012732,45281.12140737269
2025-11,"2342 Chemists, and Food and Wine Scientists",85,57,45861.21333009259,45249.97249085648
2025-11,"2342 Chemists, and Food and Wine Scientists",100,3,45957.6396025463,45893.465197337966
2025-11,"2342 Chemists, and Food and Wine Scientists",105,3,45948.36118040509,45694.768561377314
2025-11,2713 Solicitors,95,2,45866.95121809028,45616.84644849537
2025-11,2713 Solicitors,90,73,45973.964816631946,45253.541134837964
2025-11,2713 Solicitors,85,88,45890.86603440972,45244.65981103009
2025-11,2331 Chemical and Materials Engineers,95,12,45973.95145821759,45328.580262268515
2025-11,2331 Chemical and Materials Engineers,90,57,45969.78391721065,45254.79771600694
2025-11,2331 Chemical and Materials Engineers,85,106,45890.978077280095,45243.84432427083
2025-11,2331 Chemical and Materials Engineers,100,2,45893.478396527775,45538.667777662034
2025-11,2331 Chemical and Materials Engineers,105,1,45310.53319876157,45310.53319876157
2025-11,3123 Electrical Engineering Draftspersons and Technicians,90,11,45733.63240744213,45270.692713888886
2025-11,3123 Electrical Engineering Draftspersons and Technicians,85,18,45891.77775115741,45246.84038657408
2025-11,2321 Architects and Landscape Architects,90,30,45972.80052596065,45457.539776238424
2025-11,2321 Architects and Landscape Architects,85,53,45881.90403005787,45456.920466006944
2025-11,2321 Architects and Landscape Architects,110,1,45735.574209108796,45735.574209108796
2025-11,2531 General Practitioners and Resident Medical officers,75,27,45757.98289980324,45274.8320159375
2025-11,2531 General Practitioners and Resident Medical officers,80,69,45973.79520934028,45341.97944340278
2025-11,2531 General Practitioners and Resident Medical officers,95,1,45337.456672685184,45337.456672685184
2025-11,2531 General Practitioners and Resident Medical officers,90,14,45970.10821334491,45308.58739027778
2025-11,2531 General Practitioners and Resident Medical officers,85,29,45973.68137534722,45579.49883607639
2025-11,2247 Management and Organisation Analysts,95,6,45946.41823043981,45477.47230949074
2025-11,2247 Management and Organisation Analysts,90,49,45973.1183596875,45270.856306712965
2025-11,2247 Management and Organisation Analysts,85,67,45891.92788981482,45252.95215046297
2025-11,2347 Veterinarians,95,3,45868.57209097222,45756.43379568287
2025-11,2347 Veterinarians,90,15,45952.09173792824,45313.597748645836
2025-11,2347 Veterinarians,85,33,45855.72118287037,45268.436250810184
2025-11,2347 Veterinarians,100,2,45924.803899502316,45635.33846987269
2025-11,2414 Secondary School Teachers,75,57,45743.70068695602,45261.05079001158
2025-11,2414 Secondary School Teachers,80,163,45974.25000512732,45274.55579100695
2025-11,2414 Secondary School Teachers,95,1,45960.89517716435,45960.89517716435
2025-11,2414 Secondary School Teachers,90,2,45952.55087071759,45428.54025972222
2025-11,2414 Secondary School Teachers,85,56,45972.998272488425,45271.53969297453
2025-11,2414 Secondary School Teachers,100,1,45903.45545390046,45903.45545390046
2025-11,1341 Child Care Centre Managers,75,1,45294.34077523148,45294.34077523148
2025-11,1341 Child Care Centre Managers,80,1,45546.53739297454,45546.53739297454
2025-11,"2241 Actuaries, Mathematicians and Statisticians",95,10,45972.66390636574,45324.62799278935
2025-11,"2241 Actuaries, Mathematicians and Statisticians",90,98,45973.987366898145,45251.626502743056
2025-11,"2241 Actuaries, Mathematicians and Statisticians",85,79,45884.51782407407,45244.56894212963
2025-11,"2241 Actuaries, Mathematicians and Statisticians",100,1,45644.70237283565,45644.70237283565
2025-11,3331 Glaziers,65,3,45944.81770327546,45643.76932688657
2025-11,3331 Glaziers,75,1,45841.86281759259,45841.86281759259
2025-11,3331 Glaziers,70,2,45644.75556076389,45643.77919424768
2025-11,2633 Telecommunications Engineering Professionals,95,17,45970.40670740741,45265.79405590278
2025-11,2633 Telecommunications Engineering Professionals,90,9,45648.94284221065,45264.59055628472
2025-11,2633 Telecommunications Engineering Professionals,100,3,45973.84110127315,45783.82340949074
2025-11,1332 Engineering Managers,95,1,45974.06031049768,45974.06031049768
2025-11,1332 Engineering Managers,90,1,45944.74957855324,45944.74957855324
2025-11,1332 Engineering Managers,85,18,45887.660128854164,45257.94077569444
2025-11,3122 Civil Engineering Draftspersons and Technicians,95,6,45970.03049262732,45755.35118510417
2025-11,3122 Civil Engineering Draftspersons and Technicians,90,39,45971.66346658565,45544.487269907404
2025-11,3122 Civil Engineering Draftspersons and Technicians,85,128,45886.987524421296,45270.50971813657
2025-11,1399 Other Specialist Managers,95,2,45833.43223788195,45408.46118329861
2025-11,1399 Other Specialist Managers,90,7,45890.54717924769,45296.65903700232
2025-11,1399 Other Specialist Managers,85,7,45833.02720917824,45392.19545917824
2025-11,2322 Cartographers and Surveyors,95,3,45910.781241516204,45711.663990706016
2025-11,2322 Cartographers and Surveyors,90,10,45923.66373472222,45317.68070478009
2025-11,2322 Cartographers and Surveyors,85,18,45891.36808626157,45273.77473020833
2025-11,2322 Cartographers and Surveyors,100,1,45968.68935390047,45968.68935390047
2025-11,2245 Land Economists and Valuers,90,2,45916.87189135417,45441.780329710644
2025-11,2245 Land Economists and Valuers,85,16,45880.9907127662,45309.029567708334
2025-11,2336 Mining Engineers,95,2,45505.97181142361,45359.860930208335
2025-11,2336 Mining Engineers,90,14,45972.48868275463,45402.65816716435
2025-11,2336 Mining Engineers,85,22,45877.524800150466,45332.73299675926
2025-11,2336 Mining Engineers,100,1,45950.79413329861,45950.79413329861
2025-11,2612 Multimedia Specialists and Web Developers,95,19,45968.54224108796,45418.83884586806
2025-11,2612 Multimedia Specialists and Web Developers,90,14,45651.88007962963,45281.05077901621
2025-11,2612 Multimedia Specialists and Web Developers,100,1,45761.84198935185,45761.84198935185
2025-11,3223 Structural Steel and Welding Trades Workers,95,1,45516.72042855324,45516.72042855324
2025-11,3223 Structural Steel and Welding Trades Workers,90,1,45583.62214806713,45583.62214806713
2025-11,3223 Structural Steel and Welding Trades Workers,85,5,45813.74701508102,45608.68929001158
2025-11,2349 Other Natural and Physical Science Professionals,95,4,45908.24270697917,45513.590466284724
2025-11,2349 Other Natural and Physical Science Professionals,90,8,45969.71704212963,45352.466177696755
2025-11,2349 Other Natural and Physical Science Professionals,85,11,45849.79118194444,45294.97989459491
2025-11,2349 Other Natural and Physical Science Professionals,115,1,45749.01573414352,45749.01573414352
2025-11,1331 Construction Managers,95,3,45974.19406061343,45637.9358900463
2025-11,1331 Construction Managers,90,18,45971.71323440972,45543.06038761574
2025-11,1331 Construction Managers,85,57,45891.05113232639,45455.606253391205
2025-11,2343 Environmental Scientists,95,16,45968.526850462964,45541.646065243054
2025-11,2343 Environmental Scientists,90,42,45953.410434641206,45306.69209725694
2025-11,2343 Environmental Scientists,85,38,45891.919923298614,45244.49838822917
2025-11,2343 Environmental Scientists,100,1,45715.76190520833,45715.76190520833
2025-11,2711 Barristers,90,2,45944.44963376157,45603.4515420949
2025-11,3132 Telecommunications Technical Specialists,95,2,45832.71142523148,45669.84200590278
2025-11,3132 Telecommunications Technical Specialists,90,2,45660.839062847226,45260.82703298611
2025-11,3312 Carpenters and Joiners,65,140,45965.82505706018,45334.624536655094
2025-11,3312 Carpenters and Joiners,75,42,45973.65630065972,45545.49827581018
2025-11,3312 Carpenters and Joiners,70,120,45973.92267369213,45512.67366871527
2025-11,3312 Carpenters and Joiners,80,27,45974.082074618054,45600.75397346065
2025-11,3312 Carpenters and Joiners,90,1,45971.73931597222,45971.73931597222
2025-11,3312 Carpenters and Joiners,85,3,45974.312135451386,45708.64785825231
2025-11,2725 Social Workers,75,44,45730.6878181713,45282.013521875
2025-11,2725 Social Workers,80,161,45974.33892376158,45271.56146103009
2025-11,2725 Social Workers,95,1,45742.70560836806,45742.70560836806
2025-11,2725 Social Workers,90,16,45974.34764583333,45334.51604768519
2025-11,2725 Social Workers,85,62,45973.87497653935,45337.67771377315
2025-11,3322 Painting Trades Workers,75,39,45973.88616855324,45605.85498877315
2025-11,3322 Painting Trades Workers,70,35,45842.74554533565,45503.695099965276
2025-11,3322 Painting Trades Workers,80,13,45973.46816982639,45644.833643784725
2025-11,3322 Painting Trades Workers,90,1,45939.90017612268,45939.90017612268
2025-11,3322 Painting Trades Workers,85,2,45847.725524340276,45712.506489155094
2025-11,3423 Electronics Trades Workers,90,1,45873.88434679398,45873.88434679398
2025-11,3423 Electronics Trades Workers,85,7,45781.661775960645,45320.82213842592
2025-11,3423 Electronics Trades Workers,110,1,45734.61622777778,45734.61622777778
2025-11,2521 Chiropractors and Osteopaths,85,1,45867.53747369213,45867.53747369213
2025-11,2243 Economists,95,1,45433.70388645833,45433.70388645833
2025-11,2243 Economists,90,6,45932.48218943287,45514.81815613426
2025-11,2243 Economists,85,13,45869.14924236111,45246.666166469906
2025-11,3311 Bricklayers and Stonemasons,65,23,45968.55985810185,45540.79769166667
2025-11,3311 Bricklayers and Stonemasons,75,7,45955.79359822917,45512.74914753472
2025-11,3311 Bricklayers and Stonemasons,70,10,45968.696819363424,45603.438350462966
2025-11,3311 Bricklayers and Stonemasons,80,1,45944.90259189815,45944.90259189815
2025-11,3311 Bricklayers and Stonemasons,90,1,45709.42906616898,45709.42906616898
2025-11,3311 Bricklayers and Stonemasons,85,1,45953.97997728009,45953.97997728009
2025-11,1342 Health and Welfare Services Managers,90,2,45551.82320277778,45540.58291412037
2025-11,1342 Health and Welfare Services Managers,85,1,45783.5596653588,45783.5596653588
2025-11,2539 Other Medical Practitioners,75,18,45754.5037033912,45313.13687079861
2025-11,2539 Other Medical Practitioners,80,61,45973.859961145834,45512.731931215276
2025-11,2539 Other Medical Practitioners,95,2,45934.47445601852,45921.71406570602
2025-11,2539 Other Medical Practitioners,90,10,45952.07046952546,45543.69025709491
2025-11,2539 Other Medical Practitioners,85,29,45972.978645717594,45604.69557696759
2025-11,3411 Electricians,65,23,45966.329036111114,45541.77373059028
2025-11,3411 Electricians,75,14,45972.746708715276,45561.671743900464
2025-11,3411 Electricians,70,15,45973.41067291667,45631.80063672454
2025-11,3411 Electricians,80,4,45972.80486936343,45881.86709140046
2025-11,2525 Physiotherapists,75,44,45742.81631728009,45299.66519085648
2025-11,2525 Physiotherapists,80,51,45973.911720219905,45324.80223622685
2025-11,2525 Physiotherapists,90,4,45972.85564313657,45564.926595868055
2025-11,2525 Physiotherapists,85,17,45971.62074424769,45438.64629806713
2025-11,2512 Medical Imaging Professionals,75,17,45729.61079502315,45295.50095381944
2025-11,2512 Medical Imaging Professionals,80,12,45936.85147260417,45456.50023761574
2025-11,2512 Medical Imaging Professionals,95,4,45783.43756238426,45298.82767384259
2025-11,2512 Medical Imaging Professionals,90,7,45935.742057986114,45776.94477048611
2025-11,2512 Medical Imaging Professionals,85,10,45894.38415528935,45649.79967662037
2025-11,"4523 Sports Coaches, Instructors and Officials",90,1,45821.54528052083,45821.54528052083
2025-11,"4523 Sports Coaches, Instructors and Officials",85,1,45640.865422916664,45640.865422916664
2025-11,2527 Speech Professionals and Audiologists,75,15,45749.923555127316,45334.65168753472
2025-11,2527 Speech Professionals and Audiologists,80,10,45974.0917465625,45344.90144771991
2025-11,2527 Speech Professionals and Audiologists,90,2,45928.87583275463,45691.79645335648
2025-11,2527 Speech Professionals and Audiologists,85,3,45931.309552858795,45632.57308457176
2025-11,2524 Occupational Therapists,75,33,45749.701184606485,45281.85201084491
2025-11,2524 Occupational Therapists,80,24,45959.73262141204,45415.64481373843
2025-11,2524 Occupational Therapists,90,5,45937.4844681713,45623.797840706015
2025-11,2524 Occupational Therapists,85,9,45967.59849579861,45604.67029383102
2025-11,2346 Medical Laboratory Scientists,95,2,45971.2022212963,45692.64342175926
2025-11,2346 Medical Laboratory Scientists,90,5,45974.325931053245,45632.606665625004
2025-11,2346 Medical Laboratory Scientists,85,11,45860.58375138889,45622.74140100695
2025-11,2346 Medical Laboratory Scientists,100,1,45738.429933252315,45738.429933252315
2025-11,2415 Special Education Teachers,75,3,45509.586891238425,45357.713473958334
2025-11,2415 Special Education Teachers,80,1,45930.988442939815,45930.988442939815
2025-11,2723 Psychologists,75,3,45739.864027118056,45677.74093475695
2025-11,2723 Psychologists,80,26,45973.764990972224,45278.42569684028
2025-11,2723 Psychologists,95,1,45573.482724305555,45573.482724305555
2025-11,2723 Psychologists,90,2,45901.937874537034,45668.683554166666
2025-11,2723 Psychologists,85,9,45971.52084528935,45624.58742511574
2025-11,2541 Midwives,75,2,45538.453994131945,45379.57089189815
2025-11,2541 Midwives,80,10,45952.50961689815,45371.40026628472
2025-11,2541 Midwives,85,3,45973.7498025463,45758.03449791667
2025-11,3341 Plumbers,65,19,45943.52710165509,45566.70122418982
2025-11,3341 Plumbers,75,6,45974.099113923614,45760.92682769676
2025-11,3341 Plumbers,70,12,45974.35990509259,45644.70499278935
2025-11,3341 Plumbers,80,5,45938.90570038195,45634.18869548611
2025-11,3341 Plumbers,95,1,45899.02118888889,45899.02118888889
2025-11,3341 Plumbers,85,2,45765.26180355324,45646.467585300925
2025-11,3991 Boat Builders and Shipwrights,90,1,45671.69912986111,45671.69912986111
2025-11,2533 Internal Medicine Specialists,80,9,45927.955298761575,45537.63202827546
2025-11,2533 Internal Medicine Specialists,90,2,45723.93744618056,45659.06237673611
2025-11,3332 Plasterers,65,2,45903.02903237269,45547.025253125
2025-11,3334 Wall and Floor Tilers,65,27,45960.50186365741,45525.99121828704
2025-11,3334 Wall and Floor Tilers,75,2,45933.677537118056,45616.63890038194
2025-11,3334 Wall and Floor Tilers,70,9,45954.68530795139,45576.82630231482
2025-11,3211 Automotive Electricians,85,1,45387.38418136574,45387.38418136574
2025-11,2534 Psychiatrists,75,1,45720.607917974536,45720.607917974536
2025-11,2534 Psychiatrists,80,2,45777.30400917824,45755.88628900463
2025-11,2534 Psychiatrists,85,1,45767.88348758102,45767.88348758102
2025-11,2514 Optometrists and Orthoptists,75,1,45351.6464934838,45351.6464934838
2025-11,2514 Optometrists and Orthoptists,80,1,45960.56926484954,45960.56926484954
2025-11,2535 Surgeons,75,1,45327.9687253125,45327.9687253125
2025-11,2535 Surgeons,80,1,45914.91133495371,45914.91133495371
2025-11,2535 Surgeons,85,1,45710.808995405096,45710.808995405096
2025-11,2526 Podiatrists,75,3,45715.56485138889,45631.56282658565
2025-11,2526 Podiatrists,80,1,45567.2283962963,45567.2283962963
